scientificName,decimalLatitude,decimalLongitude,dataset_id,date,aphiaID
Carcinus maenas,43.674,-70.25,1fcedb90-b2ea-4476-8faf-f2ff5964ac58,1999,107381
Carcinus maenas,45.078183,-67.095567,83040ea6-0e87-4e4e-937d-1b826349c464,2021,107381
Carcinus maenas,45.062083,-66.732933,56f7bb50-8b87-48cc-815d-379780b0f5b0,2018,107381
Carcinus maenas,42.419543,-70.90718,9d629feb-ba03-4a83-908c-794d94d30531,2021,107381
Carcinus maenas,44.9062004089,-66.9841003418,4da23d30-af8d-48f3-977a-4e24394e2e8c,2005,107381
Carcinus maenas,45.082517,-67.096267,83040ea6-0e87-4e4e-937d-1b826349c464,2020,107381
Carcinus maenas,45.049517,-66.782067,56f7bb50-8b87-48cc-815d-379780b0f5b0,2018,107381
Carcinus maenas,44.37394,-68.55891,0c59dc30-4b06-4572-addc-155042f81fd0,2010,107381
Carcinus maenas,42.0,-70.5999984741,89e23fc8-3f61-4480-9de3-358fe6eefe0b,1964,107381
Carcinus maenas,45.062083,-66.732933,03a59000-2c24-439d-abae-050033362528,2018,107381
Carcinus maenas,45.050267,-66.780783,56f7bb50-8b87-48cc-815d-379780b0f5b0,2018,107381
Carcinus maenas,42.58106,-70.66467,0c59dc30-4b06-4572-addc-155042f81fd0,2010,107381
Carcinus maenas,43.72,-70.11,1fcedb90-b2ea-4476-8faf-f2ff5964ac58,1999,107381
Carcinus maenas,42.5766983032,-70.7376022339,b42bc9f6-efc5-4cfd-b6a8-3c97b0a1be46,2007,107381
Carcinus maenas,43.6512,-70.2282,1fcedb90-b2ea-4476-8faf-f2ff5964ac58,1976,107381
Carcinus maenas,44.8706,-67.1492,0c59dc30-4b06-4572-addc-155042f81fd0,2007,107381
Carcinus maenas,45.2174,-65.9519,a9624ba0-d7cc-4e60-bfd9-ce40817fdbc6,2025,107381
Carcinus maenas,45.029483,-67.0048,56f7bb50-8b87-48cc-815d-379780b0f5b0,2018,107381
Carcinus maenas,42.5766983032,-70.7376022339,1618356f-0f62-4cbb-9252-005120e31fb0,2009,107381
Carcinus maenas,45.1571,-66.2303,a9624ba0-d7cc-4e60-bfd9-ce40817fdbc6,2025,107381
Carcinus maenas,42.6931686401,-70.6307373047,aefc0943-90a0-4b2b-9689-3d88711d945a,2003,107381
Carcinus maenas,43.6467,-70.225,1fcedb90-b2ea-4476-8faf-f2ff5964ac58,1992,107381
Carcinus maenas,45.078967,-67.096017,83040ea6-0e87-4e4e-937d-1b826349c464,2019,107381
Carcinus maenas,41.7958984375,-69.9468994141,1618356f-0f62-4cbb-9252-005120e31fb0,2009,107381
Carcinus maenas,43.6623001099,-70.2431411743,4da23d30-af8d-48f3-977a-4e24394e2e8c,2003,107381
Carcinus maenas,44.95272,-66.92846,2a9b0eb5-8000-44e9-b985-be11c228e343,2005,107381
Carcinus maenas,44.9396,-66.838983,83040ea6-0e87-4e4e-937d-1b826349c464,2020,107381
Carcinus maenas,43.320098877,-70.5634994507,1618356f-0f62-4cbb-9252-005120e31fb0,2008,107381
Carcinus maenas,43.6512,-70.2282,1fcedb90-b2ea-4476-8faf-f2ff5964ac58,1979,107381
Carcinus maenas,43.651,-70.2241,1fcedb90-b2ea-4476-8faf-f2ff5964ac58,1980,107381
Carcinus maenas,43.55,-70.28,1fcedb90-b2ea-4476-8faf-f2ff5964ac58,1984,107381
Carcinus maenas,42.5463485718,-70.8554992676,b42bc9f6-efc5-4cfd-b6a8-3c97b0a1be46,2007,107381
Carcinus maenas,44.37394,-68.55891,0c59dc30-4b06-4572-addc-155042f81fd0,2010,107381
Carcinus maenas,45.0853,-67.0988,83040ea6-0e87-4e4e-937d-1b826349c464,2020,107381
Carcinus maenas,44.4480003525084,-68.3059492975742,d4091591-a085-4cfa-9734-5f0ecf5564a8,2000,107381
Carcinus maenas,45.2174,-65.9519,a9624ba0-d7cc-4e60-bfd9-ce40817fdbc6,2022,107381
Carcinus maenas,43.0580406189,-70.7277984619,4da23d30-af8d-48f3-977a-4e24394e2e8c,2007,107381
Carcinus maenas,45.086517,-67.100067,83040ea6-0e87-4e4e-937d-1b826349c464,2019,107381
Carcinus maenas,45.082517,-67.096267,83040ea6-0e87-4e4e-937d-1b826349c464,2020,107381
Carcinus maenas,43.5,-70.3,1fcedb90-b2ea-4476-8faf-f2ff5964ac58,1973,107381
Carcinus maenas,44.878583,-66.9656,56f7bb50-8b87-48cc-815d-379780b0f5b0,2018,107381
Carcinus maenas,45.062083,-66.732933,56f7bb50-8b87-48cc-815d-379780b0f5b0,2018,107381
Carcinus maenas,42.5213317871,-70.8818206787,b42bc9f6-efc5-4cfd-b6a8-3c97b0a1be46,2007,107381
Carcinus maenas,45.07958,-67.09731,83040ea6-0e87-4e4e-937d-1b826349c464,2021,107381
Carcinus maenas,43.8209381104,-70.1052932739,4da23d30-af8d-48f3-977a-4e24394e2e8c,2007,107381
Carcinus maenas,44.0,-69.6669998169,e7c86904-aac7-4a17-a895-99a54c430d80,1964,107381
Carcinus maenas,41.8348999023,-69.9726028442,b42bc9f6-efc5-4cfd-b6a8-3c97b0a1be46,2007,107381
Carcinus maenas,45.030467,-67.007183,03a59000-2c24-439d-abae-050033362528,2018,107381
Carcinus maenas,44.9424,-66.8518,83040ea6-0e87-4e4e-937d-1b826349c464,2019,107381
Carcinus maenas,42.5213317871,-70.8818206787,b42bc9f6-efc5-4cfd-b6a8-3c97b0a1be46,2007,107381
Carcinus maenas,42.2494316101,-70.9733810425,4da23d30-af8d-48f3-977a-4e24394e2e8c,2000,107381
Carcinus maenas,41.771068573,-70.5023727417,4da23d30-af8d-48f3-977a-4e24394e2e8c,2007,107381
Carcinus maenas,43.6467,-70.225,1fcedb90-b2ea-4476-8faf-f2ff5964ac58,1981,107381
Carcinus maenas,45.003306,-66.912944,0c59dc30-4b06-4572-addc-155042f81fd0,2007,107381
Carcinus maenas,45.1571,-66.2303,a9624ba0-d7cc-4e60-bfd9-ce40817fdbc6,2025,107381
Carcinus maenas,43.6495780945,-70.2308807373,4da23d30-af8d-48f3-977a-4e24394e2e8c,2003,107381
Carcinus maenas,42.5463485718,-70.8554992676,b42bc9f6-efc5-4cfd-b6a8-3c97b0a1be46,2007,107381
Carcinus maenas,42.420889,-70.906416,9d629feb-ba03-4a83-908c-794d94d30531,2015,107381
Carcinus maenas,42.5766983032,-70.7376022339,1618356f-0f62-4cbb-9252-005120e31fb0,2009,107381
Carcinus maenas,44.37394,-68.55891,0c59dc30-4b06-4572-addc-155042f81fd0,2010,107381
Carcinus maenas,43.6958352248431,-70.2068504437813,d4091591-a085-4cfa-9734-5f0ecf5564a8,2015,107381
Carcinus maenas,42.5402984619,-70.8862991333,1618356f-0f62-4cbb-9252-005120e31fb0,2009,107381
Carcinus maenas,43.643,-70.226,1fcedb90-b2ea-4476-8faf-f2ff5964ac58,1982,107381
Carcinus maenas,45.077033,-67.095867,83040ea6-0e87-4e4e-937d-1b826349c464,2021,107381
Carcinus maenas,45.03932,-66.88913,a9624ba0-d7cc-4e60-bfd9-ce40817fdbc6,2023,107381
Carcinus maenas,43.320098877,-70.5634994507,1618356f-0f62-4cbb-9252-005120e31fb0,2008,107381
Carcinus maenas,44.9424,-66.8518,83040ea6-0e87-4e4e-937d-1b826349c464,2019,107381
Carcinus maenas,43.561,-70.219,1fcedb90-b2ea-4476-8faf-f2ff5964ac58,1972,107381
Carcinus maenas,41.8087005615,-69.9529037476,b42bc9f6-efc5-4cfd-b6a8-3c97b0a1be46,2007,107381
Carcinus maenas,44.8706388889,-67.1494444444,0c59dc30-4b06-4572-addc-155042f81fd0,2008,107381
Carcinus maenas,44.878683,-66.968867,03a59000-2c24-439d-abae-050033362528,2018,107381
Carcinus maenas,44.3873402958388,-68.4102505779775,d4091591-a085-4cfa-9734-5f0ecf5564a8,2012,107381
Carcinus maenas,43.717,-70.136,1fcedb90-b2ea-4476-8faf-f2ff5964ac58,2001,107381
Carcinus maenas,42.5402984619,-70.8862991333,b42bc9f6-efc5-4cfd-b6a8-3c97b0a1be46,2007,107381
Carcinus maenas,41.8348999023,-69.9726028442,b42bc9f6-efc5-4cfd-b6a8-3c97b0a1be46,2007,107381
Carcinus maenas,44.878683,-66.968867,03a59000-2c24-439d-abae-050033362528,2018,107381
Carcinus maenas,42.5463485718,-70.8554992676,b42bc9f6-efc5-4cfd-b6a8-3c97b0a1be46,2007,107381
Carcinus maenas,44.879083,-66.966733,03a59000-2c24-439d-abae-050033362528,2018,107381
Carcinus maenas,45.078183,-67.095567,83040ea6-0e87-4e4e-937d-1b826349c464,2021,107381
Carcinus maenas,45.03932,-66.88913,a9624ba0-d7cc-4e60-bfd9-ce40817fdbc6,2025,107381
Carcinus maenas,42.5402984619,-70.8862991333,1618356f-0f62-4cbb-9252-005120e31fb0,2009,107381
Carcinus maenas,45.1571,-66.2303,a9624ba0-d7cc-4e60-bfd9-ce40817fdbc6,2024,107381
Carcinus maenas,43.561,-70.219,1fcedb90-b2ea-4476-8faf-f2ff5964ac58,1991,107381
Carcinus maenas,41.8348999023,-69.9726028442,b42bc9f6-efc5-4cfd-b6a8-3c97b0a1be46,2007,107381
Carcinus maenas,43.7816251104936,-70.0213854547424,d4091591-a085-4cfa-9734-5f0ecf5564a8,2014,107381
Carcinus maenas,45.03932,-66.88913,a9624ba0-d7cc-4e60-bfd9-ce40817fdbc6,2025,107381
Carcinus maenas,45.1571,-66.2303,a9624ba0-d7cc-4e60-bfd9-ce40817fdbc6,2022,107381
Carcinus maenas,43.1344985962,-70.6473999023,1618356f-0f62-4cbb-9252-005120e31fb0,2008,107381
Carcinus maenas,45.2174,-65.9519,a9624ba0-d7cc-4e60-bfd9-ce40817fdbc6,2024,107381
Carcinus maenas,42.7045631409,-70.7702560425,1618356f-0f62-4cbb-9252-005120e31fb0,2009,107381
Carcinus maenas,42.3432922363,-71.0349655151,1618356f-0f62-4cbb-9252-005120e31fb0,2009,107381
Carcinus maenas,42.3112983704,-71.0400390625,1618356f-0f62-4cbb-9252-005120e31fb0,2009,107381
Carcinus maenas,43.320098877,-70.5634994507,1618356f-0f62-4cbb-9252-005120e31fb0,2009,107381
Carcinus maenas,41.8087005615,-69.9529037476,1618356f-0f62-4cbb-9252-005120e31fb0,2008,107381
Carcinus maenas,45.0749,-67.0925,83040ea6-0e87-4e4e-937d-1b826349c464,2021,107381
Carcinus maenas,45.03932,-66.88913,a9624ba0-d7cc-4e60-bfd9-ce40817fdbc6,2024,107381
Carcinus maenas,45.2174,-65.9519,a9624ba0-d7cc-4e60-bfd9-ce40817fdbc6,2024,107381
Carcinus maenas,43.04584,-70.71336,0c59dc30-4b06-4572-addc-155042f81fd0,2010,107381
Carcinus maenas,44.3839502120807,-68.5356005426705,d4091591-a085-4cfa-9734-5f0ecf5564a8,2010,107381
Carcinus maenas,41.8348999023,-69.9726028442,b42bc9f6-efc5-4cfd-b6a8-3c97b0a1be46,2007,107381
Carcinus maenas,41.8348999023,-69.9726028442,b42bc9f6-efc5-4cfd-b6a8-3c97b0a1be46,2007,107381
Carcinus maenas,45.2174,-65.9519,a9624ba0-d7cc-4e60-bfd9-ce40817fdbc6,2021,107381
Carcinus maenas,43.320098877,-70.5634994507,1618356f-0f62-4cbb-9252-005120e31fb0,2008,107381
Carcinus maenas,43.44,-70.348,1fcedb90-b2ea-4476-8faf-f2ff5964ac58,1973,107381
Carcinus maenas,42.5211181641,-70.8809814453,b42bc9f6-efc5-4cfd-b6a8-3c97b0a1be46,2007,107381
Carcinus maenas,41.7958984375,-69.9468994141,1618356f-0f62-4cbb-9252-005120e31fb0,2008,107381
Carcinus maenas,42.5276985168,-70.8663024902,1618356f-0f62-4cbb-9252-005120e31fb0,2009,107381
Carcinus maenas,43.44,-70.348,1fcedb90-b2ea-4476-8faf-f2ff5964ac58,1979,107381
Carcinus maenas,42.5004005432,-70.8382034302,b42bc9f6-efc5-4cfd-b6a8-3c97b0a1be46,2007,107381
Carcinus maenas,41.8087005615,-69.9529037476,b42bc9f6-efc5-4cfd-b6a8-3c97b0a1be46,2007,107381
Carcinus maenas,43.651,-70.2241,1fcedb90-b2ea-4476-8faf-f2ff5964ac58,1981,107381
Carcinus maenas,45.07958,-67.09731,83040ea6-0e87-4e4e-937d-1b826349c464,2021,107381
Carcinus maenas,44.3878452446358,-68.4077205549307,d4091591-a085-4cfa-9734-5f0ecf5564a8,2012,107381
Carcinus maenas,43.4453010559,-70.3398971558,1618356f-0f62-4cbb-9252-005120e31fb0,2008,107381
Carcinus maenas,44.2094802856,-69.0612869263,4da23d30-af8d-48f3-977a-4e24394e2e8c,2007,107381
Carcinus maenas,45.0033888889,-66.9129166667,0c59dc30-4b06-4572-addc-155042f81fd0,2008,107381
Carcinus maenas,45.081717,-67.096533,83040ea6-0e87-4e4e-937d-1b826349c464,2019,107381
Carcinus maenas,43.643,-70.226,1fcedb90-b2ea-4476-8faf-f2ff5964ac58,1999,107381
Carcinus maenas,45.07958,-67.09731,83040ea6-0e87-4e4e-937d-1b826349c464,2021,107381
Carcinus maenas,42.5211181641,-70.8809814453,b42bc9f6-efc5-4cfd-b6a8-3c97b0a1be46,2007,107381
Carcinus maenas,42.3633995056,-71.0341033936,1618356f-0f62-4cbb-9252-005120e31fb0,2009,107381
Carcinus maenas,45.003333,-66.9131,ce1d93f3-8b0f-4ee7-9a4d-0393a6ec7fea,2007,107381
Carcinus maenas,41.8087005615,-69.9529037476,b42bc9f6-efc5-4cfd-b6a8-3c97b0a1be46,2007,107381
Carcinus maenas,45.2174,-65.9519,a9624ba0-d7cc-4e60-bfd9-ce40817fdbc6,2022,107381
Carcinus maenas,42.41718,-70.90739,9d629feb-ba03-4a83-908c-794d94d30531,2018,107381
Carcinus maenas,43.643,-70.226,1fcedb90-b2ea-4476-8faf-f2ff5964ac58,1983,107381
Carcinus maenas,42.5276985168,-70.8663024902,1618356f-0f62-4cbb-9252-005120e31fb0,2008,107381
Carcinus maenas,43.8333282471,-65.9333267212,56e46fd2-6162-4677-af50-9410fe08f834,1963,107381
Carcinus maenas,45.07958,-67.09731,83040ea6-0e87-4e4e-937d-1b826349c464,2021,107381
Carcinus maenas,43.4860353906371,-70.3348697996855,d4091591-a085-4cfa-9734-5f0ecf5564a8,2017,107381
Carcinus maenas,45.029617,-67.006667,56f7bb50-8b87-48cc-815d-379780b0f5b0,2018,107381
Carcinus maenas,43.6623001099,-70.2431411743,4da23d30-af8d-48f3-977a-4e24394e2e8c,2003,107381
Carcinus maenas,44.37394,-68.55891,0c59dc30-4b06-4572-addc-155042f81fd0,2010,107381
Carcinus maenas,41.8348999023,-69.9726028442,b42bc9f6-efc5-4cfd-b6a8-3c97b0a1be46,2007,107381
Carcinus maenas,41.8348999023,-69.9726028442,b42bc9f6-efc5-4cfd-b6a8-3c97b0a1be46,2007,107381
Carcinus maenas,42.1744995117,-70.7147979736,1618356f-0f62-4cbb-9252-005120e31fb0,2008,107381
Carcinus maenas,45.1571,-66.2303,a9624ba0-d7cc-4e60-bfd9-ce40817fdbc6,2022,107381
Carcinus maenas,42.160900116,-70.7072982788,1618356f-0f62-4cbb-9252-005120e31fb0,2009,107381
Carcinus maenas,45.1333312988,-64.3833312988,56e46fd2-6162-4677-af50-9410fe08f834,1999,107381
Carcinus maenas,43.717,-70.136,1fcedb90-b2ea-4476-8faf-f2ff5964ac58,2001,107381
Carcinus maenas,45.067983,-66.719483,56f7bb50-8b87-48cc-815d-379780b0f5b0,2018,107381
Carcinus maenas,42.5004005432,-70.8382034302,1618356f-0f62-4cbb-9252-005120e31fb0,2009,107381
Carcinus maenas,45.03932,-66.88913,a9624ba0-d7cc-4e60-bfd9-ce40817fdbc6,2024,107381
Carcinus maenas,43.6504020691,-70.2289657593,1618356f-0f62-4cbb-9252-005120e31fb0,2009,107381
Carcinus maenas,45.067983,-66.719483,56f7bb50-8b87-48cc-815d-379780b0f5b0,2018,107381
Carcinus maenas,44.3129101277409,-68.9258652779864,d4091591-a085-4cfa-9734-5f0ecf5564a8,2015,107381
Carcinus maenas,41.6669998169,-69.9499969482,89e23fc8-3f61-4480-9de3-358fe6eefe0b,1960,107381
Carcinus maenas,42.0946006775,-70.6470031738,1618356f-0f62-4cbb-9252-005120e31fb0,2008,107381
Carcinus maenas,45.1571,-66.2303,a9624ba0-d7cc-4e60-bfd9-ce40817fdbc6,2024,107381
Carcinus maenas,43.4453010559,-70.3398971558,1618356f-0f62-4cbb-9252-005120e31fb0,2009,107381
Carcinus maenas,43.3451004028,-70.4916000366,1618356f-0f62-4cbb-9252-005120e31fb0,2008,107381
Carcinus maenas,45.2174,-65.9519,a9624ba0-d7cc-4e60-bfd9-ce40817fdbc6,2024,107381
Carcinus maenas,44.3824700226181,-68.4506552313567,d4091591-a085-4cfa-9734-5f0ecf5564a8,2012,107381
Carcinus maenas,45.050267,-66.780783,56f7bb50-8b87-48cc-815d-379780b0f5b0,2018,107381
Carcinus maenas,43.1344985962,-70.6473999023,1618356f-0f62-4cbb-9252-005120e31fb0,2009,107381
Carcinus maenas,45.03932,-66.88913,a9624ba0-d7cc-4e60-bfd9-ce40817fdbc6,2025,107381
Carcinus maenas,44.878683,-66.968867,56f7bb50-8b87-48cc-815d-379780b0f5b0,2018,107381
Carcinus maenas,45.1571,-66.2303,a9624ba0-d7cc-4e60-bfd9-ce40817fdbc6,2025,107381
Carcinus maenas,42.58106,-70.66467,0c59dc30-4b06-4572-addc-155042f81fd0,2010,107381
Carcinus maenas,42.1744995117,-70.7147979736,1618356f-0f62-4cbb-9252-005120e31fb0,2009,107381
Carcinus maenas,42.706029,-70.815811,9d629feb-ba03-4a83-908c-794d94d30531,2012,107381
Carcinus maenas,45.1571,-66.2303,a9624ba0-d7cc-4e60-bfd9-ce40817fdbc6,2022,107381
Carcinus maenas,45.1571,-66.2303,a9624ba0-d7cc-4e60-bfd9-ce40817fdbc6,2024,107381
Carcinus maenas,45.050267,-66.780783,56f7bb50-8b87-48cc-815d-379780b0f5b0,2018,107381
Carcinus maenas,42.613117218,-70.6524734497,1618356f-0f62-4cbb-9252-005120e31fb0,2009,107381
Carcinus maenas,43.561,-70.219,1fcedb90-b2ea-4476-8faf-f2ff5964ac58,1973,107381
Carcinus maenas,45.0749,-67.0925,83040ea6-0e87-4e4e-937d-1b826349c464,2021,107381
Carcinus maenas,43.674,-70.25,1fcedb90-b2ea-4476-8faf-f2ff5964ac58,2001,107381
Carcinus maenas,44.940617,-66.841983,83040ea6-0e87-4e4e-937d-1b826349c464,2020,107381
Carcinus maenas,45.062083,-66.732933,56f7bb50-8b87-48cc-815d-379780b0f5b0,2018,107381
Carcinus maenas,44.5963851580832,-67.4429903477462,d4091591-a085-4cfa-9734-5f0ecf5564a8,2016,107381
Carcinus maenas,45.2174,-65.9519,a9624ba0-d7cc-4e60-bfd9-ce40817fdbc6,2022,107381
Carcinus maenas,45.1571,-66.2303,a9624ba0-d7cc-4e60-bfd9-ce40817fdbc6,2022,107381
Carcinus maenas,43.34,-70.47,1fcedb90-b2ea-4476-8faf-f2ff5964ac58,1991,107381
Carcinus maenas,45.078967,-67.096017,83040ea6-0e87-4e4e-937d-1b826349c464,2019,107381
Carcinus maenas,42.3432502747,-71.0350036621,4da23d30-af8d-48f3-977a-4e24394e2e8c,2000,107381
Carcinus maenas,42.5463485718,-70.8554992676,b42bc9f6-efc5-4cfd-b6a8-3c97b0a1be46,2008,107381
Carcinus maenas,43.8361091614,-69.506942749,d701f5e8-c817-4a17-840b-729510a111ce,2005,107381
Carcinus maenas,45.07958,-67.09731,83040ea6-0e87-4e4e-937d-1b826349c464,2021,107381
Carcinus maenas,45.2174,-65.9519,a9624ba0-d7cc-4e60-bfd9-ce40817fdbc6,2023,107381
Carcinus maenas,45.067983,-66.719483,56f7bb50-8b87-48cc-815d-379780b0f5b0,2018,107381
Carcinus maenas,45.062083,-66.732933,56f7bb50-8b87-48cc-815d-379780b0f5b0,2018,107381
Carcinus maenas,42.5004005432,-70.8382034302,b42bc9f6-efc5-4cfd-b6a8-3c97b0a1be46,2007,107381
Carcinus maenas,45.1571,-66.2303,a9624ba0-d7cc-4e60-bfd9-ce40817fdbc6,2023,107381
Carcinus maenas,42.5213317871,-70.8818206787,b42bc9f6-efc5-4cfd-b6a8-3c97b0a1be46,2007,107381
Carcinus maenas,45.2174,-65.9519,a9624ba0-d7cc-4e60-bfd9-ce40817fdbc6,2022,107381
Carcinus maenas,42.5402984619,-70.8805999756,4da23d30-af8d-48f3-977a-4e24394e2e8c,2000,107381
Carcinus maenas,44.3820001219857,-68.4908494317312,d4091591-a085-4cfa-9734-5f0ecf5564a8,2012,107381
Carcinus maenas,45.2174,-65.9519,a9624ba0-d7cc-4e60-bfd9-ce40817fdbc6,2024,107381
Carcinus maenas,45.050267,-66.780783,56f7bb50-8b87-48cc-815d-379780b0f5b0,2018,107381
Carcinus maenas,42.3472213745,-70.9599990845,4da23d30-af8d-48f3-977a-4e24394e2e8c,2000,107381
Carcinus maenas,44.938067,-66.844117,83040ea6-0e87-4e4e-937d-1b826349c464,2021,107381
Carcinus maenas,43.717,-70.136,1fcedb90-b2ea-4476-8faf-f2ff5964ac58,2002,107381
Carcinus maenas,44.8706,-67.149444,ce1d93f3-8b0f-4ee7-9a4d-0393a6ec7fea,2008,107381
Carcinus maenas,45.03932,-66.88913,a9624ba0-d7cc-4e60-bfd9-ce40817fdbc6,2023,107381
Carcinus maenas,45.078967,-67.096017,83040ea6-0e87-4e4e-937d-1b826349c464,2019,107381
Carcinus maenas,44.9424,-66.8518,83040ea6-0e87-4e4e-937d-1b826349c464,2019,107381
Carcinus maenas,45.003611,-66.9128,ce1d93f3-8b0f-4ee7-9a4d-0393a6ec7fea,2009,107381
Carcinus maenas,41.729625,-69.991601,9d629feb-ba03-4a83-908c-794d94d30531,2017,107381
Carcinus maenas,41.8087005615,-69.9529037476,b42bc9f6-efc5-4cfd-b6a8-3c97b0a1be46,2007,107381
Carcinus maenas,45.081067,-67.096017,83040ea6-0e87-4e4e-937d-1b826349c464,2019,107381
Carcinus maenas,45.1571,-66.2303,a9624ba0-d7cc-4e60-bfd9-ce40817fdbc6,2022,107381
Carcinus maenas,45.3833312988,-64.2333297729,56e46fd2-6162-4677-af50-9410fe08f834,1958,107381
Carcinus maenas,44.8706111111,-67.1493611111,0c59dc30-4b06-4572-addc-155042f81fd0,2008,107381
Carcinus maenas,41.8087005615,-69.9529037476,b42bc9f6-efc5-4cfd-b6a8-3c97b0a1be46,2007,107381
Carcinus maenas,45.25,-65.0,56e46fd2-6162-4677-af50-9410fe08f834,1997,107381
Carcinus maenas,42.5213317871,-70.8818206787,b42bc9f6-efc5-4cfd-b6a8-3c97b0a1be46,2007,107381
Carcinus maenas,45.1571,-66.2303,a9624ba0-d7cc-4e60-bfd9-ce40817fdbc6,2024,107381
Carcinus maenas,44.879083,-66.966733,56f7bb50-8b87-48cc-815d-379780b0f5b0,2018,107381
Carcinus maenas,42.357219696,-71.0497207642,4da23d30-af8d-48f3-977a-4e24394e2e8c,2000,107381
Carcinus maenas,43.2,-70.59,1fcedb90-b2ea-4476-8faf-f2ff5964ac58,1973,107381
Carcinus maenas,41.7958984375,-69.9468994141,1618356f-0f62-4cbb-9252-005120e31fb0,2008,107381
Carcinus maenas,45.050267,-66.780783,56f7bb50-8b87-48cc-815d-379780b0f5b0,2018,107381
Carcinus maenas,44.871111,-67.15,ce1d93f3-8b0f-4ee7-9a4d-0393a6ec7fea,2009,107381
Carcinus maenas,42.5211181641,-70.8809814453,b42bc9f6-efc5-4cfd-b6a8-3c97b0a1be46,2007,107381
Carcinus maenas,42.5004005432,-70.8382034302,b42bc9f6-efc5-4cfd-b6a8-3c97b0a1be46,2007,107381
Carcinus maenas,42.3633995056,-71.0341033936,1618356f-0f62-4cbb-9252-005120e31fb0,2009,107381
Carcinus maenas,43.55,-70.28,1fcedb90-b2ea-4476-8faf-f2ff5964ac58,1976,107381
Carcinus maenas,42.357219696,-71.0497207642,4da23d30-af8d-48f3-977a-4e24394e2e8c,2003,107381
Carcinus maenas,43.320098877,-70.5634994507,1618356f-0f62-4cbb-9252-005120e31fb0,2009,107381
Carcinus maenas,44.37394,-68.55891,0c59dc30-4b06-4572-addc-155042f81fd0,2010,107381
Carcinus maenas,45.049517,-66.782067,56f7bb50-8b87-48cc-815d-379780b0f5b0,2018,107381
Carcinus maenas,43.643,-70.226,1fcedb90-b2ea-4476-8faf-f2ff5964ac58,1973,107381
Carcinus maenas,42.5211181641,-70.8809814453,b42bc9f6-efc5-4cfd-b6a8-3c97b0a1be46,2007,107381
Carcinus maenas,41.7958984375,-69.9468994141,b42bc9f6-efc5-4cfd-b6a8-3c97b0a1be46,2007,107381
Carcinus maenas,45.067983,-66.719483,56f7bb50-8b87-48cc-815d-379780b0f5b0,2018,107381
Carcinus maenas,45.050267,-66.780783,56f7bb50-8b87-48cc-815d-379780b0f5b0,2018,107381
Carcinus maenas,43.568,-70.275,1fcedb90-b2ea-4476-8faf-f2ff5964ac58,1976,107381
Carcinus maenas,45.1571,-66.2303,a9624ba0-d7cc-4e60-bfd9-ce40817fdbc6,2025,107381
Carcinus maenas,45.2174,-65.9519,a9624ba0-d7cc-4e60-bfd9-ce40817fdbc6,2024,107381
Carcinus maenas,44.37394,-68.55891,0c59dc30-4b06-4572-addc-155042f81fd0,2010,107381
Carcinus maenas,43.884232,-69.475932,2c4e7f5f-50a4-4a6d-a92b-8382a92617f4,2018,107381
Carcinus maenas,45.07958,-67.09731,83040ea6-0e87-4e4e-937d-1b826349c464,2021,107381
Carcinus maenas,45.062083,-66.732933,56f7bb50-8b87-48cc-815d-379780b0f5b0,2018,107381
Carcinus maenas,42.5792007446,-70.7317962646,1618356f-0f62-4cbb-9252-005120e31fb0,2008,107381
Carcinus maenas,45.2999992371,-64.3333282471,56e46fd2-6162-4677-af50-9410fe08f834,1960,107381
Carcinus maenas,41.8348999023,-69.9726028442,b42bc9f6-efc5-4cfd-b6a8-3c97b0a1be46,2007,107381
Carcinus maenas,42.5004005432,-70.8382034302,b42bc9f6-efc5-4cfd-b6a8-3c97b0a1be46,2008,107381
Carcinus maenas,43.66,-70.14,1fcedb90-b2ea-4476-8faf-f2ff5964ac58,1978,107381
Carcinus maenas,44.2117000739009,-68.4396896929155,d4091591-a085-4cfa-9734-5f0ecf5564a8,2012,107381
Carcinus maenas,42.3432922363,-71.0349655151,1618356f-0f62-4cbb-9252-005120e31fb0,2009,107381
Carcinus maenas,42.3712081909,-71.0595321655,4da23d30-af8d-48f3-977a-4e24394e2e8c,2000,107381
Carcinus maenas,45.078967,-67.096017,83040ea6-0e87-4e4e-937d-1b826349c464,2019,107381
Carcinus maenas,41.8348999023,-69.9726028442,b42bc9f6-efc5-4cfd-b6a8-3c97b0a1be46,2007,107381
Carcinus maenas,45.062083,-66.732933,56f7bb50-8b87-48cc-815d-379780b0f5b0,2018,107381
Carcinus maenas,43.7000007629,-65.8666687012,56e46fd2-6162-4677-af50-9410fe08f834,1980,107381
Carcinus maenas,43.8209381104,-70.1052932739,4da23d30-af8d-48f3-977a-4e24394e2e8c,2003,107381
Carcinus maenas,44.942933,-66.8464,83040ea6-0e87-4e4e-937d-1b826349c464,2021,107381
Carcinus maenas,45.03932,-66.88913,a9624ba0-d7cc-4e60-bfd9-ce40817fdbc6,2023,107381
Carcinus maenas,42.0946006775,-70.6470031738,1618356f-0f62-4cbb-9252-005120e31fb0,2009,107381
Carcinus maenas,44.37394,-68.55891,0c59dc30-4b06-4572-addc-155042f81fd0,2010,107381
Carcinus maenas,42.5215988159,-70.881652832,4da23d30-af8d-48f3-977a-4e24394e2e8c,2003,107381
Carcinus maenas,41.8087005615,-69.9529037476,b42bc9f6-efc5-4cfd-b6a8-3c97b0a1be46,2007,107381
Carcinus maenas,43.6506996155,-70.2282028198,1618356f-0f62-4cbb-9252-005120e31fb0,2009,107381
Carcinus maenas,44.878683,-66.968867,56f7bb50-8b87-48cc-815d-379780b0f5b0,2018,107381
Carcinus maenas,42.5213317871,-70.8818206787,b42bc9f6-efc5-4cfd-b6a8-3c97b0a1be46,2007,107381
Carcinus maenas,44.93538,-66.9816,56f7bb50-8b87-48cc-815d-379780b0f5b0,2018,107381
Carcinus maenas,43.651,-70.2241,1fcedb90-b2ea-4476-8faf-f2ff5964ac58,1983,107381
Carcinus maenas,41.8348999023,-69.9726028442,b42bc9f6-efc5-4cfd-b6a8-3c97b0a1be46,2007,107381
Carcinus maenas,43.6467,-70.225,1fcedb90-b2ea-4476-8faf-f2ff5964ac58,1976,107381
Carcinus maenas,42.0946006775,-70.6470031738,1618356f-0f62-4cbb-9252-005120e31fb0,2008,107381
Carcinus maenas,44.4280000934827,-68.1676546411903,d4091591-a085-4cfa-9734-5f0ecf5564a8,2017,107381
Carcinus maenas,43.6467,-70.225,1fcedb90-b2ea-4476-8faf-f2ff5964ac58,1984,107381
Carcinus maenas,42.5463485718,-70.8554992676,1618356f-0f62-4cbb-9252-005120e31fb0,2008,107381
Carcinus maenas,45.1571,-66.2303,a9624ba0-d7cc-4e60-bfd9-ce40817fdbc6,2023,107381
Carcinus maenas,45.062083,-66.732933,56f7bb50-8b87-48cc-815d-379780b0f5b0,2018,107381
Carcinus maenas,45.1571,-66.2303,a9624ba0-d7cc-4e60-bfd9-ce40817fdbc6,2022,107381
Carcinus maenas,44.8705277778,-67.1493888889,0c59dc30-4b06-4572-addc-155042f81fd0,2008,107381
Carcinus maenas,42.5213012695,-70.8817977905,1618356f-0f62-4cbb-9252-005120e31fb0,2009,107381
Carcinus maenas,45.2174,-65.9519,a9624ba0-d7cc-4e60-bfd9-ce40817fdbc6,2021,107381
Carcinus maenas,41.8087005615,-69.9529037476,1618356f-0f62-4cbb-9252-005120e31fb0,2008,107381
Carcinus maenas,43.3451004028,-70.4916000366,1618356f-0f62-4cbb-9252-005120e31fb0,2008,107381
Carcinus maenas,42.5463485718,-70.8554992676,1618356f-0f62-4cbb-9252-005120e31fb0,2009,107381
Carcinus maenas,45.03932,-66.88913,a9624ba0-d7cc-4e60-bfd9-ce40817fdbc6,2025,107381
Carcinus maenas,45.03932,-66.88913,a9624ba0-d7cc-4e60-bfd9-ce40817fdbc6,2025,107381
Carcinus maenas,42.3432922363,-71.0349655151,1618356f-0f62-4cbb-9252-005120e31fb0,2009,107381
Carcinus maenas,42.5463485718,-70.8554992676,1618356f-0f62-4cbb-9252-005120e31fb0,2009,107381
Carcinus maenas,45.078967,-67.096017,83040ea6-0e87-4e4e-937d-1b826349c464,2019,107381
Carcinus maenas,45.067983,-66.719483,56f7bb50-8b87-48cc-815d-379780b0f5b0,2018,107381
Carcinus maenas,42.5333518982,-70.8658294678,1618356f-0f62-4cbb-9252-005120e31fb0,2009,107381
Carcinus maenas,44.9424,-66.8518,83040ea6-0e87-4e4e-937d-1b826349c464,2019,107381
Carcinus maenas,43.3199996948,-70.5634994507,4da23d30-af8d-48f3-977a-4e24394e2e8c,2007,107381
Carcinus maenas,44.8774,-66.96732,56f7bb50-8b87-48cc-815d-379780b0f5b0,2018,107381
Carcinus maenas,42.706029,-70.815811,9d629feb-ba03-4a83-908c-794d94d30531,2012,107381
Carcinus maenas,42.7045631409,-70.7702560425,1618356f-0f62-4cbb-9252-005120e31fb0,2009,107381
Carcinus maenas,42.5402984619,-70.8862991333,b42bc9f6-efc5-4cfd-b6a8-3c97b0a1be46,2007,107381
Carcinus maenas,42.58106,-70.66467,0c59dc30-4b06-4572-addc-155042f81fd0,2010,107381
Carcinus maenas,42.5792007446,-70.7317962646,1618356f-0f62-4cbb-9252-005120e31fb0,2008,107381
Carcinus maenas,44.81753,-66.952348,9d629feb-ba03-4a83-908c-794d94d30531,2016,107381
Carcinus maenas,43.561,-70.219,1fcedb90-b2ea-4476-8faf-f2ff5964ac58,1974,107381
Carcinus maenas,45.2174,-65.9519,a9624ba0-d7cc-4e60-bfd9-ce40817fdbc6,2022,107381
Carcinus maenas,42.5766983032,-70.7376022339,b42bc9f6-efc5-4cfd-b6a8-3c97b0a1be46,2007,107381
Carcinus maenas,43.320098877,-70.5634994507,1618356f-0f62-4cbb-9252-005120e31fb0,2008,107381
Carcinus maenas,44.37394,-68.55891,0c59dc30-4b06-4572-addc-155042f81fd0,2010,107381
Carcinus maenas,45.1571,-66.2303,a9624ba0-d7cc-4e60-bfd9-ce40817fdbc6,2022,107381
Carcinus maenas,41.6669998169,-69.9499969482,e7c86904-aac7-4a17-a895-99a54c430d80,1960,107381
Carcinus maenas,43.6506996155,-70.2282028198,1618356f-0f62-4cbb-9252-005120e31fb0,2009,107381
Carcinus maenas,45.03932,-66.88913,a9624ba0-d7cc-4e60-bfd9-ce40817fdbc6,2023,107381
Carcinus maenas,45.0749,-67.0925,83040ea6-0e87-4e4e-937d-1b826349c464,2021,107381
Carcinus maenas,45.03932,-66.88913,a9624ba0-d7cc-4e60-bfd9-ce40817fdbc6,2024,107381
Carcinus maenas,42.5276985168,-70.8663024902,1618356f-0f62-4cbb-9252-005120e31fb0,2008,107381
Carcinus maenas,42.6104011536,-70.6588897705,4da23d30-af8d-48f3-977a-4e24394e2e8c,2007,107381
Carcinus maenas,42.5463485718,-70.8554992676,b42bc9f6-efc5-4cfd-b6a8-3c97b0a1be46,2007,107381
Carcinus maenas,43.6467,-70.225,1fcedb90-b2ea-4476-8faf-f2ff5964ac58,1974,107381
Carcinus maenas,43.0971984863,-70.7783966064,1618356f-0f62-4cbb-9252-005120e31fb0,2008,107381
Carcinus maenas,42.5213012695,-70.8817977905,1618356f-0f62-4cbb-9252-005120e31fb0,2009,107381
Carcinus maenas,43.643,-70.226,1fcedb90-b2ea-4476-8faf-f2ff5964ac58,1998,107381
Carcinus maenas,43.7174987793,-70.0044403076,d701f5e8-c817-4a17-840b-729510a111ce,2005,107381
Carcinus maenas,43.1344985962,-70.6473999023,1618356f-0f62-4cbb-9252-005120e31fb0,2008,107381
Carcinus maenas,45.1571,-66.2303,a9624ba0-d7cc-4e60-bfd9-ce40817fdbc6,2021,107381
Carcinus maenas,42.5766983032,-70.7376022339,b42bc9f6-efc5-4cfd-b6a8-3c97b0a1be46,2008,107381
Carcinus maenas,43.6496,-70.23,1fcedb90-b2ea-4476-8faf-f2ff5964ac58,1991,107381
Carcinus maenas,45.1571,-66.2303,a9624ba0-d7cc-4e60-bfd9-ce40817fdbc6,2024,107381
Carcinus maenas,44.8705,-67.1491111111,0c59dc30-4b06-4572-addc-155042f81fd0,2008,107381
Carcinus maenas,43.0717163086,-70.7105331421,4da23d30-af8d-48f3-977a-4e24394e2e8c,2003,107381
Carcinus maenas,42.0,-70.5999984741,e7c86904-aac7-4a17-a895-99a54c430d80,1964,107381
Carcinus maenas,42.3712005615,-71.0596008301,1618356f-0f62-4cbb-9252-005120e31fb0,2009,107381
Carcinus maenas,45.067983,-66.719483,56f7bb50-8b87-48cc-815d-379780b0f5b0,2018,107381
Carcinus maenas,43.6512,-70.2282,1fcedb90-b2ea-4476-8faf-f2ff5964ac58,1980,107381
Carcinus maenas,44.8798,-66.9674,56f7bb50-8b87-48cc-815d-379780b0f5b0,2018,107381
Carcinus maenas,43.4453010559,-70.3398971558,1618356f-0f62-4cbb-9252-005120e31fb0,2009,107381
Carcinus maenas,42.5766983032,-70.7376022339,b42bc9f6-efc5-4cfd-b6a8-3c97b0a1be46,2007,107381
Carcinus maenas,42.6142196655,-70.6508712769,4da23d30-af8d-48f3-977a-4e24394e2e8c,2000,107381
Carcinus maenas,41.8348999023,-69.9726028442,b42bc9f6-efc5-4cfd-b6a8-3c97b0a1be46,2007,107381
Carcinus maenas,44.37394,-68.55891,0c59dc30-4b06-4572-addc-155042f81fd0,2010,107381
Carcinus maenas,45.1571,-66.2303,a9624ba0-d7cc-4e60-bfd9-ce40817fdbc6,2024,107381
Carcinus maenas,44.0,-69.6669998169,89e23fc8-3f61-4480-9de3-358fe6eefe0b,1964,107381
Carcinus maenas,45.2174,-65.9519,a9624ba0-d7cc-4e60-bfd9-ce40817fdbc6,2023,107381
Carcinus maenas,42.5213317871,-70.8818206787,b42bc9f6-efc5-4cfd-b6a8-3c97b0a1be46,2007,107381
Carcinus maenas,42.160900116,-70.7072982788,1618356f-0f62-4cbb-9252-005120e31fb0,2008,107381
Carcinus maenas,42.613117218,-70.6524734497,1618356f-0f62-4cbb-9252-005120e31fb0,2009,107381
Carcinus maenas,42.3112983704,-71.0400390625,1618356f-0f62-4cbb-9252-005120e31fb0,2009,107381
Carcinus maenas,42.3112983704,-71.0400390625,1618356f-0f62-4cbb-9252-005120e31fb0,2009,107381
Carcinus maenas,44.934167,-66.840583,83040ea6-0e87-4e4e-937d-1b826349c464,2021,107381
Carcinus maenas,43.568,-70.275,1fcedb90-b2ea-4476-8faf-f2ff5964ac58,1974,107381
Carcinus maenas,45.067983,-66.719483,56f7bb50-8b87-48cc-815d-379780b0f5b0,2018,107381
Carcinus maenas,42.706029,-70.815811,9d629feb-ba03-4a83-908c-794d94d30531,2012,107381
Carcinus maenas,44.93333,-66.85,ce1d93f3-8b0f-4ee7-9a4d-0393a6ec7fea,2012,107381
Carcinus maenas,41.716999054,-70.266998291,e7c86904-aac7-4a17-a895-99a54c430d80,1956,107381
Carcinus maenas,43.561,-70.219,1fcedb90-b2ea-4476-8faf-f2ff5964ac58,1983,107381
Carcinus maenas,41.8087005615,-69.9529037476,b42bc9f6-efc5-4cfd-b6a8-3c97b0a1be46,2007,107381
Carcinus maenas,44.87875,-66.96618,56f7bb50-8b87-48cc-815d-379780b0f5b0,2018,107381
Carcinus maenas,45.062083,-66.732933,03a59000-2c24-439d-abae-050033362528,2018,107381
Carcinus maenas,42.5703315735,-70.7738037109,1618356f-0f62-4cbb-9252-005120e31fb0,2009,107381
Carcinus maenas,43.62,-70.21,1fcedb90-b2ea-4476-8faf-f2ff5964ac58,1991,107381
Carcinus maenas,41.7997016907,-70.0077972412,1618356f-0f62-4cbb-9252-005120e31fb0,2008,107381
Carcinus maenas,43.6467,-70.225,1fcedb90-b2ea-4476-8faf-f2ff5964ac58,1983,107381
Carcinus maenas,43.6793556213,-70.2527999878,4da23d30-af8d-48f3-977a-4e24394e2e8c,2007,107381
Carcinus maenas,42.1744995117,-70.7147979736,1618356f-0f62-4cbb-9252-005120e31fb0,2008,107381
Carcinus maenas,45.067983,-66.719483,03a59000-2c24-439d-abae-050033362528,2018,107381
Carcinus maenas,42.3712005615,-71.0596008301,1618356f-0f62-4cbb-9252-005120e31fb0,2009,107381
Carcinus maenas,42.3432922363,-71.0349655151,1618356f-0f62-4cbb-9252-005120e31fb0,2009,107381
Carcinus maenas,45.08565,-67.0965,83040ea6-0e87-4e4e-937d-1b826349c464,2020,107381
Carcinus maenas,42.69695,-70.63218,9d629feb-ba03-4a83-908c-794d94d30531,2005,107381
Carcinus maenas,43.561,-70.219,1fcedb90-b2ea-4476-8faf-f2ff5964ac58,1978,107381
Carcinus maenas,44.0833282471,-66.1833267212,56e46fd2-6162-4677-af50-9410fe08f834,1977,107381
Carcinus maenas,43.643,-70.226,1fcedb90-b2ea-4476-8faf-f2ff5964ac58,1980,107381
Carcinus maenas,41.751701355,-70.1540985107,1618356f-0f62-4cbb-9252-005120e31fb0,2008,107381
Carcinus maenas,43.7532450479763,-70.0450501761368,d4091591-a085-4cfa-9734-5f0ecf5564a8,2007,107381
Carcinus maenas,42.5004005432,-70.8382034302,1618356f-0f62-4cbb-9252-005120e31fb0,2008,107381
Carcinus maenas,42.8992156982,-70.8179855347,4da23d30-af8d-48f3-977a-4e24394e2e8c,2003,107381
Carcinus maenas,43.4453010559,-70.3398971558,1618356f-0f62-4cbb-9252-005120e31fb0,2009,107381
Carcinus maenas,43.75,-69.97,1fcedb90-b2ea-4476-8faf-f2ff5964ac58,1972,107381
Carcinus maenas,45.03932,-66.88913,a9624ba0-d7cc-4e60-bfd9-ce40817fdbc6,2023,107381
Carcinus maenas,45.067983,-66.719483,56f7bb50-8b87-48cc-815d-379780b0f5b0,2018,107381
Carcinus maenas,45.03932,-66.88913,a9624ba0-d7cc-4e60-bfd9-ce40817fdbc6,2024,107381
Carcinus maenas,41.8087005615,-69.9529037476,b42bc9f6-efc5-4cfd-b6a8-3c97b0a1be46,2007,107381
Carcinus maenas,45.030467,-67.007183,56f7bb50-8b87-48cc-815d-379780b0f5b0,2018,107381
Carcinus maenas,45.067983,-66.719483,56f7bb50-8b87-48cc-815d-379780b0f5b0,2018,107381
Carcinus maenas,41.8348999023,-69.9726028442,b42bc9f6-efc5-4cfd-b6a8-3c97b0a1be46,2007,107381
Carcinus maenas,45.067983,-66.719483,56f7bb50-8b87-48cc-815d-379780b0f5b0,2018,107381
Carcinus maenas,42.5463485718,-70.8554992676,b42bc9f6-efc5-4cfd-b6a8-3c97b0a1be46,2008,107381
Carcinus maenas,45.1571,-66.2303,a9624ba0-d7cc-4e60-bfd9-ce40817fdbc6,2024,107381
Carcinus maenas,41.8087005615,-69.9529037476,1618356f-0f62-4cbb-9252-005120e31fb0,2008,107381
Carcinus maenas,43.643,-70.226,1fcedb90-b2ea-4476-8faf-f2ff5964ac58,1983,107381
Carcinus maenas,44.877267,-66.969967,56f7bb50-8b87-48cc-815d-379780b0f5b0,2018,107381
Carcinus maenas,44.9396,-66.838983,83040ea6-0e87-4e4e-937d-1b826349c464,2020,107381
Carcinus maenas,45.1666717529,-64.75,56e46fd2-6162-4677-af50-9410fe08f834,1959,107381
Carcinus maenas,45.03932,-66.88913,a9624ba0-d7cc-4e60-bfd9-ce40817fdbc6,2023,107381
Carcinus maenas,45.049517,-66.782067,56f7bb50-8b87-48cc-815d-379780b0f5b0,2018,107381
Carcinus maenas,45.00344,-66.913,0c59dc30-4b06-4572-addc-155042f81fd0,2009,107381
Carcinus maenas,43.6506996155,-70.2282028198,1618356f-0f62-4cbb-9252-005120e31fb0,2009,107381
Carcinus maenas,45.03265,-67.00965,56f7bb50-8b87-48cc-815d-379780b0f5b0,2018,107381
Carcinus maenas,45.082517,-67.096267,83040ea6-0e87-4e4e-937d-1b826349c464,2020,107381
Carcinus maenas,45.0823,-67.088083,83040ea6-0e87-4e4e-937d-1b826349c464,2021,107381
Carcinus maenas,45.0327,-67.006417,56f7bb50-8b87-48cc-815d-379780b0f5b0,2018,107381
Carcinus maenas,43.62,-70.21,1fcedb90-b2ea-4476-8faf-f2ff5964ac58,1991,107381
Carcinus maenas,45.078967,-67.096017,83040ea6-0e87-4e4e-937d-1b826349c464,2019,107381
Carcinus maenas,42.419543,-70.90718,9d629feb-ba03-4a83-908c-794d94d30531,2022,107381
Carcinus maenas,42.357219696,-71.0497207642,4da23d30-af8d-48f3-977a-4e24394e2e8c,2003,107381
Carcinus maenas,42.5004005432,-70.8382034302,b42bc9f6-efc5-4cfd-b6a8-3c97b0a1be46,2007,107381
Carcinus maenas,42.69695,-70.63218,9d629feb-ba03-4a83-908c-794d94d30531,2005,107381
Carcinus maenas,43.0665016174,-70.6854019165,aefc0943-90a0-4b2b-9689-3d88711d945a,2006,107381
Carcinus maenas,41.8087005615,-69.9529037476,b42bc9f6-efc5-4cfd-b6a8-3c97b0a1be46,2007,107381
Carcinus maenas,41.7997016907,-70.0077972412,1618356f-0f62-4cbb-9252-005120e31fb0,2008,107381
Carcinus maenas,42.5703315735,-70.7738037109,1618356f-0f62-4cbb-9252-005120e31fb0,2008,107381
Carcinus maenas,45.08565,-67.0965,83040ea6-0e87-4e4e-937d-1b826349c464,2020,107381
Carcinus maenas,45.1571,-66.2303,a9624ba0-d7cc-4e60-bfd9-ce40817fdbc6,2025,107381
Carcinus maenas,42.0946006775,-70.6470031738,1618356f-0f62-4cbb-9252-005120e31fb0,2008,107381
Carcinus maenas,44.8706388889,-67.1495555556,0c59dc30-4b06-4572-addc-155042f81fd0,2008,107381
Carcinus maenas,43.651,-70.2241,1fcedb90-b2ea-4476-8faf-f2ff5964ac58,1992,107381
Carcinus maenas,45.03932,-66.88913,a9624ba0-d7cc-4e60-bfd9-ce40817fdbc6,2024,107381
Carcinus maenas,44.9424,-66.8518,83040ea6-0e87-4e4e-937d-1b826349c464,2019,107381
Carcinus maenas,45.078967,-67.096017,83040ea6-0e87-4e4e-937d-1b826349c464,2019,107381
Carcinus maenas,45.1571,-66.2303,a9624ba0-d7cc-4e60-bfd9-ce40817fdbc6,2022,107381
Carcinus maenas,45.2174,-65.9519,a9624ba0-d7cc-4e60-bfd9-ce40817fdbc6,2022,107381
Carcinus maenas,42.5276985168,-70.8663024902,1618356f-0f62-4cbb-9252-005120e31fb0,2008,107381
Carcinus maenas,45.049517,-66.782067,56f7bb50-8b87-48cc-815d-379780b0f5b0,2018,107381
Carcinus maenas,42.3218078613,-70.9886322021,1618356f-0f62-4cbb-9252-005120e31fb0,2009,107381
Carcinus maenas,41.8087005615,-69.9529037476,b42bc9f6-efc5-4cfd-b6a8-3c97b0a1be46,2007,107381
Carcinus maenas,45.067983,-66.719483,56f7bb50-8b87-48cc-815d-379780b0f5b0,2018,107381
Carcinus maenas,44.3885603215595,-68.409685326656,d4091591-a085-4cfa-9734-5f0ecf5564a8,2011,107381
Carcinus maenas,45.078967,-67.096017,83040ea6-0e87-4e4e-937d-1b826349c464,2019,107381
Carcinus maenas,45.062083,-66.732933,56f7bb50-8b87-48cc-815d-379780b0f5b0,2018,107381
Carcinus maenas,45.062083,-66.732933,56f7bb50-8b87-48cc-815d-379780b0f5b0,2018,107381
Carcinus maenas,42.5463485718,-70.8554992676,1618356f-0f62-4cbb-9252-005120e31fb0,2008,107381
Carcinus maenas,44.37394,-68.55891,0c59dc30-4b06-4572-addc-155042f81fd0,2010,107381
Carcinus maenas,45.067983,-66.719483,56f7bb50-8b87-48cc-815d-379780b0f5b0,2018,107381
Carcinus maenas,41.7958984375,-69.9468994141,1618356f-0f62-4cbb-9252-005120e31fb0,2008,107381
Carcinus maenas,45.029483,-67.0048,56f7bb50-8b87-48cc-815d-379780b0f5b0,2018,107381
Carcinus maenas,45.0853,-67.0988,83040ea6-0e87-4e4e-937d-1b826349c464,2020,107381
Carcinus maenas,42.3205986023,-70.9850769043,1618356f-0f62-4cbb-9252-005120e31fb0,2009,107381
Carcinus maenas,44.877067,-66.969483,03a59000-2c24-439d-abae-050033362528,2018,107381
Carcinus maenas,42.5213317871,-70.8818206787,b42bc9f6-efc5-4cfd-b6a8-3c97b0a1be46,2007,107381
Carcinus maenas,43.0410423279,-70.7159042358,1618356f-0f62-4cbb-9252-005120e31fb0,2008,107381
Carcinus maenas,41.8087005615,-69.9529037476,b42bc9f6-efc5-4cfd-b6a8-3c97b0a1be46,2007,107381
Carcinus maenas,45.03932,-66.88913,a9624ba0-d7cc-4e60-bfd9-ce40817fdbc6,2025,107381
Carcinus maenas,45.049517,-66.782067,56f7bb50-8b87-48cc-815d-379780b0f5b0,2018,107381
Carcinus maenas,44.942933,-66.8464,83040ea6-0e87-4e4e-937d-1b826349c464,2021,107381
Carcinus maenas,42.3264160156,-70.9271316528,1618356f-0f62-4cbb-9252-005120e31fb0,2009,107381
Carcinus maenas,45.1571,-66.2303,a9624ba0-d7cc-4e60-bfd9-ce40817fdbc6,2022,107381
Carcinus maenas,43.561,-70.219,1fcedb90-b2ea-4476-8faf-f2ff5964ac58,1982,107381
Carcinus maenas,42.3205986023,-70.9850769043,1618356f-0f62-4cbb-9252-005120e31fb0,2009,107381
Carcinus maenas,45.00331,-66.91269,0c59dc30-4b06-4572-addc-155042f81fd0,2009,107381
Carcinus maenas,44.9424,-66.8518,83040ea6-0e87-4e4e-937d-1b826349c464,2019,107381
Carcinus maenas,41.7056541443,-70.2992172241,1618356f-0f62-4cbb-9252-005120e31fb0,2009,107381
Carcinus maenas,43.4453010559,-70.3398971558,1618356f-0f62-4cbb-9252-005120e31fb0,2008,107381
Carcinus maenas,43.6504020691,-70.2289657593,1618356f-0f62-4cbb-9252-005120e31fb0,2009,107381
Carcinus maenas,45.078967,-67.096017,83040ea6-0e87-4e4e-937d-1b826349c464,2019,107381
Carcinus maenas,41.8348999023,-69.9726028442,b42bc9f6-efc5-4cfd-b6a8-3c97b0a1be46,2007,107381
Carcinus maenas,41.7958984375,-69.9468994141,1618356f-0f62-4cbb-9252-005120e31fb0,2009,107381
Carcinus maenas,43.6044,-70.214,1fcedb90-b2ea-4476-8faf-f2ff5964ac58,1976,107381
Carcinus maenas,45.07958,-67.09731,83040ea6-0e87-4e4e-937d-1b826349c464,2021,107381
Carcinus maenas,41.9627799988,-70.6666183472,4da23d30-af8d-48f3-977a-4e24394e2e8c,2000,107381
Carcinus maenas,45.2174,-65.9519,a9624ba0-d7cc-4e60-bfd9-ce40817fdbc6,2022,107381
Carcinus maenas,44.0499992371,-66.1666717529,56e46fd2-6162-4677-af50-9410fe08f834,1963,107381
Carcinus maenas,41.8348999023,-69.9726028442,b42bc9f6-efc5-4cfd-b6a8-3c97b0a1be46,2007,107381
Carcinus maenas,42.5766983032,-70.7376022339,1618356f-0f62-4cbb-9252-005120e31fb0,2008,107381
Carcinus maenas,43.766225117216,-70.0800255140864,d4091591-a085-4cfa-9734-5f0ecf5564a8,2013,107381
Carcinus maenas,41.8087005615,-69.9529037476,b42bc9f6-efc5-4cfd-b6a8-3c97b0a1be46,2007,107381
Carcinus maenas,42.357219696,-71.0497207642,4da23d30-af8d-48f3-977a-4e24394e2e8c,2003,107381
Carcinus maenas,44.942933,-66.8464,83040ea6-0e87-4e4e-937d-1b826349c464,2021,107381
Carcinus maenas,42.2802238464,-70.901550293,1618356f-0f62-4cbb-9252-005120e31fb0,2009,107381
Carcinus maenas,43.73,-70.15,1fcedb90-b2ea-4476-8faf-f2ff5964ac58,1979,107381
Carcinus maenas,45.078967,-67.096017,83040ea6-0e87-4e4e-937d-1b826349c464,2019,107381
Carcinus maenas,43.643,-70.226,1fcedb90-b2ea-4476-8faf-f2ff5964ac58,1979,107381
Carcinus maenas,45.03932,-66.88913,a9624ba0-d7cc-4e60-bfd9-ce40817fdbc6,2023,107381
Carcinus maenas,42.3432922363,-71.0349655151,1618356f-0f62-4cbb-9252-005120e31fb0,2009,107381
Carcinus maenas,42.61302948,-70.6807174683,4da23d30-af8d-48f3-977a-4e24394e2e8c,2000,107381
Carcinus maenas,45.03932,-66.88913,a9624ba0-d7cc-4e60-bfd9-ce40817fdbc6,2023,107381
Carcinus maenas,44.87,-67.1495,0c59dc30-4b06-4572-addc-155042f81fd0,2007,107381
Carcinus maenas,43.8,-70.1,1fcedb90-b2ea-4476-8faf-f2ff5964ac58,1984,107381
Carcinus maenas,41.6669998169,-69.9499969482,89e23fc8-3f61-4480-9de3-358fe6eefe0b,1962,107381
Carcinus maenas,41.8087005615,-69.9529037476,b42bc9f6-efc5-4cfd-b6a8-3c97b0a1be46,2007,107381
Carcinus maenas,42.5213012695,-70.8817977905,1618356f-0f62-4cbb-9252-005120e31fb0,2009,107381
Carcinus maenas,45.062083,-66.732933,56f7bb50-8b87-48cc-815d-379780b0f5b0,2018,107381
Carcinus maenas,43.716550170705,-70.1699322116029,d4091591-a085-4cfa-9734-5f0ecf5564a8,2014,107381
Carcinus maenas,45.2174,-65.9519,a9624ba0-d7cc-4e60-bfd9-ce40817fdbc6,2024,107381
Carcinus maenas,41.8348999023,-69.9726028442,b42bc9f6-efc5-4cfd-b6a8-3c97b0a1be46,2007,107381
Carcinus maenas,41.8348999023,-69.9726028442,b42bc9f6-efc5-4cfd-b6a8-3c97b0a1be46,2007,107381
Carcinus maenas,44.2666702271,-66.3499984741,56e46fd2-6162-4677-af50-9410fe08f834,1960,107381
Carcinus maenas,45.2174,-65.9519,a9624ba0-d7cc-4e60-bfd9-ce40817fdbc6,2022,107381
Carcinus maenas,43.3451004028,-70.4916000366,1618356f-0f62-4cbb-9252-005120e31fb0,2008,107381
Carcinus maenas,42.5276985168,-70.8663024902,1618356f-0f62-4cbb-9252-005120e31fb0,2009,107381
Carcinus maenas,45.1571,-66.2303,a9624ba0-d7cc-4e60-bfd9-ce40817fdbc6,2023,107381
Carcinus maenas,45.08565,-67.0965,83040ea6-0e87-4e4e-937d-1b826349c464,2020,107381
Carcinus maenas,43.6495780945,-70.2308807373,4da23d30-af8d-48f3-977a-4e24394e2e8c,2003,107381
Carcinus maenas,45.003333,-66.9131,ce1d93f3-8b0f-4ee7-9a4d-0393a6ec7fea,2009,107381
Carcinus maenas,42.5333518982,-70.8658294678,1618356f-0f62-4cbb-9252-005120e31fb0,2009,107381
Carcinus maenas,44.37394,-68.55891,0c59dc30-4b06-4572-addc-155042f81fd0,2010,107381
Carcinus maenas,43.651,-70.2241,1fcedb90-b2ea-4476-8faf-f2ff5964ac58,1980,107381
Carcinus maenas,42.5499992371,-70.3330001831,e7c86904-aac7-4a17-a895-99a54c430d80,1956,107381
Carcinus maenas,43.6512,-70.2282,1fcedb90-b2ea-4476-8faf-f2ff5964ac58,1991,107381
Carcinus maenas,45.078967,-67.096017,83040ea6-0e87-4e4e-937d-1b826349c464,2019,107381
Carcinus maenas,45.2174,-65.9519,a9624ba0-d7cc-4e60-bfd9-ce40817fdbc6,2022,107381
Carcinus maenas,45.2174,-65.9519,a9624ba0-d7cc-4e60-bfd9-ce40817fdbc6,2021,107381
Carcinus maenas,43.642,-70.224,1fcedb90-b2ea-4476-8faf-f2ff5964ac58,1981,107381
Carcinus maenas,45.062083,-66.732933,56f7bb50-8b87-48cc-815d-379780b0f5b0,2018,107381
Carcinus maenas,43.0971984863,-70.7783966064,1618356f-0f62-4cbb-9252-005120e31fb0,2008,107381
Carcinus maenas,44.8705,-67.1494,0c59dc30-4b06-4572-addc-155042f81fd0,2007,107381
Carcinus maenas,42.2795677185,-70.9016723633,1618356f-0f62-4cbb-9252-005120e31fb0,2009,107381
Carcinus maenas,42.8997383118,-70.8179702759,4da23d30-af8d-48f3-977a-4e24394e2e8c,2007,107381
Carcinus maenas,45.050267,-66.780783,56f7bb50-8b87-48cc-815d-379780b0f5b0,2018,107381
Carcinus maenas,45.2174,-65.9519,a9624ba0-d7cc-4e60-bfd9-ce40817fdbc6,2025,107381
Carcinus maenas,42.5402984619,-70.8862991333,b42bc9f6-efc5-4cfd-b6a8-3c97b0a1be46,2007,107381
Carcinus maenas,43.0841712952,-70.6583328247,d701f5e8-c817-4a17-840b-729510a111ce,2005,107381
Carcinus maenas,44.936833,-66.842183,83040ea6-0e87-4e4e-937d-1b826349c464,2020,107381
Carcinus maenas,43.674,-70.25,1fcedb90-b2ea-4476-8faf-f2ff5964ac58,1999,107381
Carcinus maenas,42.69695,-70.63218,9d629feb-ba03-4a83-908c-794d94d30531,2005,107381
Carcinus maenas,41.8348999023,-69.9726028442,b42bc9f6-efc5-4cfd-b6a8-3c97b0a1be46,2007,107381
Carcinus maenas,43.643,-70.226,1fcedb90-b2ea-4476-8faf-f2ff5964ac58,1973,107381
Carcinus maenas,42.0946006775,-70.6470031738,1618356f-0f62-4cbb-9252-005120e31fb0,2009,107381
Carcinus maenas,45.03932,-66.88913,a9624ba0-d7cc-4e60-bfd9-ce40817fdbc6,2023,107381
Carcinus maenas,45.2174,-65.9519,a9624ba0-d7cc-4e60-bfd9-ce40817fdbc6,2021,107381
Carcinus maenas,43.717,-70.136,1fcedb90-b2ea-4476-8faf-f2ff5964ac58,2001,107381
Carcinus maenas,45.067983,-66.719483,56f7bb50-8b87-48cc-815d-379780b0f5b0,2018,107381
Carcinus maenas,42.419543,-70.90718,9d629feb-ba03-4a83-908c-794d94d30531,2021,107381
Carcinus maenas,45.1571,-66.2303,a9624ba0-d7cc-4e60-bfd9-ce40817fdbc6,2025,107381
Carcinus maenas,43.6495780945,-70.2308807373,4da23d30-af8d-48f3-977a-4e24394e2e8c,2007,107381
Carcinus maenas,44.37394,-68.55891,0c59dc30-4b06-4572-addc-155042f81fd0,2010,107381
Carcinus maenas,41.7061309814,-70.2988967896,4da23d30-af8d-48f3-977a-4e24394e2e8c,2000,107381
Carcinus maenas,45.062083,-66.732933,56f7bb50-8b87-48cc-815d-379780b0f5b0,2018,107381
Carcinus maenas,41.7958984375,-69.9468994141,1618356f-0f62-4cbb-9252-005120e31fb0,2009,107381
Carcinus maenas,45.029483,-67.0048,03a59000-2c24-439d-abae-050033362528,2018,107381
Carcinus maenas,44.877067,-66.969483,56f7bb50-8b87-48cc-815d-379780b0f5b0,2018,107381
Carcinus maenas,45.1571,-66.2303,a9624ba0-d7cc-4e60-bfd9-ce40817fdbc6,2023,107381
Carcinus maenas,44.936233,-66.837517,83040ea6-0e87-4e4e-937d-1b826349c464,2021,107381
Carcinus maenas,43.717,-70.136,1fcedb90-b2ea-4476-8faf-f2ff5964ac58,2000,107381
Carcinus maenas,45.049517,-66.782067,56f7bb50-8b87-48cc-815d-379780b0f5b0,2018,107381
Carcinus maenas,43.3451004028,-70.4916000366,1618356f-0f62-4cbb-9252-005120e31fb0,2009,107381
Carcinus maenas,43.3451004028,-70.4916000366,1618356f-0f62-4cbb-9252-005120e31fb0,2009,107381
Carcinus maenas,45.050267,-66.780783,56f7bb50-8b87-48cc-815d-379780b0f5b0,2018,107381
Carcinus maenas,44.87875,-66.96618,56f7bb50-8b87-48cc-815d-379780b0f5b0,2018,107381
Carcinus maenas,44.37394,-68.55891,0c59dc30-4b06-4572-addc-155042f81fd0,2010,107381
Carcinus maenas,41.8348999023,-69.9726028442,b42bc9f6-efc5-4cfd-b6a8-3c97b0a1be46,2007,107381
Carcinus maenas,44.8774,-66.96732,56f7bb50-8b87-48cc-815d-379780b0f5b0,2018,107381
Carcinus maenas,43.0971984863,-70.7783966064,1618356f-0f62-4cbb-9252-005120e31fb0,2008,107381
Carcinus maenas,44.878683,-66.968867,03a59000-2c24-439d-abae-050033362528,2018,107381
Carcinus maenas,43.561,-70.219,1fcedb90-b2ea-4476-8faf-f2ff5964ac58,1976,107381
Carcinus maenas,45.086517,-67.100067,83040ea6-0e87-4e4e-937d-1b826349c464,2019,107381
Carcinus maenas,43.643,-70.226,1fcedb90-b2ea-4476-8faf-f2ff5964ac58,1998,107381
Carcinus maenas,44.942967,-66.8464,83040ea6-0e87-4e4e-937d-1b826349c464,2019,107381
Carcinus maenas,45.03932,-66.88913,a9624ba0-d7cc-4e60-bfd9-ce40817fdbc6,2023,107381
Carcinus maenas,43.320098877,-70.5634994507,1618356f-0f62-4cbb-9252-005120e31fb0,2009,107381
Carcinus maenas,45.062083,-66.732933,56f7bb50-8b87-48cc-815d-379780b0f5b0,2018,107381
Carcinus maenas,45.2174,-65.9519,a9624ba0-d7cc-4e60-bfd9-ce40817fdbc6,2024,107381
Carcinus maenas,45.049517,-66.782067,56f7bb50-8b87-48cc-815d-379780b0f5b0,2018,107381
Carcinus maenas,45.2174,-65.9519,a9624ba0-d7cc-4e60-bfd9-ce40817fdbc6,2023,107381
Carcinus maenas,45.03932,-66.88913,a9624ba0-d7cc-4e60-bfd9-ce40817fdbc6,2024,107381
Carcinus maenas,42.5333518982,-70.8658294678,1618356f-0f62-4cbb-9252-005120e31fb0,2009,107381
Carcinus maenas,42.3633995056,-71.0341033936,1618356f-0f62-4cbb-9252-005120e31fb0,2009,107381
Carcinus maenas,45.2174,-65.9519,a9624ba0-d7cc-4e60-bfd9-ce40817fdbc6,2021,107381
Carcinus maenas,43.0583000183,-70.7251968384,1618356f-0f62-4cbb-9252-005120e31fb0,2008,107381
Carcinus maenas,43.5,-70.34,1fcedb90-b2ea-4476-8faf-f2ff5964ac58,1981,107381
Carcinus maenas,42.8992156982,-70.8179855347,4da23d30-af8d-48f3-977a-4e24394e2e8c,2003,107381
Carcinus maenas,42.3633995056,-71.0341033936,1618356f-0f62-4cbb-9252-005120e31fb0,2009,107381
Carcinus maenas,45.067983,-66.719483,56f7bb50-8b87-48cc-815d-379780b0f5b0,2018,107381
Carcinus maenas,45.08565,-67.0965,83040ea6-0e87-4e4e-937d-1b826349c464,2020,107381
Carcinus maenas,45.1571,-66.2303,a9624ba0-d7cc-4e60-bfd9-ce40817fdbc6,2023,107381
Carcinus maenas,43.561,-70.219,1fcedb90-b2ea-4476-8faf-f2ff5964ac58,1992,107381
Carcinus maenas,45.077033,-67.095867,83040ea6-0e87-4e4e-937d-1b826349c464,2021,107381
Carcinus maenas,41.8348999023,-69.9726028442,b42bc9f6-efc5-4cfd-b6a8-3c97b0a1be46,2007,107381
Carcinus maenas,44.8149986267,-66.9644393921,d701f5e8-c817-4a17-840b-729510a111ce,2005,107381
Carcinus maenas,45.1571,-66.2303,a9624ba0-d7cc-4e60-bfd9-ce40817fdbc6,2025,107381
Carcinus maenas,45.2174,-65.9519,a9624ba0-d7cc-4e60-bfd9-ce40817fdbc6,2021,107381
Carcinus maenas,42.3112983704,-71.0400390625,1618356f-0f62-4cbb-9252-005120e31fb0,2009,107381
Carcinus maenas,42.5215988159,-70.881652832,4da23d30-af8d-48f3-977a-4e24394e2e8c,2003,107381
Carcinus maenas,41.8348999023,-69.9726028442,b42bc9f6-efc5-4cfd-b6a8-3c97b0a1be46,2007,107381
Carcinus maenas,42.58106,-70.66467,0c59dc30-4b06-4572-addc-155042f81fd0,2010,107381
Carcinus maenas,45.1571,-66.2303,a9624ba0-d7cc-4e60-bfd9-ce40817fdbc6,2023,107381
Carcinus maenas,45.1571,-66.2303,a9624ba0-d7cc-4e60-bfd9-ce40817fdbc6,2021,107381
Carcinus maenas,45.067983,-66.719483,03a59000-2c24-439d-abae-050033362528,2018,107381
Carcinus maenas,45.030467,-67.007183,56f7bb50-8b87-48cc-815d-379780b0f5b0,2018,107381
Carcinus maenas,45.03932,-66.88913,a9624ba0-d7cc-4e60-bfd9-ce40817fdbc6,2023,107381
Carcinus maenas,42.5213012695,-70.8817977905,1618356f-0f62-4cbb-9252-005120e31fb0,2008,107381
Carcinus maenas,44.5,-66.0999984741,56e46fd2-6162-4677-af50-9410fe08f834,1999,107381
Carcinus maenas,42.3633995056,-71.0341033936,1618356f-0f62-4cbb-9252-005120e31fb0,2009,107381
Carcinus maenas,45.1571,-66.2303,a9624ba0-d7cc-4e60-bfd9-ce40817fdbc6,2024,107381
Carcinus maenas,41.6669998169,-69.9499969482,e7c86904-aac7-4a17-a895-99a54c430d80,1962,107381
Carcinus maenas,44.4086502297595,-68.2246994796465,d4091591-a085-4cfa-9734-5f0ecf5564a8,2017,107381
Carcinus maenas,44.3852000733201,-68.4930146172301,d4091591-a085-4cfa-9734-5f0ecf5564a8,2012,107381
Carcinus maenas,44.37394,-68.55891,0c59dc30-4b06-4572-addc-155042f81fd0,2010,107381
Carcinus maenas,42.58106,-70.66467,0c59dc30-4b06-4572-addc-155042f81fd0,2010,107381
Carcinus maenas,45.0853,-67.0988,83040ea6-0e87-4e4e-937d-1b826349c464,2020,107381
Carcinus maenas,45.0853,-67.0988,83040ea6-0e87-4e4e-937d-1b826349c464,2020,107381
Carcinus maenas,45.1571,-66.2303,a9624ba0-d7cc-4e60-bfd9-ce40817fdbc6,2024,107381
Carcinus maenas,45.1571,-66.2303,a9624ba0-d7cc-4e60-bfd9-ce40817fdbc6,2023,107381
Carcinus maenas,42.5703315735,-70.7738037109,1618356f-0f62-4cbb-9252-005120e31fb0,2009,107381
Carcinus maenas,42.5463485718,-70.8554992676,1618356f-0f62-4cbb-9252-005120e31fb0,2008,107381
Carcinus maenas,45.07958,-67.09731,83040ea6-0e87-4e4e-937d-1b826349c464,2021,107381
Carcinus maenas,42.69695,-70.63218,9d629feb-ba03-4a83-908c-794d94d30531,2005,107381
Carcinus maenas,45.067983,-66.719483,56f7bb50-8b87-48cc-815d-379780b0f5b0,2018,107381
Carcinus maenas,42.3256988525,-70.9240036011,1618356f-0f62-4cbb-9252-005120e31fb0,2009,107381
Carcinus maenas,45.077033,-67.095867,83040ea6-0e87-4e4e-937d-1b826349c464,2021,107381
Carcinus maenas,41.766998291,-70.0830001831,e7c86904-aac7-4a17-a895-99a54c430d80,1960,107381
Carcinus maenas,45.2174,-65.9519,a9624ba0-d7cc-4e60-bfd9-ce40817fdbc6,2021,107381
Carcinus maenas,45.1571,-66.2303,a9624ba0-d7cc-4e60-bfd9-ce40817fdbc6,2022,107381
Carcinus maenas,45.003361,-66.91303,0c59dc30-4b06-4572-addc-155042f81fd0,2009,107381
Carcinus maenas,45.00356,-66.912889,0c59dc30-4b06-4572-addc-155042f81fd0,2009,107381
Carcinus maenas,42.5213317871,-70.8818206787,b42bc9f6-efc5-4cfd-b6a8-3c97b0a1be46,2007,107381
Carcinus maenas,44.1,-69.1,1fcedb90-b2ea-4476-8faf-f2ff5964ac58,1973,107381
Carcinus maenas,43.6512,-70.2282,1fcedb90-b2ea-4476-8faf-f2ff5964ac58,1983,107381
Carcinus maenas,41.716999054,-70.266998291,89e23fc8-3f61-4480-9de3-358fe6eefe0b,1956,107381
Carcinus maenas,43.67,-70.26,1fcedb90-b2ea-4476-8faf-f2ff5964ac58,1992,107381
Carcinus maenas,43.1114997864,-70.8681030273,b42bc9f6-efc5-4cfd-b6a8-3c97b0a1be46,2008,107381
Carcinus maenas,45.1571,-66.2303,a9624ba0-d7cc-4e60-bfd9-ce40817fdbc6,2022,107381
Carcinus maenas,45.162778,-66.2675,ce1d93f3-8b0f-4ee7-9a4d-0393a6ec7fea,2010,107381
Carcinus maenas,43.6467,-70.225,1fcedb90-b2ea-4476-8faf-f2ff5964ac58,1991,107381
Carcinus maenas,41.8348999023,-69.9726028442,b42bc9f6-efc5-4cfd-b6a8-3c97b0a1be46,2007,107381
Carcinus maenas,41.8348999023,-69.9726028442,b42bc9f6-efc5-4cfd-b6a8-3c97b0a1be46,2007,107381
Carcinus maenas,45.029617,-67.006667,56f7bb50-8b87-48cc-815d-379780b0f5b0,2018,107381
Carcinus maenas,44.3555603027,-68.0766677856,d701f5e8-c817-4a17-840b-729510a111ce,2005,107381
Carcinus maenas,44.934167,-66.840583,83040ea6-0e87-4e4e-937d-1b826349c464,2021,107381
Carcinus maenas,43.78,-69.725,1fcedb90-b2ea-4476-8faf-f2ff5964ac58,1972,107381
Carcinus maenas,42.5213012695,-70.8817977905,1618356f-0f62-4cbb-9252-005120e31fb0,2008,107381
Carcinus maenas,45.2174,-65.9519,a9624ba0-d7cc-4e60-bfd9-ce40817fdbc6,2021,107381
Carcinus maenas,42.357219696,-71.0497207642,4da23d30-af8d-48f3-977a-4e24394e2e8c,2003,107381
Carcinus maenas,42.5703315735,-70.7738037109,1618356f-0f62-4cbb-9252-005120e31fb0,2008,107381
Carcinus maenas,42.3573989868,-71.0488967896,1618356f-0f62-4cbb-9252-005120e31fb0,2009,107381
Carcinus maenas,45.03932,-66.88913,a9624ba0-d7cc-4e60-bfd9-ce40817fdbc6,2024,107381
Carcinus maenas,44.37394,-68.55891,0c59dc30-4b06-4572-addc-155042f81fd0,2010,107381
Carcinus maenas,42.3432922363,-71.0349655151,1618356f-0f62-4cbb-9252-005120e31fb0,2009,107381
Carcinus maenas,45.03932,-66.88913,a9624ba0-d7cc-4e60-bfd9-ce40817fdbc6,2024,107381
Carcinus maenas,42.5766983032,-70.7376022339,1618356f-0f62-4cbb-9252-005120e31fb0,2009,107381
Carcinus maenas,44.93336,-66.9824,56f7bb50-8b87-48cc-815d-379780b0f5b0,2018,107381
Carcinus maenas,45.082517,-67.096267,83040ea6-0e87-4e4e-937d-1b826349c464,2021,107381
Carcinus maenas,43.561,-70.219,1fcedb90-b2ea-4476-8faf-f2ff5964ac58,1982,107381
Carcinus maenas,43.62,-70.21,1fcedb90-b2ea-4476-8faf-f2ff5964ac58,1981,107381
Carcinus maenas,45.2174,-65.9519,a9624ba0-d7cc-4e60-bfd9-ce40817fdbc6,2022,107381
Carcinus maenas,43.844379425,-69.6408233643,4da23d30-af8d-48f3-977a-4e24394e2e8c,2007,107381
Carcinus maenas,42.419543,-70.90718,9d629feb-ba03-4a83-908c-794d94d30531,2019,107381
Carcinus maenas,44.936833,-66.842183,83040ea6-0e87-4e4e-937d-1b826349c464,2020,107381
Carcinus maenas,43.6467,-70.225,1fcedb90-b2ea-4476-8faf-f2ff5964ac58,1982,107381
Carcinus maenas,42.1744995117,-70.7147979736,1618356f-0f62-4cbb-9252-005120e31fb0,2008,107381
Carcinus maenas,42.5215988159,-70.881652832,4da23d30-af8d-48f3-977a-4e24394e2e8c,2003,107381
Carcinus maenas,42.5463485718,-70.8554992676,b42bc9f6-efc5-4cfd-b6a8-3c97b0a1be46,2008,107381
Carcinus maenas,44.93563,-66.984,56f7bb50-8b87-48cc-815d-379780b0f5b0,2018,107381
Carcinus maenas,41.8087005615,-69.9529037476,b42bc9f6-efc5-4cfd-b6a8-3c97b0a1be46,2007,107381
Carcinus maenas,41.8348999023,-69.9726028442,b42bc9f6-efc5-4cfd-b6a8-3c97b0a1be46,2007,107381
Carcinus maenas,45.086517,-67.100067,83040ea6-0e87-4e4e-937d-1b826349c464,2019,107381
Carcinus maenas,45.2174,-65.9519,a9624ba0-d7cc-4e60-bfd9-ce40817fdbc6,2021,107381
Carcinus maenas,44.87907,-66.9667,56f7bb50-8b87-48cc-815d-379780b0f5b0,2018,107381
Carcinus maenas,42.3432922363,-71.0349655151,1618356f-0f62-4cbb-9252-005120e31fb0,2009,107381
Carcinus maenas,42.2494316101,-70.9733810425,4da23d30-af8d-48f3-977a-4e24394e2e8c,2000,107381
Carcinus maenas,45.062083,-66.732933,03a59000-2c24-439d-abae-050033362528,2018,107381
Carcinus maenas,44.37394,-68.55891,0c59dc30-4b06-4572-addc-155042f81fd0,2010,107381
Carcinus maenas,43.0971984863,-70.7783966064,1618356f-0f62-4cbb-9252-005120e31fb0,2008,107381
Carcinus maenas,45.081717,-67.096533,83040ea6-0e87-4e4e-937d-1b826349c464,2019,107381
Carcinus maenas,43.3451004028,-70.4916000366,1618356f-0f62-4cbb-9252-005120e31fb0,2009,107381
Carcinus maenas,41.8348999023,-69.9726028442,b42bc9f6-efc5-4cfd-b6a8-3c97b0a1be46,2007,107381
Carcinus maenas,43.55,-70.28,1fcedb90-b2ea-4476-8faf-f2ff5964ac58,1974,107381
Carcinus maenas,42.5766983032,-70.7376022339,b42bc9f6-efc5-4cfd-b6a8-3c97b0a1be46,2007,107381
Carcinus maenas,45.062083,-66.732933,56f7bb50-8b87-48cc-815d-379780b0f5b0,2018,107381
Carcinus maenas,43.651,-70.2241,1fcedb90-b2ea-4476-8faf-f2ff5964ac58,1983,107381
Carcinus maenas,42.5402984619,-70.8862991333,b42bc9f6-efc5-4cfd-b6a8-3c97b0a1be46,2007,107381
Carcinus maenas,43.717,-70.136,1fcedb90-b2ea-4476-8faf-f2ff5964ac58,2003,107381
Carcinus maenas,45.1571,-66.2303,a9624ba0-d7cc-4e60-bfd9-ce40817fdbc6,2022,107381
Carcinus maenas,44.8707777778,-67.1490833333,0c59dc30-4b06-4572-addc-155042f81fd0,2008,107381
Carcinus maenas,43.651,-70.2241,1fcedb90-b2ea-4476-8faf-f2ff5964ac58,1991,107381
Carcinus maenas,43.6495780945,-70.2308807373,4da23d30-af8d-48f3-977a-4e24394e2e8c,2003,107381
Carcinus maenas,42.3712005615,-71.0596008301,1618356f-0f62-4cbb-9252-005120e31fb0,2009,107381
Carcinus maenas,45.2174,-65.9519,a9624ba0-d7cc-4e60-bfd9-ce40817fdbc6,2022,107381
Carcinus maenas,44.4513893127,-67.5816726685,d701f5e8-c817-4a17-840b-729510a111ce,2005,107381
Carcinus maenas,43.6467,-70.225,1fcedb90-b2ea-4476-8faf-f2ff5964ac58,1980,107381
Carcinus maenas,44.731567,-67.098695,3efdd6d8-7dd3-427c-ac08-ecdc94c15919,2018,107381
Carcinus maenas,43.6506996155,-70.2282028198,1618356f-0f62-4cbb-9252-005120e31fb0,2009,107381
Carcinus maenas,45.1571,-66.2303,a9624ba0-d7cc-4e60-bfd9-ce40817fdbc6,2022,107381
Carcinus maenas,42.5004005432,-70.8382034302,1618356f-0f62-4cbb-9252-005120e31fb0,2009,107381
Carcinus maenas,44.936833,-66.842183,83040ea6-0e87-4e4e-937d-1b826349c464,2020,107381
Carcinus maenas,45.0823,-67.088083,83040ea6-0e87-4e4e-937d-1b826349c464,2021,107381
Carcinus maenas,42.3803787231,-71.0508346558,1618356f-0f62-4cbb-9252-005120e31fb0,2009,107381
Carcinus maenas,45.07958,-67.09731,83040ea6-0e87-4e4e-937d-1b826349c464,2021,107381
Carcinus maenas,42.1949691772,-70.7227935791,1618356f-0f62-4cbb-9252-005120e31fb0,2008,107381
Carcinus maenas,45.067983,-66.719483,56f7bb50-8b87-48cc-815d-379780b0f5b0,2018,107381
Carcinus maenas,43.643,-70.226,1fcedb90-b2ea-4476-8faf-f2ff5964ac58,1978,107381
Carcinus maenas,45.067983,-66.719483,56f7bb50-8b87-48cc-815d-379780b0f5b0,2018,107381
Carcinus maenas,42.5215988159,-70.881652832,4da23d30-af8d-48f3-977a-4e24394e2e8c,2007,107381
Carcinus maenas,45.2174,-65.9519,a9624ba0-d7cc-4e60-bfd9-ce40817fdbc6,2025,107381
Carcinus maenas,43.1302,-70.6444,1fcedb90-b2ea-4476-8faf-f2ff5964ac58,1991,107381
Carcinus maenas,43.7730650108868,-70.0381451431898,d4091591-a085-4cfa-9734-5f0ecf5564a8,2017,107381
Carcinus maenas,44.37394,-68.55891,0c59dc30-4b06-4572-addc-155042f81fd0,2010,107381
Carcinus maenas,44.5044150607937,-67.6983002864077,d4091591-a085-4cfa-9734-5f0ecf5564a8,2012,107381
Carcinus maenas,45.0833282471,-64.8333282471,56e46fd2-6162-4677-af50-9410fe08f834,1959,107381
Carcinus maenas,45.062083,-66.732933,56f7bb50-8b87-48cc-815d-379780b0f5b0,2018,107381
Carcinus maenas,42.75,-65.6833,ce1d93f3-8b0f-4ee7-9a4d-0393a6ec7fea,1985,107381
Carcinus maenas,45.067983,-66.719483,56f7bb50-8b87-48cc-815d-379780b0f5b0,2018,107381
Carcinus maenas,41.766998291,-70.0830001831,89e23fc8-3f61-4480-9de3-358fe6eefe0b,1960,107381
Carcinus maenas,42.3712005615,-71.0596008301,1618356f-0f62-4cbb-9252-005120e31fb0,2009,107381
Carcinus maenas,42.613117218,-70.6524734497,1618356f-0f62-4cbb-9252-005120e31fb0,2009,107381
Carcinus maenas,45.2174,-65.9519,a9624ba0-d7cc-4e60-bfd9-ce40817fdbc6,2022,107381
Carcinus maenas,42.0387802124,-70.6695175171,4da23d30-af8d-48f3-977a-4e24394e2e8c,2000,107381
Carcinus maenas,41.8087005615,-69.9529037476,b42bc9f6-efc5-4cfd-b6a8-3c97b0a1be46,2007,107381
Carcinus maenas,45.2174,-65.9519,a9624ba0-d7cc-4e60-bfd9-ce40817fdbc6,2021,107381
Carcinus maenas,42.706029,-70.815811,9d629feb-ba03-4a83-908c-794d94d30531,2012,107381
Carcinus maenas,45.2174,-65.9519,a9624ba0-d7cc-4e60-bfd9-ce40817fdbc6,2023,107381
Carcinus maenas,41.7958984375,-69.9468994141,1618356f-0f62-4cbb-9252-005120e31fb0,2008,107381
Carcinus maenas,45.03932,-66.88913,a9624ba0-d7cc-4e60-bfd9-ce40817fdbc6,2024,107381
Carcinus maenas,43.643,-70.226,1fcedb90-b2ea-4476-8faf-f2ff5964ac58,1973,107381
Carcinus maenas,43.6504020691,-70.2289657593,1618356f-0f62-4cbb-9252-005120e31fb0,2009,107381
Carcinus maenas,41.771068573,-70.5023727417,4da23d30-af8d-48f3-977a-4e24394e2e8c,2000,107381
Carcinus maenas,45.1571,-66.2303,a9624ba0-d7cc-4e60-bfd9-ce40817fdbc6,2023,107381
Carcinus maenas,41.729625,-69.991601,9d629feb-ba03-4a83-908c-794d94d30531,2017,107381
Carcinus maenas,45.08565,-67.0965,83040ea6-0e87-4e4e-937d-1b826349c464,2020,107381
Carcinus maenas,41.7061309814,-70.2988967896,4da23d30-af8d-48f3-977a-4e24394e2e8c,2000,107381
Carcinus maenas,43.1344985962,-70.6473999023,1618356f-0f62-4cbb-9252-005120e31fb0,2009,107381
Carcinus maenas,42.5276985168,-70.8663024902,1618356f-0f62-4cbb-9252-005120e31fb0,2009,107381
Carcinus maenas,45.067983,-66.719483,56f7bb50-8b87-48cc-815d-379780b0f5b0,2018,107381
Carcinus maenas,42.709072113,-70.7966461182,1618356f-0f62-4cbb-9252-005120e31fb0,2009,107381
Carcinus maenas,42.5215988159,-70.881652832,4da23d30-af8d-48f3-977a-4e24394e2e8c,2000,107381
Carcinus maenas,45.2174,-65.9519,a9624ba0-d7cc-4e60-bfd9-ce40817fdbc6,2022,107381
Carcinus maenas,42.419543,-70.90718,9d629feb-ba03-4a83-908c-794d94d30531,2017,107381
Carcinus maenas,43.6467,-70.225,1fcedb90-b2ea-4476-8faf-f2ff5964ac58,1999,107381
Carcinus maenas,43.04584,-70.71336,0c59dc30-4b06-4572-addc-155042f81fd0,2010,107381
Carcinus maenas,45.1571,-66.2303,a9624ba0-d7cc-4e60-bfd9-ce40817fdbc6,2021,107381
Carcinus maenas,42.357219696,-71.0497207642,4da23d30-af8d-48f3-977a-4e24394e2e8c,2007,107381
Bugula neritina,42.3432502747,-71.0350036621,4da23d30-af8d-48f3-977a-4e24394e2e8c,2000,111158
Bugula neritina,42.5215988159,-70.881652832,4da23d30-af8d-48f3-977a-4e24394e2e8c,2003,111158
Bugula neritina,42.5215988159,-70.881652832,4da23d30-af8d-48f3-977a-4e24394e2e8c,2003,111158
Bugula neritina,43.8209381104,-70.1052932739,4da23d30-af8d-48f3-977a-4e24394e2e8c,2003,111158
Bugula neritina,42.5215988159,-70.881652832,4da23d30-af8d-48f3-977a-4e24394e2e8c,2003,111158
Bugula neritina,42.5215988159,-70.881652832,4da23d30-af8d-48f3-977a-4e24394e2e8c,2007,111158
Bugula neritina,42.521557,-70.882864,9d629feb-ba03-4a83-908c-794d94d30531,2008,111158
Bugula neritina,43.8209381104,-70.1052932739,4da23d30-af8d-48f3-977a-4e24394e2e8c,2003,111158
Bugula neritina,42.5215988159,-70.881652832,4da23d30-af8d-48f3-977a-4e24394e2e8c,2003,111158
Bugula neritina,43.8209381104,-70.1052932739,4da23d30-af8d-48f3-977a-4e24394e2e8c,2003,111158
Bugula neritina,42.5215988159,-70.881652832,4da23d30-af8d-48f3-977a-4e24394e2e8c,2003,111158
Bugula neritina,42.521557,-70.882864,9d629feb-ba03-4a83-908c-794d94d30531,2009,111158
Bugula neritina,42.5215988159,-70.881652832,4da23d30-af8d-48f3-977a-4e24394e2e8c,2000,111158
Didemnum vexillum,44.92122667,-66.95717667,22e46a73-06ca-4022-9b7c-933c3f94b94b,2022,250126
Didemnum vexillum,44.90892397,-66.96063902,22e46a73-06ca-4022-9b7c-933c3f94b94b,2022,250126
Didemnum vexillum,44.94738652,-67.01421959,22e46a73-06ca-4022-9b7c-933c3f94b94b,2022,250126
Didemnum vexillum,44.94241667,-67.00384667,22e46a73-06ca-4022-9b7c-933c3f94b94b,2022,250126
Didemnum vexillum,41.773667,-70.4883,16434578-ebf7-4bcc-a776-508ffece76de,2004,250126
Didemnum vexillum,44.95557833,-67.01653167,22e46a73-06ca-4022-9b7c-933c3f94b94b,2022,250126
Didemnum vexillum,42.0387992859,-70.6697006226,1618356f-0f62-4cbb-9252-005120e31fb0,2009,250126
Didemnum vexillum,44.90937391,-66.95847848,22e46a73-06ca-4022-9b7c-933c3f94b94b,2022,250126
Didemnum vexillum,44.95830167,-67.01600167,22e46a73-06ca-4022-9b7c-933c3f94b94b,2022,250126
Didemnum vexillum,44.91012648,-66.9606643,22e46a73-06ca-4022-9b7c-933c3f94b94b,2022,250126
Didemnum vexillum,42.5211181641,-70.8809814453,b42bc9f6-efc5-4cfd-b6a8-3c97b0a1be46,2007,250126
Didemnum vexillum,44.95636667,-67.01634167,22e46a73-06ca-4022-9b7c-933c3f94b94b,2022,250126
Didemnum vexillum,41.8348999023,-69.9726028442,1618356f-0f62-4cbb-9252-005120e31fb0,2008,250126
Didemnum vexillum,44.90984702,-66.96067726,22e46a73-06ca-4022-9b7c-933c3f94b94b,2022,250126
Didemnum vexillum,44.94438652,-67.01346463,22e46a73-06ca-4022-9b7c-933c3f94b94b,2022,250126
Didemnum vexillum,44.94243333,-67.00384,22e46a73-06ca-4022-9b7c-933c3f94b94b,2022,250126
Didemnum vexillum,44.95818167,-67.01607333,22e46a73-06ca-4022-9b7c-933c3f94b94b,2022,250126
Didemnum vexillum,44.95753167,-67.01632667,22e46a73-06ca-4022-9b7c-933c3f94b94b,2022,250126
Didemnum vexillum,44.90886762,-66.96028823,22e46a73-06ca-4022-9b7c-933c3f94b94b,2022,250126
Didemnum vexillum,44.92121,-66.95749833,22e46a73-06ca-4022-9b7c-933c3f94b94b,2022,250126
Didemnum vexillum,44.921195,-66.95723667,22e46a73-06ca-4022-9b7c-933c3f94b94b,2022,250126
Didemnum vexillum,44.9092246,-66.95898695,22e46a73-06ca-4022-9b7c-933c3f94b94b,2022,250126
Didemnum vexillum,44.95783,-67.01626167,22e46a73-06ca-4022-9b7c-933c3f94b94b,2022,250126
Didemnum vexillum,44.94252,-67.00372333,22e46a73-06ca-4022-9b7c-933c3f94b94b,2022,250126
Didemnum vexillum,44.90886676,-66.9602921,22e46a73-06ca-4022-9b7c-933c3f94b94b,2022,250126
Didemnum vexillum,44.95599333,-67.016385,22e46a73-06ca-4022-9b7c-933c3f94b94b,2022,250126
Didemnum vexillum,44.92143833,-66.95660833,22e46a73-06ca-4022-9b7c-933c3f94b94b,2022,250126
Didemnum vexillum,44.90929067,-66.9587786,22e46a73-06ca-4022-9b7c-933c3f94b94b,2022,250126
Didemnum vexillum,44.92122,-66.95749167,22e46a73-06ca-4022-9b7c-933c3f94b94b,2022,250126
Didemnum vexillum,44.92115667,-66.957535,22e46a73-06ca-4022-9b7c-933c3f94b94b,2022,250126
Didemnum vexillum,44.92118833,-66.95725167,22e46a73-06ca-4022-9b7c-933c3f94b94b,2022,250126
Didemnum vexillum,44.95623667,-67.01635,22e46a73-06ca-4022-9b7c-933c3f94b94b,2022,250126
Didemnum vexillum,44.92166333,-66.95617333,22e46a73-06ca-4022-9b7c-933c3f94b94b,2022,250126
Didemnum vexillum,44.90992318,-66.96067337,22e46a73-06ca-4022-9b7c-933c3f94b94b,2022,250126
Didemnum vexillum,44.95660667,-67.01630333,22e46a73-06ca-4022-9b7c-933c3f94b94b,2022,250126
Didemnum vexillum,44.95801667,-67.01622833,22e46a73-06ca-4022-9b7c-933c3f94b94b,2022,250126
Didemnum vexillum,44.92116333,-66.95753833,22e46a73-06ca-4022-9b7c-933c3f94b94b,2022,250126
Didemnum vexillum,44.921285,-66.95708333,22e46a73-06ca-4022-9b7c-933c3f94b94b,2022,250126
Didemnum vexillum,44.94211597,-67.01173544,22e46a73-06ca-4022-9b7c-933c3f94b94b,2022,250126
Didemnum vexillum,44.921165,-66.95735833,22e46a73-06ca-4022-9b7c-933c3f94b94b,2022,250126
Didemnum vexillum,45.03265,-67.00965,56f7bb50-8b87-48cc-815d-379780b0f5b0,2018,250126
Didemnum vexillum,42.5276985168,-70.8663024902,1618356f-0f62-4cbb-9252-005120e31fb0,2009,250126
Didemnum vexillum,44.957145,-67.01637,22e46a73-06ca-4022-9b7c-933c3f94b94b,2022,250126
Didemnum vexillum,41.8087005615,-69.9529037476,b42bc9f6-efc5-4cfd-b6a8-3c97b0a1be46,2007,250126
Didemnum vexillum,44.90970855,-66.96068652,22e46a73-06ca-4022-9b7c-933c3f94b94b,2022,250126
Didemnum vexillum,41.8348999023,-69.9726028442,b42bc9f6-efc5-4cfd-b6a8-3c97b0a1be46,2007,250126
Didemnum vexillum,44.90909138,-66.95946984,22e46a73-06ca-4022-9b7c-933c3f94b94b,2022,250126
Didemnum vexillum,42.5213317871,-70.8818206787,b42bc9f6-efc5-4cfd-b6a8-3c97b0a1be46,2007,250126
Didemnum vexillum,41.961933136,-70.6663665771,1618356f-0f62-4cbb-9252-005120e31fb0,2009,250126
Didemnum vexillum,41.8348999023,-69.9726028442,b42bc9f6-efc5-4cfd-b6a8-3c97b0a1be46,2007,250126
Didemnum vexillum,44.90909599,-66.95945412,22e46a73-06ca-4022-9b7c-933c3f94b94b,2022,250126
Didemnum vexillum,41.751701355,-70.1540985107,1618356f-0f62-4cbb-9252-005120e31fb0,2008,250126
Didemnum vexillum,44.90890993,-66.96011312,22e46a73-06ca-4022-9b7c-933c3f94b94b,2022,250126
Didemnum vexillum,44.92176333,-66.95595667,22e46a73-06ca-4022-9b7c-933c3f94b94b,2022,250126
Didemnum vexillum,44.95728167,-67.01638,22e46a73-06ca-4022-9b7c-933c3f94b94b,2022,250126
Didemnum vexillum,42.5766983032,-70.7376022339,b42bc9f6-efc5-4cfd-b6a8-3c97b0a1be46,2007,250126
Didemnum vexillum,44.94363373,-67.01299323,22e46a73-06ca-4022-9b7c-933c3f94b94b,2022,250126
Didemnum vexillum,41.8087005615,-69.9529037476,b42bc9f6-efc5-4cfd-b6a8-3c97b0a1be46,2007,250126
Didemnum vexillum,44.90959375,-66.96069371,22e46a73-06ca-4022-9b7c-933c3f94b94b,2022,250126
Didemnum vexillum,44.90954946,-66.96069328,22e46a73-06ca-4022-9b7c-933c3f94b94b,2022,250126
Didemnum vexillum,42.5402984619,-70.8862991333,1618356f-0f62-4cbb-9252-005120e31fb0,2009,250126
Didemnum vexillum,44.94403724,-67.01326747,22e46a73-06ca-4022-9b7c-933c3f94b94b,2022,250126
Didemnum vexillum,44.95856,-67.015785,22e46a73-06ca-4022-9b7c-933c3f94b94b,2022,250126
Didemnum vexillum,44.95859833,-67.01574833,22e46a73-06ca-4022-9b7c-933c3f94b94b,2022,250126
Didemnum vexillum,44.921455,-66.95658,22e46a73-06ca-4022-9b7c-933c3f94b94b,2022,250126
Didemnum vexillum,44.90931002,-66.95870687,22e46a73-06ca-4022-9b7c-933c3f94b94b,2022,250126
Didemnum vexillum,41.9567832947,-70.6591186523,1618356f-0f62-4cbb-9252-005120e31fb0,2008,250126
Didemnum vexillum,44.94756202,-67.01423668,22e46a73-06ca-4022-9b7c-933c3f94b94b,2022,250126
Didemnum vexillum,44.94562667,-67.004345,22e46a73-06ca-4022-9b7c-933c3f94b94b,2022,250126
Didemnum vexillum,44.90986224,-66.96067658,22e46a73-06ca-4022-9b7c-933c3f94b94b,2022,250126
Didemnum vexillum,44.92193,-66.95566833,22e46a73-06ca-4022-9b7c-933c3f94b94b,2022,250126
Didemnum vexillum,44.91007048,-66.96066653,22e46a73-06ca-4022-9b7c-933c3f94b94b,2022,250126
Didemnum vexillum,44.95785167,-67.01625833,22e46a73-06ca-4022-9b7c-933c3f94b94b,2022,250126
Didemnum vexillum,41.751701355,-70.1540985107,1618356f-0f62-4cbb-9252-005120e31fb0,2008,250126
Didemnum vexillum,44.9217,-66.95609667,22e46a73-06ca-4022-9b7c-933c3f94b94b,2022,250126
Didemnum vexillum,44.94361508,-67.01297953,22e46a73-06ca-4022-9b7c-933c3f94b94b,2022,250126
Didemnum vexillum,44.9088523,-66.96042422,22e46a73-06ca-4022-9b7c-933c3f94b94b,2022,250126
Didemnum vexillum,41.8087005615,-69.9529037476,b42bc9f6-efc5-4cfd-b6a8-3c97b0a1be46,2007,250126
Didemnum vexillum,43.935,-69.5807,16434578-ebf7-4bcc-a776-508ffece76de,2006,250126
Didemnum vexillum,42.5213317871,-70.8818206787,b42bc9f6-efc5-4cfd-b6a8-3c97b0a1be46,2007,250126
Didemnum vexillum,44.90885824,-66.96054629,22e46a73-06ca-4022-9b7c-933c3f94b94b,2022,250126
Didemnum vexillum,44.94943167,-67.00619167,22e46a73-06ca-4022-9b7c-933c3f94b94b,2022,250126
Didemnum vexillum,44.94804667,-67.00515333,22e46a73-06ca-4022-9b7c-933c3f94b94b,2022,250126
Didemnum vexillum,41.8348999023,-69.9726028442,b42bc9f6-efc5-4cfd-b6a8-3c97b0a1be46,2007,250126
Didemnum vexillum,44.90892384,-66.96006904,22e46a73-06ca-4022-9b7c-933c3f94b94b,2022,250126
Didemnum vexillum,44.90886701,-66.9606064,22e46a73-06ca-4022-9b7c-933c3f94b94b,2022,250126
Didemnum vexillum,44.95794167,-67.016255,22e46a73-06ca-4022-9b7c-933c3f94b94b,2022,250126
Didemnum vexillum,42.3432922363,-71.0349655151,1618356f-0f62-4cbb-9252-005120e31fb0,2009,250126
Didemnum vexillum,44.95827,-67.01602,22e46a73-06ca-4022-9b7c-933c3f94b94b,2022,250126
Didemnum vexillum,44.94240833,-67.00385833,22e46a73-06ca-4022-9b7c-933c3f94b94b,2022,250126
Didemnum vexillum,44.90886356,-66.96031165,22e46a73-06ca-4022-9b7c-933c3f94b94b,2022,250126
Didemnum vexillum,44.948205,-67.00525667,22e46a73-06ca-4022-9b7c-933c3f94b94b,2022,250126
Didemnum vexillum,44.956065,-67.01636167,22e46a73-06ca-4022-9b7c-933c3f94b94b,2022,250126
Didemnum vexillum,44.95684833,-67.01634833,22e46a73-06ca-4022-9b7c-933c3f94b94b,2022,250126
Didemnum vexillum,44.944045,-67.003945,22e46a73-06ca-4022-9b7c-933c3f94b94b,2022,250126
Didemnum vexillum,44.90916838,-66.96063837,22e46a73-06ca-4022-9b7c-933c3f94b94b,2022,250126
Didemnum vexillum,44.94975333,-67.006395,22e46a73-06ca-4022-9b7c-933c3f94b94b,2022,250126
Didemnum vexillum,42.049167,-70.180833,16434578-ebf7-4bcc-a776-508ffece76de,2003,250126
Didemnum vexillum,44.94146167,-67.00351667,22e46a73-06ca-4022-9b7c-933c3f94b94b,2022,250126
Didemnum vexillum,44.98069833,-67.024595,22e46a73-06ca-4022-9b7c-933c3f94b94b,2022,250126
Didemnum vexillum,42.5276985168,-70.8663024902,1618356f-0f62-4cbb-9252-005120e31fb0,2009,250126
Didemnum vexillum,42.5276985168,-70.8663024902,1618356f-0f62-4cbb-9252-005120e31fb0,2008,250126
Didemnum vexillum,44.958605,-67.01574167,22e46a73-06ca-4022-9b7c-933c3f94b94b,2022,250126
Didemnum vexillum,43.007,-70.716,5b235cbe-37fb-400a-bd59-d03aad7c8fc4,2002,250126
Didemnum vexillum,44.942235,-67.00382333,22e46a73-06ca-4022-9b7c-933c3f94b94b,2022,250126
Didemnum vexillum,44.90904214,-66.95966194,22e46a73-06ca-4022-9b7c-933c3f94b94b,2022,250126
Didemnum vexillum,42.5402984619,-70.8862991333,b42bc9f6-efc5-4cfd-b6a8-3c97b0a1be46,2007,250126
Didemnum vexillum,42.5400009155,-70.886932373,aefc0943-90a0-4b2b-9689-3d88711d945a,2005,250126
Didemnum vexillum,41.8087005615,-69.9529037476,b42bc9f6-efc5-4cfd-b6a8-3c97b0a1be46,2007,250126
Didemnum vexillum,44.90905428,-66.95961162,22e46a73-06ca-4022-9b7c-933c3f94b94b,2022,250126
Didemnum vexillum,43.0717163086,-70.7105331421,4da23d30-af8d-48f3-977a-4e24394e2e8c,2003,250126
Didemnum vexillum,42.3432922363,-71.0349655151,1618356f-0f62-4cbb-9252-005120e31fb0,2009,250126
Didemnum vexillum,41.8348999023,-69.9726028442,b42bc9f6-efc5-4cfd-b6a8-3c97b0a1be46,2007,250126
Didemnum vexillum,44.92169667,-66.95610333,22e46a73-06ca-4022-9b7c-933c3f94b94b,2022,250126
Didemnum vexillum,44.92126,-66.957135,22e46a73-06ca-4022-9b7c-933c3f94b94b,2022,250126
Didemnum vexillum,44.90930918,-66.95870968,22e46a73-06ca-4022-9b7c-933c3f94b94b,2022,250126
Didemnum vexillum,42.3573989868,-71.0488967896,1618356f-0f62-4cbb-9252-005120e31fb0,2009,250126
Didemnum vexillum,41.9573,-67.5193,16434578-ebf7-4bcc-a776-508ffece76de,2003,250126
Didemnum vexillum,44.90897945,-66.9598927,22e46a73-06ca-4022-9b7c-933c3f94b94b,2022,250126
Didemnum vexillum,44.92118167,-66.95729167,22e46a73-06ca-4022-9b7c-933c3f94b94b,2022,250126
Didemnum vexillum,44.94336175,-67.01278381,22e46a73-06ca-4022-9b7c-933c3f94b94b,2022,250126
Didemnum vexillum,44.957575,-67.01631333,22e46a73-06ca-4022-9b7c-933c3f94b94b,2022,250126
Didemnum vexillum,44.958535,-67.01581333,22e46a73-06ca-4022-9b7c-933c3f94b94b,2022,250126
Didemnum vexillum,44.90907273,-66.95953825,22e46a73-06ca-4022-9b7c-933c3f94b94b,2022,250126
Didemnum vexillum,44.94791653,-67.01425286,22e46a73-06ca-4022-9b7c-933c3f94b94b,2022,250126
Didemnum vexillum,44.95841,-67.01590833,22e46a73-06ca-4022-9b7c-933c3f94b94b,2022,250126
Didemnum vexillum,44.956905,-67.01636167,22e46a73-06ca-4022-9b7c-933c3f94b94b,2022,250126
Didemnum vexillum,44.94780146,-67.01425078,22e46a73-06ca-4022-9b7c-933c3f94b94b,2022,250126
Didemnum vexillum,44.95804,-67.01621833,22e46a73-06ca-4022-9b7c-933c3f94b94b,2022,250126
Didemnum vexillum,44.95824333,-67.01602667,22e46a73-06ca-4022-9b7c-933c3f94b94b,2022,250126
Didemnum vexillum,44.95822667,-67.01604,22e46a73-06ca-4022-9b7c-933c3f94b94b,2022,250126
Didemnum vexillum,44.95746167,-67.01634167,22e46a73-06ca-4022-9b7c-933c3f94b94b,2022,250126
Didemnum vexillum,44.90901022,-66.95977586,22e46a73-06ca-4022-9b7c-933c3f94b94b,2022,250126
Didemnum vexillum,44.92113167,-66.95749667,22e46a73-06ca-4022-9b7c-933c3f94b94b,2022,250126
Didemnum vexillum,42.3573989868,-71.0488967896,1618356f-0f62-4cbb-9252-005120e31fb0,2009,250126
Didemnum vexillum,44.95560167,-67.01651667,22e46a73-06ca-4022-9b7c-933c3f94b94b,2022,250126
Didemnum vexillum,44.90915583,-66.96063679,22e46a73-06ca-4022-9b7c-933c3f94b94b,2022,250126
Didemnum vexillum,41.771068573,-70.5023727417,4da23d30-af8d-48f3-977a-4e24394e2e8c,2007,250126
Didemnum vexillum,44.94480667,-67.00411667,22e46a73-06ca-4022-9b7c-933c3f94b94b,2022,250126
Didemnum vexillum,44.94774291,-67.01424781,22e46a73-06ca-4022-9b7c-933c3f94b94b,2022,250126
Didemnum vexillum,44.95696,-67.01637,22e46a73-06ca-4022-9b7c-933c3f94b94b,2022,250126
Didemnum vexillum,44.92185,-66.955775,22e46a73-06ca-4022-9b7c-933c3f94b94b,2022,250126
Didemnum vexillum,44.95845,-67.015875,22e46a73-06ca-4022-9b7c-933c3f94b94b,2022,250126
Didemnum vexillum,41.7685,-70.4825,16434578-ebf7-4bcc-a776-508ffece76de,2006,250126
Didemnum vexillum,44.95814,-67.01612833,22e46a73-06ca-4022-9b7c-933c3f94b94b,2022,250126
Didemnum vexillum,44.95808667,-67.01619,22e46a73-06ca-4022-9b7c-933c3f94b94b,2022,250126
Didemnum vexillum,44.95672333,-67.01631667,22e46a73-06ca-4022-9b7c-933c3f94b94b,2022,250126
Didemnum vexillum,41.8348999023,-69.9726028442,1618356f-0f62-4cbb-9252-005120e31fb0,2009,250126
Didemnum vexillum,44.92206,-66.95513167,22e46a73-06ca-4022-9b7c-933c3f94b94b,2022,250126
Didemnum vexillum,44.95621167,-67.01634833,22e46a73-06ca-4022-9b7c-933c3f94b94b,2022,250126
Didemnum vexillum,44.92202667,-66.955275,22e46a73-06ca-4022-9b7c-933c3f94b94b,2022,250126
Didemnum vexillum,44.94501583,-67.01374563,22e46a73-06ca-4022-9b7c-933c3f94b94b,2022,250126
Didemnum vexillum,44.90918282,-66.95911677,22e46a73-06ca-4022-9b7c-933c3f94b94b,2022,250126
Didemnum vexillum,42.5004005432,-70.8382034302,b42bc9f6-efc5-4cfd-b6a8-3c97b0a1be46,2007,250126
Didemnum vexillum,44.8937,-67.0002,16434578-ebf7-4bcc-a776-508ffece76de,2007,250126
Didemnum vexillum,44.90929515,-66.95876207,22e46a73-06ca-4022-9b7c-933c3f94b94b,2022,250126
Didemnum vexillum,44.95835167,-67.015945,22e46a73-06ca-4022-9b7c-933c3f94b94b,2022,250126
Didemnum vexillum,44.90885299,-66.96041186,22e46a73-06ca-4022-9b7c-933c3f94b94b,2022,250126
Didemnum vexillum,42.5004005432,-70.8382034302,b42bc9f6-efc5-4cfd-b6a8-3c97b0a1be46,2007,250126
Didemnum vexillum,44.94219833,-67.00379167,22e46a73-06ca-4022-9b7c-933c3f94b94b,2022,250126
Didemnum vexillum,44.95795333,-67.01625333,22e46a73-06ca-4022-9b7c-933c3f94b94b,2022,250126
Didemnum vexillum,44.92202167,-66.95538333,22e46a73-06ca-4022-9b7c-933c3f94b94b,2022,250126
Didemnum vexillum,43.9350814819,-69.5811233521,4da23d30-af8d-48f3-977a-4e24394e2e8c,2007,250126
Didemnum vexillum,44.92157833,-66.956375,22e46a73-06ca-4022-9b7c-933c3f94b94b,2022,250126
Didemnum vexillum,42.5004005432,-70.8382034302,b42bc9f6-efc5-4cfd-b6a8-3c97b0a1be46,2007,250126
Didemnum vexillum,42.5276985168,-70.8663024902,1618356f-0f62-4cbb-9252-005120e31fb0,2008,250126
Didemnum vexillum,44.94548833,-67.00431,22e46a73-06ca-4022-9b7c-933c3f94b94b,2022,250126
Didemnum vexillum,44.90926857,-66.96065178,22e46a73-06ca-4022-9b7c-933c3f94b94b,2022,250126
Didemnum vexillum,44.921995,-66.95555667,22e46a73-06ca-4022-9b7c-933c3f94b94b,2022,250126
Didemnum vexillum,43.82,-69.5497,16434578-ebf7-4bcc-a776-508ffece76de,2003,250126
Didemnum vexillum,44.921475,-66.95655,22e46a73-06ca-4022-9b7c-933c3f94b94b,2022,250126
Didemnum vexillum,44.92206,-66.95505,22e46a73-06ca-4022-9b7c-933c3f94b94b,2022,250126
Didemnum vexillum,44.91018358,-66.96066261,22e46a73-06ca-4022-9b7c-933c3f94b94b,2022,250126
Didemnum vexillum,44.94702,-67.00474333,22e46a73-06ca-4022-9b7c-933c3f94b94b,2022,250126
Didemnum vexillum,44.94802632,-67.01424958,22e46a73-06ca-4022-9b7c-933c3f94b94b,2022,250126
Didemnum vexillum,44.94249667,-67.003805,22e46a73-06ca-4022-9b7c-933c3f94b94b,2022,250126
Didemnum vexillum,44.95858,-67.015765,22e46a73-06ca-4022-9b7c-933c3f94b94b,2022,250126
Didemnum vexillum,44.95573167,-67.01648167,22e46a73-06ca-4022-9b7c-933c3f94b94b,2022,250126
Didemnum vexillum,41.771068573,-70.5023727417,4da23d30-af8d-48f3-977a-4e24394e2e8c,2000,250126
Didemnum vexillum,44.94850167,-67.00548667,22e46a73-06ca-4022-9b7c-933c3f94b94b,2022,250126
Didemnum vexillum,44.90926426,-66.95886913,22e46a73-06ca-4022-9b7c-933c3f94b94b,2022,250126
Didemnum vexillum,44.9091345,-66.95929395,22e46a73-06ca-4022-9b7c-933c3f94b94b,2022,250126
Didemnum vexillum,44.947875,-67.005045,22e46a73-06ca-4022-9b7c-933c3f94b94b,2022,250126
Didemnum vexillum,44.92202,-66.95538667,22e46a73-06ca-4022-9b7c-933c3f94b94b,2022,250126
Didemnum vexillum,41.9187,-67.3102,16434578-ebf7-4bcc-a776-508ffece76de,2006,250126
Didemnum vexillum,44.95642667,-67.01632667,22e46a73-06ca-4022-9b7c-933c3f94b94b,2022,250126
Didemnum vexillum,44.90888392,-66.96064172,22e46a73-06ca-4022-9b7c-933c3f94b94b,2022,250126
Didemnum vexillum,44.95693333,-67.01636667,22e46a73-06ca-4022-9b7c-933c3f94b94b,2022,250126
Didemnum vexillum,44.91001354,-66.96066882,22e46a73-06ca-4022-9b7c-933c3f94b94b,2022,250126
Didemnum vexillum,44.90919618,-66.95907268,22e46a73-06ca-4022-9b7c-933c3f94b94b,2022,250126
Didemnum vexillum,41.8348999023,-69.9726028442,b42bc9f6-efc5-4cfd-b6a8-3c97b0a1be46,2007,250126
Didemnum vexillum,44.956085,-67.01635833,22e46a73-06ca-4022-9b7c-933c3f94b94b,2022,250126
Didemnum vexillum,44.90894417,-66.96000301,22e46a73-06ca-4022-9b7c-933c3f94b94b,2022,250126
Didemnum vexillum,44.94228167,-67.003845,22e46a73-06ca-4022-9b7c-933c3f94b94b,2022,250126
Didemnum vexillum,44.94227385,-67.01188912,22e46a73-06ca-4022-9b7c-933c3f94b94b,2022,250126
Didemnum vexillum,44.95843167,-67.01589,22e46a73-06ca-4022-9b7c-933c3f94b94b,2022,250126
Didemnum vexillum,44.95834,-67.01595167,22e46a73-06ca-4022-9b7c-933c3f94b94b,2022,250126
Didemnum vexillum,44.90896292,-66.96062822,22e46a73-06ca-4022-9b7c-933c3f94b94b,2022,250126
Didemnum vexillum,41.9525,-67.515,16434578-ebf7-4bcc-a776-508ffece76de,2003,250126
Didemnum vexillum,44.95648833,-67.016315,22e46a73-06ca-4022-9b7c-933c3f94b94b,2022,250126
Didemnum vexillum,44.90911064,-66.95939795,22e46a73-06ca-4022-9b7c-933c3f94b94b,2022,250126
Didemnum vexillum,42.5766983032,-70.7376022339,b42bc9f6-efc5-4cfd-b6a8-3c97b0a1be46,2007,250126
Didemnum vexillum,44.92121667,-66.95719,22e46a73-06ca-4022-9b7c-933c3f94b94b,2022,250126
Didemnum vexillum,44.95674833,-67.01632167,22e46a73-06ca-4022-9b7c-933c3f94b94b,2022,250126
Didemnum vexillum,41.8348999023,-69.9726028442,b42bc9f6-efc5-4cfd-b6a8-3c97b0a1be46,2007,250126
Didemnum vexillum,44.921355,-66.95680333,22e46a73-06ca-4022-9b7c-933c3f94b94b,2022,250126
Didemnum vexillum,44.90887472,-66.96063337,22e46a73-06ca-4022-9b7c-933c3f94b94b,2022,250126
Didemnum vexillum,44.95844833,-67.01587833,22e46a73-06ca-4022-9b7c-933c3f94b94b,2022,250126
Didemnum vexillum,44.94462095,-67.01358389,22e46a73-06ca-4022-9b7c-933c3f94b94b,2022,250126
Didemnum vexillum,44.90935739,-66.95853549,22e46a73-06ca-4022-9b7c-933c3f94b94b,2022,250126
Didemnum vexillum,44.94753767,-67.01423528,22e46a73-06ca-4022-9b7c-933c3f94b94b,2022,250126
Didemnum vexillum,44.90889084,-66.960645,22e46a73-06ca-4022-9b7c-933c3f94b94b,2022,250126
Didemnum vexillum,44.92118,-66.957275,22e46a73-06ca-4022-9b7c-933c3f94b94b,2022,250126
Didemnum vexillum,41.8087005615,-69.9529037476,b42bc9f6-efc5-4cfd-b6a8-3c97b0a1be46,2007,250126
Didemnum vexillum,44.921405,-66.95667167,22e46a73-06ca-4022-9b7c-933c3f94b94b,2022,250126
Didemnum vexillum,44.94475012,-67.01364101,22e46a73-06ca-4022-9b7c-933c3f94b94b,2022,250126
Didemnum vexillum,44.95849167,-67.01585,22e46a73-06ca-4022-9b7c-933c3f94b94b,2022,250126
Didemnum vexillum,44.90913602,-66.95928843,22e46a73-06ca-4022-9b7c-933c3f94b94b,2022,250126
Didemnum vexillum,44.958255,-67.01602333,22e46a73-06ca-4022-9b7c-933c3f94b94b,2022,250126
Didemnum vexillum,42.5213317871,-70.8818206787,b42bc9f6-efc5-4cfd-b6a8-3c97b0a1be46,2007,250126
Didemnum vexillum,44.92141833,-66.95664833,22e46a73-06ca-4022-9b7c-933c3f94b94b,2022,250126
Didemnum vexillum,44.90900104,-66.95981062,22e46a73-06ca-4022-9b7c-933c3f94b94b,2022,250126
Didemnum vexillum,41.8348999023,-69.9726028442,b42bc9f6-efc5-4cfd-b6a8-3c97b0a1be46,2009,250126
Didemnum vexillum,44.92115167,-66.957415,22e46a73-06ca-4022-9b7c-933c3f94b94b,2022,250126
Didemnum vexillum,44.90921247,-66.95902245,22e46a73-06ca-4022-9b7c-933c3f94b94b,2022,250126
Didemnum vexillum,44.90986464,-66.96067634,22e46a73-06ca-4022-9b7c-933c3f94b94b,2022,250126
Didemnum vexillum,41.8348999023,-69.9726028442,1618356f-0f62-4cbb-9252-005120e31fb0,2008,250126
Didemnum vexillum,44.90954685,-66.96069299,22e46a73-06ca-4022-9b7c-933c3f94b94b,2022,250126
Didemnum vexillum,44.8893,-67.0125,16434578-ebf7-4bcc-a776-508ffece76de,2006,250126
Didemnum vexillum,41.8348999023,-69.9726028442,b42bc9f6-efc5-4cfd-b6a8-3c97b0a1be46,2007,250126
Didemnum vexillum,44.92163167,-66.95624333,22e46a73-06ca-4022-9b7c-933c3f94b94b,2022,250126
Didemnum vexillum,43.0717163086,-70.7105331421,4da23d30-af8d-48f3-977a-4e24394e2e8c,2003,250126
Didemnum vexillum,44.95551333,-67.01657333,22e46a73-06ca-4022-9b7c-933c3f94b94b,2022,250126
Didemnum vexillum,44.9090672,-66.95955944,22e46a73-06ca-4022-9b7c-933c3f94b94b,2022,250126
Didemnum vexillum,44.9396,-66.838983,83040ea6-0e87-4e4e-937d-1b826349c464,2020,250126
Didemnum vexillum,41.8348999023,-69.9726028442,b42bc9f6-efc5-4cfd-b6a8-3c97b0a1be46,2007,250126
Didemnum vexillum,44.90961637,-66.96069204,22e46a73-06ca-4022-9b7c-933c3f94b94b,2022,250126
Didemnum vexillum,44.90974331,-66.96068429,22e46a73-06ca-4022-9b7c-933c3f94b94b,2022,250126
Didemnum vexillum,41.771068573,-70.5023727417,4da23d30-af8d-48f3-977a-4e24394e2e8c,2000,250126
Didemnum vexillum,41.8348999023,-69.9726028442,1618356f-0f62-4cbb-9252-005120e31fb0,2008,250126
Didemnum vexillum,44.95813,-67.01614333,22e46a73-06ca-4022-9b7c-933c3f94b94b,2022,250126
Didemnum vexillum,42.5402984619,-70.8862991333,1618356f-0f62-4cbb-9252-005120e31fb0,2008,250126
Didemnum vexillum,44.94241833,-67.00384333,22e46a73-06ca-4022-9b7c-933c3f94b94b,2022,250126
Didemnum vexillum,44.95788833,-67.01625333,22e46a73-06ca-4022-9b7c-933c3f94b94b,2022,250126
Didemnum vexillum,44.909015,-66.9606249,22e46a73-06ca-4022-9b7c-933c3f94b94b,2022,250126
Didemnum vexillum,44.95801333,-67.01623,22e46a73-06ca-4022-9b7c-933c3f94b94b,2022,250126
Didemnum vexillum,44.92205167,-66.95518,22e46a73-06ca-4022-9b7c-933c3f94b94b,2022,250126
Didemnum vexillum,44.90896086,-66.95995101,22e46a73-06ca-4022-9b7c-933c3f94b94b,2022,250126
Didemnum vexillum,44.95852833,-67.01581833,22e46a73-06ca-4022-9b7c-933c3f94b94b,2022,250126
Didemnum vexillum,41.8348999023,-69.9726028442,b42bc9f6-efc5-4cfd-b6a8-3c97b0a1be46,2007,250126
Didemnum vexillum,44.95851167,-67.01583333,22e46a73-06ca-4022-9b7c-933c3f94b94b,2022,250126
Didemnum vexillum,44.95533333,-67.01674333,22e46a73-06ca-4022-9b7c-933c3f94b94b,2022,250126
Didemnum vexillum,44.9092967,-66.96065709,22e46a73-06ca-4022-9b7c-933c3f94b94b,2022,250126
Didemnum vexillum,44.90996945,-66.96067087,22e46a73-06ca-4022-9b7c-933c3f94b94b,2022,250126
Didemnum vexillum,44.94591,-67.00440333,22e46a73-06ca-4022-9b7c-933c3f94b94b,2022,250126
Didemnum vexillum,44.95838167,-67.01593167,22e46a73-06ca-4022-9b7c-933c3f94b94b,2022,250126
Didemnum vexillum,44.94633167,-67.00451,22e46a73-06ca-4022-9b7c-933c3f94b94b,2022,250126
Didemnum vexillum,44.95820167,-67.016055,22e46a73-06ca-4022-9b7c-933c3f94b94b,2022,250126
Didemnum vexillum,44.90934407,-66.95858481,22e46a73-06ca-4022-9b7c-933c3f94b94b,2022,250126
Didemnum vexillum,41.9745,-67.5167,16434578-ebf7-4bcc-a776-508ffece76de,2003,250126
Didemnum vexillum,44.94191833,-67.003635,22e46a73-06ca-4022-9b7c-933c3f94b94b,2022,250126
Didemnum vexillum,41.751701355,-70.1540985107,1618356f-0f62-4cbb-9252-005120e31fb0,2008,250126
Didemnum vexillum,44.92191833,-66.95568333,22e46a73-06ca-4022-9b7c-933c3f94b94b,2022,250126
Didemnum vexillum,44.90991284,-66.96067375,22e46a73-06ca-4022-9b7c-933c3f94b94b,2022,250126
Didemnum vexillum,44.92154833,-66.95643833,22e46a73-06ca-4022-9b7c-933c3f94b94b,2022,250126
Didemnum vexillum,44.90927712,-66.95882729,22e46a73-06ca-4022-9b7c-933c3f94b94b,2022,250126
Didemnum vexillum,44.94578057,-67.01398419,22e46a73-06ca-4022-9b7c-933c3f94b94b,2022,250126
Didemnum vexillum,44.90927621,-66.96065306,22e46a73-06ca-4022-9b7c-933c3f94b94b,2022,250126
Didemnum vexillum,41.8348999023,-69.9726028442,b42bc9f6-efc5-4cfd-b6a8-3c97b0a1be46,2007,250126
Didemnum vexillum,44.921275,-66.9571,22e46a73-06ca-4022-9b7c-933c3f94b94b,2022,250126
Didemnum vexillum,44.90898511,-66.95987369,22e46a73-06ca-4022-9b7c-933c3f94b94b,2022,250126
Didemnum vexillum,44.92130833,-66.95698167,22e46a73-06ca-4022-9b7c-933c3f94b94b,2022,250126
Didemnum vexillum,44.94217333,-67.003765,22e46a73-06ca-4022-9b7c-933c3f94b94b,2022,250126
Didemnum vexillum,44.95781167,-67.016265,22e46a73-06ca-4022-9b7c-933c3f94b94b,2022,250126
Didemnum vexillum,44.94933833,-67.00610833,22e46a73-06ca-4022-9b7c-933c3f94b94b,2022,250126
Didemnum vexillum,44.94241667,-67.00384667,22e46a73-06ca-4022-9b7c-933c3f94b94b,2022,250126
Didemnum vexillum,42.5211181641,-70.8809814453,b42bc9f6-efc5-4cfd-b6a8-3c97b0a1be46,2007,250126
Didemnum vexillum,44.90886448,-66.9605904,22e46a73-06ca-4022-9b7c-933c3f94b94b,2022,250126
Didemnum vexillum,44.95641333,-67.01632833,22e46a73-06ca-4022-9b7c-933c3f94b94b,2022,250126
Didemnum vexillum,44.94216667,-67.00376,22e46a73-06ca-4022-9b7c-933c3f94b94b,2022,250126
Didemnum vexillum,44.95701833,-67.01637333,22e46a73-06ca-4022-9b7c-933c3f94b94b,2022,250126
Didemnum vexillum,44.90975824,-66.96068316,22e46a73-06ca-4022-9b7c-933c3f94b94b,2022,250126
Didemnum vexillum,42.2795677185,-70.9016723633,1618356f-0f62-4cbb-9252-005120e31fb0,2009,250126
Didemnum vexillum,44.92202167,-66.95529,22e46a73-06ca-4022-9b7c-933c3f94b94b,2022,250126
Didemnum vexillum,44.94432167,-67.00401833,22e46a73-06ca-4022-9b7c-933c3f94b94b,2022,250126
Didemnum vexillum,42.5766983032,-70.7376022339,b42bc9f6-efc5-4cfd-b6a8-3c97b0a1be46,2007,250126
Didemnum vexillum,42.5213317871,-70.8818206787,b42bc9f6-efc5-4cfd-b6a8-3c97b0a1be46,2007,250126
Didemnum vexillum,44.90890202,-66.96014398,22e46a73-06ca-4022-9b7c-933c3f94b94b,2022,250126
Didemnum vexillum,44.94238667,-67.00324333,22e46a73-06ca-4022-9b7c-933c3f94b94b,2022,250126
Didemnum vexillum,42.5463485718,-70.8554992676,b42bc9f6-efc5-4cfd-b6a8-3c97b0a1be46,2007,250126
Didemnum vexillum,44.95735,-67.016375,22e46a73-06ca-4022-9b7c-933c3f94b94b,2022,250126
Didemnum vexillum,44.947645,-67.00496833,22e46a73-06ca-4022-9b7c-933c3f94b94b,2022,250126
Didemnum vexillum,44.90894914,-66.96063122,22e46a73-06ca-4022-9b7c-933c3f94b94b,2022,250126
Didemnum vexillum,44.90892507,-66.96063886,22e46a73-06ca-4022-9b7c-933c3f94b94b,2022,250126
Didemnum vexillum,44.94348882,-67.01288383,22e46a73-06ca-4022-9b7c-933c3f94b94b,2022,250126
Didemnum vexillum,44.957655,-67.016295,22e46a73-06ca-4022-9b7c-933c3f94b94b,2022,250126
Didemnum vexillum,44.92200667,-66.95553,22e46a73-06ca-4022-9b7c-933c3f94b94b,2022,250126
Didemnum vexillum,44.90885933,-66.96056249,22e46a73-06ca-4022-9b7c-933c3f94b94b,2022,250126
Didemnum vexillum,42.5402984619,-70.8862991333,b42bc9f6-efc5-4cfd-b6a8-3c97b0a1be46,2007,250126
Didemnum vexillum,44.94521667,-67.00423167,22e46a73-06ca-4022-9b7c-933c3f94b94b,2022,250126
Didemnum vexillum,44.90912314,-66.95934508,22e46a73-06ca-4022-9b7c-933c3f94b94b,2022,250126
Didemnum vexillum,44.94231667,-67.00390167,22e46a73-06ca-4022-9b7c-933c3f94b94b,2022,250126
Didemnum vexillum,44.90912517,-66.96063408,22e46a73-06ca-4022-9b7c-933c3f94b94b,2022,250126
Didemnum vexillum,44.936833,-66.842183,83040ea6-0e87-4e4e-937d-1b826349c464,2020,250126
Didemnum vexillum,44.956125,-67.01635167,22e46a73-06ca-4022-9b7c-933c3f94b94b,2022,250126
Didemnum vexillum,44.90903533,-66.95968642,22e46a73-06ca-4022-9b7c-933c3f94b94b,2022,250126
Didemnum vexillum,44.90916643,-66.95917953,22e46a73-06ca-4022-9b7c-933c3f94b94b,2022,250126
Didemnum vexillum,44.90885444,-66.96039105,22e46a73-06ca-4022-9b7c-933c3f94b94b,2022,250126
Didemnum vexillum,44.94658549,-67.01412715,22e46a73-06ca-4022-9b7c-933c3f94b94b,2022,250126
Didemnum vexillum,44.95796667,-67.01625,22e46a73-06ca-4022-9b7c-933c3f94b94b,2022,250126
Didemnum vexillum,44.95751667,-67.01632833,22e46a73-06ca-4022-9b7c-933c3f94b94b,2022,250126
Didemnum vexillum,44.91024074,-66.96065892,22e46a73-06ca-4022-9b7c-933c3f94b94b,2022,250126
Didemnum vexillum,44.98028,-67.02387333,22e46a73-06ca-4022-9b7c-933c3f94b94b,2022,250126
Didemnum vexillum,44.91001626,-66.96066869,22e46a73-06ca-4022-9b7c-933c3f94b94b,2022,250126
Didemnum vexillum,44.95852,-67.01582667,22e46a73-06ca-4022-9b7c-933c3f94b94b,2022,250126
Didemnum vexillum,44.90993085,-66.96067292,22e46a73-06ca-4022-9b7c-933c3f94b94b,2022,250126
Didemnum vexillum,41.7958984375,-69.9468994141,b42bc9f6-efc5-4cfd-b6a8-3c97b0a1be46,2007,250126
Didemnum vexillum,44.95837167,-67.01593833,22e46a73-06ca-4022-9b7c-933c3f94b94b,2022,250126
Didemnum vexillum,44.95744333,-67.01634833,22e46a73-06ca-4022-9b7c-933c3f94b94b,2022,250126
Didemnum vexillum,43.0717163086,-70.7105331421,4da23d30-af8d-48f3-977a-4e24394e2e8c,2003,250126
Didemnum vexillum,44.95577167,-67.016475,22e46a73-06ca-4022-9b7c-933c3f94b94b,2022,250126
Didemnum vexillum,44.95577667,-67.016475,22e46a73-06ca-4022-9b7c-933c3f94b94b,2022,250126
Didemnum vexillum,44.90891157,-66.96010779,22e46a73-06ca-4022-9b7c-933c3f94b94b,2022,250126
Didemnum vexillum,44.92137333,-66.95673667,22e46a73-06ca-4022-9b7c-933c3f94b94b,2022,250126
Didemnum vexillum,42.5463485718,-70.8554992676,b42bc9f6-efc5-4cfd-b6a8-3c97b0a1be46,2007,250126
Didemnum vexillum,44.90903868,-66.95967432,22e46a73-06ca-4022-9b7c-933c3f94b94b,2022,250126
Didemnum vexillum,44.90888996,-66.96019275,22e46a73-06ca-4022-9b7c-933c3f94b94b,2022,250126
Didemnum vexillum,44.92151167,-66.95649833,22e46a73-06ca-4022-9b7c-933c3f94b94b,2022,250126
Didemnum vexillum,44.92116333,-66.95736667,22e46a73-06ca-4022-9b7c-933c3f94b94b,2022,250126
Didemnum vexillum,44.90931993,-66.96066136,22e46a73-06ca-4022-9b7c-933c3f94b94b,2022,250126
Didemnum vexillum,43.815465,-69.595651,9d629feb-ba03-4a83-908c-794d94d30531,2018,250126
Didemnum vexillum,44.9088932,-66.96017982,22e46a73-06ca-4022-9b7c-933c3f94b94b,2022,250126
Didemnum vexillum,44.92189333,-66.95571833,22e46a73-06ca-4022-9b7c-933c3f94b94b,2022,250126
Didemnum vexillum,44.90908084,-66.95950638,22e46a73-06ca-4022-9b7c-933c3f94b94b,2022,250126
Didemnum vexillum,44.90890941,-66.96064554,22e46a73-06ca-4022-9b7c-933c3f94b94b,2022,250126
Didemnum vexillum,44.921605,-66.956315,22e46a73-06ca-4022-9b7c-933c3f94b94b,2022,250126
Didemnum vexillum,41.8087005615,-69.9529037476,b42bc9f6-efc5-4cfd-b6a8-3c97b0a1be46,2007,250126
Didemnum vexillum,43.1083,-70.7967,16434578-ebf7-4bcc-a776-508ffece76de,2002,250126
Didemnum vexillum,44.90922943,-66.95897147,22e46a73-06ca-4022-9b7c-933c3f94b94b,2022,250126
Didemnum vexillum,44.90998497,-66.96067008,22e46a73-06ca-4022-9b7c-933c3f94b94b,2022,250126
Didemnum vexillum,44.92125,-66.95714833,22e46a73-06ca-4022-9b7c-933c3f94b94b,2022,250126
Didemnum vexillum,44.92117333,-66.957325,22e46a73-06ca-4022-9b7c-933c3f94b94b,2022,250126
Didemnum vexillum,44.90921853,-66.96064485,22e46a73-06ca-4022-9b7c-933c3f94b94b,2022,250126
Didemnum vexillum,41.8087005615,-69.9529037476,b42bc9f6-efc5-4cfd-b6a8-3c97b0a1be46,2007,250126
Didemnum vexillum,44.94847285,-67.01421954,22e46a73-06ca-4022-9b7c-933c3f94b94b,2022,250126
Didemnum vexillum,44.90942225,-66.96067681,22e46a73-06ca-4022-9b7c-933c3f94b94b,2022,250126
Didemnum vexillum,44.90916706,-66.95917666,22e46a73-06ca-4022-9b7c-933c3f94b94b,2022,250126
Didemnum vexillum,43.0578,-70.7267,16434578-ebf7-4bcc-a776-508ffece76de,2007,250126
Didemnum vexillum,43.844379425,-69.6408233643,4da23d30-af8d-48f3-977a-4e24394e2e8c,2007,250126
Didemnum vexillum,44.94858667,-67.00554667,22e46a73-06ca-4022-9b7c-933c3f94b94b,2022,250126
Didemnum vexillum,42.5213317871,-70.8818206787,b42bc9f6-efc5-4cfd-b6a8-3c97b0a1be46,2007,250126
Didemnum vexillum,41.8348999023,-69.9726028442,b42bc9f6-efc5-4cfd-b6a8-3c97b0a1be46,2007,250126
Didemnum vexillum,42.3218078613,-70.9886322021,1618356f-0f62-4cbb-9252-005120e31fb0,2009,250126
Didemnum vexillum,44.90890655,-66.96064636,22e46a73-06ca-4022-9b7c-933c3f94b94b,2022,250126
Didemnum vexillum,44.958195,-67.01606,22e46a73-06ca-4022-9b7c-933c3f94b94b,2022,250126
Didemnum vexillum,42.5004005432,-70.8382034302,b42bc9f6-efc5-4cfd-b6a8-3c97b0a1be46,2007,250126
Didemnum vexillum,44.94802,-67.005135,22e46a73-06ca-4022-9b7c-933c3f94b94b,2022,250126
Didemnum vexillum,44.95632167,-67.01635,22e46a73-06ca-4022-9b7c-933c3f94b94b,2022,250126
Didemnum vexillum,44.95707833,-67.01636833,22e46a73-06ca-4022-9b7c-933c3f94b94b,2022,250126
Didemnum vexillum,44.92117667,-66.95731,22e46a73-06ca-4022-9b7c-933c3f94b94b,2022,250126
Didemnum vexillum,44.90947313,-66.96068644,22e46a73-06ca-4022-9b7c-933c3f94b94b,2022,250126
Didemnum vexillum,44.90911004,-66.95940061,22e46a73-06ca-4022-9b7c-933c3f94b94b,2022,250126
Didemnum vexillum,44.92113167,-66.957505,22e46a73-06ca-4022-9b7c-933c3f94b94b,2022,250126
Didemnum vexillum,44.94225167,-67.00383333,22e46a73-06ca-4022-9b7c-933c3f94b94b,2022,250126
Didemnum vexillum,43.007,-70.716,5b235cbe-37fb-400a-bd59-d03aad7c8fc4,2002,250126
Didemnum vexillum,44.92131833,-66.95694833,22e46a73-06ca-4022-9b7c-933c3f94b94b,2022,250126
Didemnum vexillum,41.8348999023,-69.9726028442,b42bc9f6-efc5-4cfd-b6a8-3c97b0a1be46,2007,250126
Didemnum vexillum,44.94164345,-67.01123653,22e46a73-06ca-4022-9b7c-933c3f94b94b,2022,250126
Didemnum vexillum,44.95849333,-67.01585,22e46a73-06ca-4022-9b7c-933c3f94b94b,2022,250126
Didemnum vexillum,44.90952744,-66.96069257,22e46a73-06ca-4022-9b7c-933c3f94b94b,2022,250126
Didemnum vexillum,44.95775,-67.01628333,22e46a73-06ca-4022-9b7c-933c3f94b94b,2022,250126
Didemnum vexillum,44.90897527,-66.95990676,22e46a73-06ca-4022-9b7c-933c3f94b94b,2022,250126
Didemnum vexillum,44.92201667,-66.95533667,22e46a73-06ca-4022-9b7c-933c3f94b94b,2022,250126
Didemnum vexillum,44.94688,-67.00469333,22e46a73-06ca-4022-9b7c-933c3f94b94b,2022,250126
Didemnum vexillum,41.8087005615,-69.9529037476,b42bc9f6-efc5-4cfd-b6a8-3c97b0a1be46,2007,250126
Didemnum vexillum,42.5463485718,-70.8554992676,b42bc9f6-efc5-4cfd-b6a8-3c97b0a1be46,2007,250126
Didemnum vexillum,44.95684667,-67.01634667,22e46a73-06ca-4022-9b7c-933c3f94b94b,2022,250126
Didemnum vexillum,44.8893,-67.0125,16434578-ebf7-4bcc-a776-508ffece76de,2007,250126
Didemnum vexillum,44.90885657,-66.96037014,22e46a73-06ca-4022-9b7c-933c3f94b94b,2022,250126
Didemnum vexillum,44.955825,-67.016465,22e46a73-06ca-4022-9b7c-933c3f94b94b,2022,250126
Didemnum vexillum,43.82,-69.5497,16434578-ebf7-4bcc-a776-508ffece76de,2002,250126
Didemnum vexillum,42.5211181641,-70.8809814453,b42bc9f6-efc5-4cfd-b6a8-3c97b0a1be46,2007,250126
Didemnum vexillum,44.95593333,-67.01641667,22e46a73-06ca-4022-9b7c-933c3f94b94b,2022,250126
Didemnum vexillum,44.942255,-67.003835,22e46a73-06ca-4022-9b7c-933c3f94b94b,2022,250126
Didemnum vexillum,44.956485,-67.016315,22e46a73-06ca-4022-9b7c-933c3f94b94b,2022,250126
Didemnum vexillum,44.90902803,-66.95971092,22e46a73-06ca-4022-9b7c-933c3f94b94b,2022,250126
Didemnum vexillum,44.9091202,-66.96063323,22e46a73-06ca-4022-9b7c-933c3f94b94b,2022,250126
Didemnum vexillum,44.9093828,-66.95844414,22e46a73-06ca-4022-9b7c-933c3f94b94b,2022,250126
Didemnum vexillum,44.90907402,-66.96062777,22e46a73-06ca-4022-9b7c-933c3f94b94b,2022,250126
Didemnum vexillum,44.90952266,-66.96069229,22e46a73-06ca-4022-9b7c-933c3f94b94b,2022,250126
Didemnum vexillum,44.91003753,-66.96066794,22e46a73-06ca-4022-9b7c-933c3f94b94b,2022,250126
Didemnum vexillum,41.7208,-69.9625,16434578-ebf7-4bcc-a776-508ffece76de,2005,250126
Didemnum vexillum,42.3432922363,-71.0349655151,1618356f-0f62-4cbb-9252-005120e31fb0,2009,250126
Didemnum vexillum,44.947765,-67.00500167,22e46a73-06ca-4022-9b7c-933c3f94b94b,2022,250126
Didemnum vexillum,44.90928015,-66.95881664,22e46a73-06ca-4022-9b7c-933c3f94b94b,2022,250126
Didemnum vexillum,44.90934179,-66.95859364,22e46a73-06ca-4022-9b7c-933c3f94b94b,2022,250126
Didemnum vexillum,42.5276985168,-70.8663024902,1618356f-0f62-4cbb-9252-005120e31fb0,2008,250126
Didemnum vexillum,44.94411256,-67.01331178,22e46a73-06ca-4022-9b7c-933c3f94b94b,2022,250126
Didemnum vexillum,44.98129667,-67.0252,22e46a73-06ca-4022-9b7c-933c3f94b94b,2022,250126
Didemnum vexillum,44.936833,-66.842183,83040ea6-0e87-4e4e-937d-1b826349c464,2020,250126
Didemnum vexillum,41.8087005615,-69.9529037476,b42bc9f6-efc5-4cfd-b6a8-3c97b0a1be46,2007,250126
Didemnum vexillum,44.95776167,-67.01627833,22e46a73-06ca-4022-9b7c-933c3f94b94b,2022,250126
Didemnum vexillum,43.0717,-70.7131,16434578-ebf7-4bcc-a776-508ffece76de,2002,250126
Didemnum vexillum,44.9097113,-66.9606866,22e46a73-06ca-4022-9b7c-933c3f94b94b,2022,250126
Didemnum vexillum,44.90981148,-66.96067944,22e46a73-06ca-4022-9b7c-933c3f94b94b,2022,250126
Didemnum vexillum,44.955695,-67.01649,22e46a73-06ca-4022-9b7c-933c3f94b94b,2022,250126
Didemnum vexillum,44.95618,-67.01634667,22e46a73-06ca-4022-9b7c-933c3f94b94b,2022,250126
Didemnum vexillum,44.90918578,-66.96064049,22e46a73-06ca-4022-9b7c-933c3f94b94b,2022,250126
Didemnum vexillum,44.94252,-67.00373667,22e46a73-06ca-4022-9b7c-933c3f94b94b,2022,250126
Didemnum vexillum,44.90887511,-66.96025157,22e46a73-06ca-4022-9b7c-933c3f94b94b,2022,250126
Didemnum vexillum,44.94230333,-67.00385667,22e46a73-06ca-4022-9b7c-933c3f94b94b,2022,250126
Didemnum vexillum,41.8348999023,-69.9726028442,b42bc9f6-efc5-4cfd-b6a8-3c97b0a1be46,2007,250126
Didemnum vexillum,44.90957037,-66.96069407,22e46a73-06ca-4022-9b7c-933c3f94b94b,2022,250126
Didemnum vexillum,42.5213317871,-70.8818206787,b42bc9f6-efc5-4cfd-b6a8-3c97b0a1be46,2007,250126
Didemnum vexillum,44.98015667,-67.02364333,22e46a73-06ca-4022-9b7c-933c3f94b94b,2022,250126
Didemnum vexillum,44.95822167,-67.01604333,22e46a73-06ca-4022-9b7c-933c3f94b94b,2022,250126
Didemnum vexillum,43.895,-69.5883,16434578-ebf7-4bcc-a776-508ffece76de,2004,250126
Didemnum vexillum,44.90886094,-66.96032782,22e46a73-06ca-4022-9b7c-933c3f94b94b,2022,250126
Didemnum vexillum,44.90885335,-66.96049359,22e46a73-06ca-4022-9b7c-933c3f94b94b,2022,250126
Didemnum vexillum,44.90900435,-66.96062518,22e46a73-06ca-4022-9b7c-933c3f94b94b,2022,250126
Didemnum vexillum,44.94741,-67.00488667,22e46a73-06ca-4022-9b7c-933c3f94b94b,2022,250126
Didemnum vexillum,44.90914828,-66.95924515,22e46a73-06ca-4022-9b7c-933c3f94b94b,2022,250126
Didemnum vexillum,41.665,-69.9567,16434578-ebf7-4bcc-a776-508ffece76de,2003,250126
Didemnum vexillum,44.91007865,-66.960666,22e46a73-06ca-4022-9b7c-933c3f94b94b,2022,250126
Didemnum vexillum,44.92195333,-66.95563333,22e46a73-06ca-4022-9b7c-933c3f94b94b,2022,250126
Didemnum vexillum,44.94234167,-67.002935,22e46a73-06ca-4022-9b7c-933c3f94b94b,2022,250126
Didemnum vexillum,44.92201667,-66.9555,22e46a73-06ca-4022-9b7c-933c3f94b94b,2022,250126
Didemnum vexillum,42.5213317871,-70.8818206787,b42bc9f6-efc5-4cfd-b6a8-3c97b0a1be46,2007,250126
Didemnum vexillum,44.92126,-66.95746833,22e46a73-06ca-4022-9b7c-933c3f94b94b,2022,250126
Didemnum vexillum,44.9357,-67.0492,16434578-ebf7-4bcc-a776-508ffece76de,2005,250126
Didemnum vexillum,44.91017779,-66.96066266,22e46a73-06ca-4022-9b7c-933c3f94b94b,2022,250126
Didemnum vexillum,43.9867,-69.4012,16434578-ebf7-4bcc-a776-508ffece76de,2006,250126
Didemnum vexillum,44.92155167,-66.95642667,22e46a73-06ca-4022-9b7c-933c3f94b94b,2022,250126
Didemnum vexillum,44.921175,-66.95753167,22e46a73-06ca-4022-9b7c-933c3f94b94b,2022,250126
Didemnum vexillum,44.94226667,-67.00384,22e46a73-06ca-4022-9b7c-933c3f94b94b,2022,250126
Didemnum vexillum,41.8348999023,-69.9726028442,1618356f-0f62-4cbb-9252-005120e31fb0,2008,250126
Didemnum vexillum,44.98071,-67.02461667,22e46a73-06ca-4022-9b7c-933c3f94b94b,2022,250126
Didemnum vexillum,44.955715,-67.016485,22e46a73-06ca-4022-9b7c-933c3f94b94b,2022,250126
Didemnum vexillum,44.94386238,-67.01315284,22e46a73-06ca-4022-9b7c-933c3f94b94b,2022,250126
Didemnum vexillum,44.90937133,-66.9606687,22e46a73-06ca-4022-9b7c-933c3f94b94b,2022,250126
Didemnum vexillum,44.95735,-67.016375,22e46a73-06ca-4022-9b7c-933c3f94b94b,2022,250126
Didemnum vexillum,44.94139653,-67.01096214,22e46a73-06ca-4022-9b7c-933c3f94b94b,2022,250126
Didemnum vexillum,41.8348999023,-69.9726028442,b42bc9f6-efc5-4cfd-b6a8-3c97b0a1be46,2007,250126
Didemnum vexillum,42.3432922363,-71.0349655151,1618356f-0f62-4cbb-9252-005120e31fb0,2009,250126
Didemnum vexillum,42.5402984619,-70.8862991333,b42bc9f6-efc5-4cfd-b6a8-3c97b0a1be46,2007,250126
Didemnum vexillum,44.909325,-66.95865081,22e46a73-06ca-4022-9b7c-933c3f94b94b,2022,250126
Didemnum vexillum,44.90885641,-66.9605308,22e46a73-06ca-4022-9b7c-933c3f94b94b,2022,250126
Didemnum vexillum,44.95591167,-67.01643167,22e46a73-06ca-4022-9b7c-933c3f94b94b,2022,250126
Didemnum vexillum,44.9357,-67.0492,16434578-ebf7-4bcc-a776-508ffece76de,2007,250126
Didemnum vexillum,44.90901439,-66.95976085,22e46a73-06ca-4022-9b7c-933c3f94b94b,2022,250126
Didemnum vexillum,44.98116,-67.025095,22e46a73-06ca-4022-9b7c-933c3f94b94b,2022,250126
Didemnum vexillum,41.771068573,-70.5023727417,4da23d30-af8d-48f3-977a-4e24394e2e8c,2000,250126
Didemnum vexillum,44.95791667,-67.016255,22e46a73-06ca-4022-9b7c-933c3f94b94b,2022,250126
Didemnum vexillum,44.90893656,-66.9600268,22e46a73-06ca-4022-9b7c-933c3f94b94b,2022,250126
Didemnum vexillum,44.90885248,-66.96047572,22e46a73-06ca-4022-9b7c-933c3f94b94b,2022,250126
Didemnum vexillum,44.90906939,-66.96062708,22e46a73-06ca-4022-9b7c-933c3f94b94b,2022,250126
Didemnum vexillum,44.958545,-67.01580333,22e46a73-06ca-4022-9b7c-933c3f94b94b,2022,250126
Didemnum vexillum,44.92185167,-66.95577167,22e46a73-06ca-4022-9b7c-933c3f94b94b,2022,250126
Didemnum vexillum,44.92138333,-66.95671167,22e46a73-06ca-4022-9b7c-933c3f94b94b,2022,250126
Didemnum vexillum,44.94124449,-67.01079001,22e46a73-06ca-4022-9b7c-933c3f94b94b,2022,250126
Didemnum vexillum,44.94250333,-67.00363167,22e46a73-06ca-4022-9b7c-933c3f94b94b,2022,250126
Didemnum vexillum,42.3432922363,-71.0349655151,1618356f-0f62-4cbb-9252-005120e31fb0,2009,250126
Didemnum vexillum,44.90902981,-66.96062497,22e46a73-06ca-4022-9b7c-933c3f94b94b,2022,250126
Didemnum vexillum,41.7917,-69.9847,16434578-ebf7-4bcc-a776-508ffece76de,2004,250126
Didemnum vexillum,44.90901259,-66.95976585,22e46a73-06ca-4022-9b7c-933c3f94b94b,2022,250126
Didemnum vexillum,42.5766983032,-70.7376022339,1618356f-0f62-4cbb-9252-005120e31fb0,2009,250126
Didemnum vexillum,44.95764,-67.01629833,22e46a73-06ca-4022-9b7c-933c3f94b94b,2022,250126
Didemnum vexillum,44.95555,-67.01655167,22e46a73-06ca-4022-9b7c-933c3f94b94b,2022,250126
Didemnum vexillum,42.5402984619,-70.8862991333,1618356f-0f62-4cbb-9252-005120e31fb0,2008,250126
Didemnum vexillum,41.8348999023,-69.9726028442,1618356f-0f62-4cbb-9252-005120e31fb0,2008,250126
Didemnum vexillum,44.90885972,-66.96056402,22e46a73-06ca-4022-9b7c-933c3f94b94b,2022,250126
Didemnum vexillum,44.94513833,-67.004205,22e46a73-06ca-4022-9b7c-933c3f94b94b,2022,250126
Didemnum vexillum,44.95654667,-67.016305,22e46a73-06ca-4022-9b7c-933c3f94b94b,2022,250126
Didemnum vexillum,41.8348999023,-69.9726028442,1618356f-0f62-4cbb-9252-005120e31fb0,2009,250126
Didemnum vexillum,44.90944523,-66.96068124,22e46a73-06ca-4022-9b7c-933c3f94b94b,2022,250126
Didemnum vexillum,41.0018,-67.5408,16434578-ebf7-4bcc-a776-508ffece76de,2003,250126
Didemnum vexillum,41.8348999023,-69.9726028442,b42bc9f6-efc5-4cfd-b6a8-3c97b0a1be46,2007,250126
Didemnum vexillum,44.90919853,-66.95906507,22e46a73-06ca-4022-9b7c-933c3f94b94b,2022,250126
Didemnum vexillum,41.8087005615,-69.9529037476,b42bc9f6-efc5-4cfd-b6a8-3c97b0a1be46,2007,250126
Didemnum vexillum,44.9088843,-66.96021559,22e46a73-06ca-4022-9b7c-933c3f94b94b,2022,250126
Didemnum vexillum,44.955875,-67.01644667,22e46a73-06ca-4022-9b7c-933c3f94b94b,2022,250126
Didemnum vexillum,44.94753,-67.00493,22e46a73-06ca-4022-9b7c-933c3f94b94b,2022,250126
Didemnum vexillum,44.9357,-67.0492,16434578-ebf7-4bcc-a776-508ffece76de,2006,250126
Didemnum vexillum,44.95816333,-67.01609833,22e46a73-06ca-4022-9b7c-933c3f94b94b,2022,250126
Didemnum vexillum,44.90996427,-66.96067108,22e46a73-06ca-4022-9b7c-933c3f94b94b,2022,250126
Didemnum vexillum,44.92178333,-66.95589833,22e46a73-06ca-4022-9b7c-933c3f94b94b,2022,250126
Didemnum vexillum,44.95840667,-67.01591,22e46a73-06ca-4022-9b7c-933c3f94b94b,2022,250126
Didemnum vexillum,44.958115,-67.01616167,22e46a73-06ca-4022-9b7c-933c3f94b94b,2022,250126
Didemnum vexillum,44.90900031,-66.95981307,22e46a73-06ca-4022-9b7c-933c3f94b94b,2022,250126
Didemnum vexillum,44.92198667,-66.95558,22e46a73-06ca-4022-9b7c-933c3f94b94b,2022,250126
Didemnum vexillum,44.9577,-67.01628833,22e46a73-06ca-4022-9b7c-933c3f94b94b,2022,250126
Didemnum vexillum,44.942465,-67.00383167,22e46a73-06ca-4022-9b7c-933c3f94b94b,2022,250126
Didemnum vexillum,44.92153667,-66.95646,22e46a73-06ca-4022-9b7c-933c3f94b94b,2022,250126
Didemnum vexillum,44.90920343,-66.96064281,22e46a73-06ca-4022-9b7c-933c3f94b94b,2022,250126
Didemnum vexillum,44.91023511,-66.96065947,22e46a73-06ca-4022-9b7c-933c3f94b94b,2022,250126
Didemnum vexillum,44.92115333,-66.95740833,22e46a73-06ca-4022-9b7c-933c3f94b94b,2022,250126
Didemnum vexillum,44.95679,-67.01633,22e46a73-06ca-4022-9b7c-933c3f94b94b,2022,250126
Didemnum vexillum,44.95846833,-67.01586,22e46a73-06ca-4022-9b7c-933c3f94b94b,2022,250126
Didemnum vexillum,42.3218078613,-70.9886322021,1618356f-0f62-4cbb-9252-005120e31fb0,2009,250126
Didemnum vexillum,41.8348999023,-69.9726028442,b42bc9f6-efc5-4cfd-b6a8-3c97b0a1be46,2007,250126
Didemnum vexillum,44.95629667,-67.01635167,22e46a73-06ca-4022-9b7c-933c3f94b94b,2022,250126
Didemnum vexillum,44.90885196,-66.96045328,22e46a73-06ca-4022-9b7c-933c3f94b94b,2022,250126
Didemnum vexillum,44.90925475,-66.95889762,22e46a73-06ca-4022-9b7c-933c3f94b94b,2022,250126
Didemnum vexillum,44.92176,-66.95596167,22e46a73-06ca-4022-9b7c-933c3f94b94b,2022,250126
Didemnum vexillum,44.9089347,-66.96003272,22e46a73-06ca-4022-9b7c-933c3f94b94b,2022,250126
Didemnum vexillum,44.92181667,-66.95583167,22e46a73-06ca-4022-9b7c-933c3f94b94b,2022,250126
Didemnum vexillum,44.92178,-66.95590833,22e46a73-06ca-4022-9b7c-933c3f94b94b,2022,250126
Didemnum vexillum,44.95549833,-67.01658167,22e46a73-06ca-4022-9b7c-933c3f94b94b,2022,250126
Didemnum vexillum,44.90918065,-66.95912475,22e46a73-06ca-4022-9b7c-933c3f94b94b,2022,250126
Didemnum vexillum,41.8348999023,-69.9726028442,b42bc9f6-efc5-4cfd-b6a8-3c97b0a1be46,2007,250126
Didemnum vexillum,44.94789384,-67.01425235,22e46a73-06ca-4022-9b7c-933c3f94b94b,2022,250126
Didemnum vexillum,44.941865,-67.00362,22e46a73-06ca-4022-9b7c-933c3f94b94b,2022,250126
Didemnum vexillum,44.94219167,-67.00378333,22e46a73-06ca-4022-9b7c-933c3f94b94b,2022,250126
Didemnum vexillum,44.94824284,-67.01424079,22e46a73-06ca-4022-9b7c-933c3f94b94b,2022,250126
Didemnum vexillum,44.94398704,-67.01323542,22e46a73-06ca-4022-9b7c-933c3f94b94b,2022,250126
Didemnum vexillum,44.95846833,-67.01586167,22e46a73-06ca-4022-9b7c-933c3f94b94b,2022,250126
Didemnum vexillum,44.98010667,-67.02354,22e46a73-06ca-4022-9b7c-933c3f94b94b,2022,250126
Didemnum vexillum,44.95529,-67.01679667,22e46a73-06ca-4022-9b7c-933c3f94b94b,2022,250126
Didemnum vexillum,44.90894766,-66.95999297,22e46a73-06ca-4022-9b7c-933c3f94b94b,2022,250126
Didemnum vexillum,44.9412696,-67.01081862,22e46a73-06ca-4022-9b7c-933c3f94b94b,2022,250126
Didemnum vexillum,43.0717163086,-70.7105331421,4da23d30-af8d-48f3-977a-4e24394e2e8c,2003,250126
Didemnum vexillum,44.9412696,-67.01081862,22e46a73-06ca-4022-9b7c-933c3f94b94b,2022,250126
Didemnum vexillum,44.95806333,-67.016205,22e46a73-06ca-4022-9b7c-933c3f94b94b,2022,250126
Didemnum vexillum,41.9696,-67.5308,16434578-ebf7-4bcc-a776-508ffece76de,2003,250126
Didemnum vexillum,42.540348053,-70.8860549927,aefc0943-90a0-4b2b-9689-3d88711d945a,2007,250126
Didemnum vexillum,44.94240667,-67.00386167,22e46a73-06ca-4022-9b7c-933c3f94b94b,2022,250126
Didemnum vexillum,44.94149833,-67.00352833,22e46a73-06ca-4022-9b7c-933c3f94b94b,2022,250126
Didemnum vexillum,44.921175,-66.95753167,22e46a73-06ca-4022-9b7c-933c3f94b94b,2022,250126
Didemnum vexillum,44.95740667,-67.01635833,22e46a73-06ca-4022-9b7c-933c3f94b94b,2022,250126
Didemnum vexillum,44.958175,-67.01608333,22e46a73-06ca-4022-9b7c-933c3f94b94b,2022,250126
Didemnum vexillum,44.90898889,-66.95985939,22e46a73-06ca-4022-9b7c-933c3f94b94b,2022,250126
Didemnum vexillum,42.5211181641,-70.8809814453,b42bc9f6-efc5-4cfd-b6a8-3c97b0a1be46,2007,250126
Didemnum vexillum,44.90962765,-66.96069139,22e46a73-06ca-4022-9b7c-933c3f94b94b,2022,250126
Didemnum vexillum,42.5402984619,-70.8862991333,b42bc9f6-efc5-4cfd-b6a8-3c97b0a1be46,2007,250126
Didemnum vexillum,41.8087005615,-69.9529037476,b42bc9f6-efc5-4cfd-b6a8-3c97b0a1be46,2007,250126
Didemnum vexillum,44.92202333,-66.95542833,22e46a73-06ca-4022-9b7c-933c3f94b94b,2022,250126
Didemnum vexillum,44.95721167,-67.016375,22e46a73-06ca-4022-9b7c-933c3f94b94b,2022,250126
Didemnum vexillum,44.90887024,-66.96027125,22e46a73-06ca-4022-9b7c-933c3f94b94b,2022,250126
Didemnum vexillum,42.5213317871,-70.8818206787,b42bc9f6-efc5-4cfd-b6a8-3c97b0a1be46,2007,250126
Didemnum vexillum,44.95801,-67.01623167,22e46a73-06ca-4022-9b7c-933c3f94b94b,2022,250126
Didemnum vexillum,44.9101206,-66.96066418,22e46a73-06ca-4022-9b7c-933c3f94b94b,2022,250126
Didemnum vexillum,44.90924717,-66.95892063,22e46a73-06ca-4022-9b7c-933c3f94b94b,2022,250126
Didemnum vexillum,44.95799333,-67.01623833,22e46a73-06ca-4022-9b7c-933c3f94b94b,2022,250126
Didemnum vexillum,44.90896216,-66.95994673,22e46a73-06ca-4022-9b7c-933c3f94b94b,2022,250126
Didemnum vexillum,44.957895,-67.01625333,22e46a73-06ca-4022-9b7c-933c3f94b94b,2022,250126
Didemnum vexillum,44.90976082,-66.96068291,22e46a73-06ca-4022-9b7c-933c3f94b94b,2022,250126
Didemnum vexillum,44.95565167,-67.01649667,22e46a73-06ca-4022-9b7c-933c3f94b94b,2022,250126
Didemnum vexillum,44.94180667,-67.00360833,22e46a73-06ca-4022-9b7c-933c3f94b94b,2022,250126
Didemnum vexillum,44.90917355,-66.95915163,22e46a73-06ca-4022-9b7c-933c3f94b94b,2022,250126
Didemnum vexillum,41.8087005615,-69.9529037476,b42bc9f6-efc5-4cfd-b6a8-3c97b0a1be46,2007,250126
Didemnum vexillum,44.90888162,-66.96022629,22e46a73-06ca-4022-9b7c-933c3f94b94b,2022,250126
Didemnum vexillum,44.94535333,-67.00427333,22e46a73-06ca-4022-9b7c-933c3f94b94b,2022,250126
Didemnum vexillum,42.5402984619,-70.8862991333,1618356f-0f62-4cbb-9252-005120e31fb0,2009,250126
Didemnum vexillum,44.90898723,-66.96062593,22e46a73-06ca-4022-9b7c-933c3f94b94b,2022,250126
Didemnum vexillum,42.5766983032,-70.7376022339,b42bc9f6-efc5-4cfd-b6a8-3c97b0a1be46,2007,250126
Didemnum vexillum,44.90905749,-66.95959878,22e46a73-06ca-4022-9b7c-933c3f94b94b,2022,250126
Didemnum vexillum,44.94214667,-67.00374333,22e46a73-06ca-4022-9b7c-933c3f94b94b,2022,250126
Didemnum vexillum,41.8087005615,-69.9529037476,b42bc9f6-efc5-4cfd-b6a8-3c97b0a1be46,2007,250126
Didemnum vexillum,44.92173167,-66.95603167,22e46a73-06ca-4022-9b7c-933c3f94b94b,2022,250126
Didemnum vexillum,44.90964886,-66.96069069,22e46a73-06ca-4022-9b7c-933c3f94b94b,2022,250126
Didemnum vexillum,44.9215,-66.956515,22e46a73-06ca-4022-9b7c-933c3f94b94b,2022,250126
Didemnum vexillum,44.90892328,-66.9600708,22e46a73-06ca-4022-9b7c-933c3f94b94b,2022,250126
Didemnum vexillum,41.8348999023,-69.9726028442,b42bc9f6-efc5-4cfd-b6a8-3c97b0a1be46,2007,250126
Didemnum vexillum,42.5463485718,-70.8554992676,b42bc9f6-efc5-4cfd-b6a8-3c97b0a1be46,2007,250126
Didemnum vexillum,44.94217833,-67.00376833,22e46a73-06ca-4022-9b7c-933c3f94b94b,2022,250126
Didemnum vexillum,44.94189667,-67.00362833,22e46a73-06ca-4022-9b7c-933c3f94b94b,2022,250126
Didemnum vexillum,44.95805167,-67.01621167,22e46a73-06ca-4022-9b7c-933c3f94b94b,2022,250126
Didemnum vexillum,41.9532,-67.518,16434578-ebf7-4bcc-a776-508ffece76de,2003,250126
Didemnum vexillum,44.941985,-67.003675,22e46a73-06ca-4022-9b7c-933c3f94b94b,2022,250126
Didemnum vexillum,44.94235012,-67.01196106,22e46a73-06ca-4022-9b7c-933c3f94b94b,2022,250126
Didemnum vexillum,44.94576167,-67.00437333,22e46a73-06ca-4022-9b7c-933c3f94b94b,2022,250126
Didemnum vexillum,44.95713833,-67.01637,22e46a73-06ca-4022-9b7c-933c3f94b94b,2022,250126
Didemnum vexillum,42.613117218,-70.6524734497,1618356f-0f62-4cbb-9252-005120e31fb0,2009,250126
Didemnum vexillum,44.90915169,-66.95923452,22e46a73-06ca-4022-9b7c-933c3f94b94b,2022,250126
Didemnum vexillum,41.8348999023,-69.9726028442,b42bc9f6-efc5-4cfd-b6a8-3c97b0a1be46,2007,250126
Didemnum vexillum,44.90904325,-66.95965696,22e46a73-06ca-4022-9b7c-933c3f94b94b,2022,250126
Didemnum vexillum,44.92131,-66.95744333,22e46a73-06ca-4022-9b7c-933c3f94b94b,2022,250126
Didemnum vexillum,41.773667,-70.4883,16434578-ebf7-4bcc-a776-508ffece76de,2003,250126
Didemnum vexillum,41.8348999023,-69.9726028442,b42bc9f6-efc5-4cfd-b6a8-3c97b0a1be46,2007,250126
Didemnum vexillum,44.90966304,-66.96069017,22e46a73-06ca-4022-9b7c-933c3f94b94b,2022,250126
Didemnum vexillum,41.8348999023,-69.9726028442,b42bc9f6-efc5-4cfd-b6a8-3c97b0a1be46,2007,250126
Didemnum vexillum,44.92188667,-66.95572833,22e46a73-06ca-4022-9b7c-933c3f94b94b,2022,250126
Didemnum vexillum,44.942005,-67.00369,22e46a73-06ca-4022-9b7c-933c3f94b94b,2022,250126
Didemnum vexillum,44.94233833,-67.00268833,22e46a73-06ca-4022-9b7c-933c3f94b94b,2022,250126
Didemnum vexillum,44.94217667,-67.00376667,22e46a73-06ca-4022-9b7c-933c3f94b94b,2022,250126
Didemnum vexillum,44.955455,-67.01661667,22e46a73-06ca-4022-9b7c-933c3f94b94b,2022,250126
Didemnum vexillum,44.94745833,-67.004905,22e46a73-06ca-4022-9b7c-933c3f94b94b,2022,250126
Didemnum vexillum,44.90885388,-66.96039732,22e46a73-06ca-4022-9b7c-933c3f94b94b,2022,250126
Didemnum vexillum,41.8087005615,-69.9529037476,b42bc9f6-efc5-4cfd-b6a8-3c97b0a1be46,2007,250126
Didemnum vexillum,41.8087005615,-69.9529037476,b42bc9f6-efc5-4cfd-b6a8-3c97b0a1be46,2007,250126
Didemnum vexillum,41.8348999023,-69.9726028442,b42bc9f6-efc5-4cfd-b6a8-3c97b0a1be46,2007,250126
Didemnum vexillum,44.936833,-66.842183,83040ea6-0e87-4e4e-937d-1b826349c464,2020,250126
Didemnum vexillum,41.8348999023,-69.9726028442,b42bc9f6-efc5-4cfd-b6a8-3c97b0a1be46,2007,250126
Didemnum vexillum,44.90886848,-66.96061561,22e46a73-06ca-4022-9b7c-933c3f94b94b,2022,250126
Didemnum vexillum,44.934167,-66.840583,83040ea6-0e87-4e4e-937d-1b826349c464,2021,250126
Didemnum vexillum,44.94206333,-67.00371667,22e46a73-06ca-4022-9b7c-933c3f94b94b,2022,250126
Didemnum vexillum,44.946045,-67.00444,22e46a73-06ca-4022-9b7c-933c3f94b94b,2022,250126
Didemnum vexillum,41.9253,-70.04,16434578-ebf7-4bcc-a776-508ffece76de,2005,250126
Didemnum vexillum,44.90934059,-66.96066435,22e46a73-06ca-4022-9b7c-933c3f94b94b,2022,250126
Didemnum vexillum,41.8348999023,-69.9726028442,1618356f-0f62-4cbb-9252-005120e31fb0,2008,250126
Didemnum vexillum,44.95666333,-67.016305,22e46a73-06ca-4022-9b7c-933c3f94b94b,2022,250126
Didemnum vexillum,41.8348999023,-69.9726028442,b42bc9f6-efc5-4cfd-b6a8-3c97b0a1be46,2007,250126
Diplosoma listerianum,42.5402984619,-70.8862991333,b42bc9f6-efc5-4cfd-b6a8-3c97b0a1be46,2007,103579
Diplosoma listerianum,43.81648,-66.14785,58d5dd83-b5b3-4dc8-81c4-8b8a54d59b1a,2019,103579
Diplosoma listerianum,44.915994,-66.94122,58d5dd83-b5b3-4dc8-81c4-8b8a54d59b1a,2022,103579
Diplosoma listerianum,44.39681,-66.21413,58d5dd83-b5b3-4dc8-81c4-8b8a54d59b1a,2020,103579
Diplosoma listerianum,45.0944,-66.4168,58d5dd83-b5b3-4dc8-81c4-8b8a54d59b1a,2023,103579
Diplosoma listerianum,45.0559,-66.7948,58d5dd83-b5b3-4dc8-81c4-8b8a54d59b1a,2023,103579
Diplosoma listerianum,42.5213317871,-70.8818206787,b42bc9f6-efc5-4cfd-b6a8-3c97b0a1be46,2007,103579
Diplosoma listerianum,45.144833,-67.015293,58d5dd83-b5b3-4dc8-81c4-8b8a54d59b1a,2023,103579
Diplosoma listerianum,41.8348999023,-69.9726028442,b42bc9f6-efc5-4cfd-b6a8-3c97b0a1be46,2007,103579
Diplosoma listerianum,43.7236,-65.84057,58d5dd83-b5b3-4dc8-81c4-8b8a54d59b1a,2020,103579
Diplosoma listerianum,41.8087005615,-69.9529037476,b42bc9f6-efc5-4cfd-b6a8-3c97b0a1be46,2007,103579
Diplosoma listerianum,41.8348999023,-69.9726028442,b42bc9f6-efc5-4cfd-b6a8-3c97b0a1be46,2007,103579
Diplosoma listerianum,43.81648,-66.14785,58d5dd83-b5b3-4dc8-81c4-8b8a54d59b1a,2020,103579
Diplosoma listerianum,44.9716,-66.9527,58d5dd83-b5b3-4dc8-81c4-8b8a54d59b1a,2018,103579
Diplosoma listerianum,44.9466,-66.9055,58d5dd83-b5b3-4dc8-81c4-8b8a54d59b1a,2023,103579
Diplosoma listerianum,42.5213317871,-70.8818206787,b42bc9f6-efc5-4cfd-b6a8-3c97b0a1be46,2007,103579
Diplosoma listerianum,44.964046,-67.007652,58d5dd83-b5b3-4dc8-81c4-8b8a54d59b1a,2021,103579
Diplosoma listerianum,45.0688,-66.7398,58d5dd83-b5b3-4dc8-81c4-8b8a54d59b1a,2020,103579
Diplosoma listerianum,42.5463485718,-70.8554992676,b42bc9f6-efc5-4cfd-b6a8-3c97b0a1be46,2007,103579
Diplosoma listerianum,44.2649,-66.348,58d5dd83-b5b3-4dc8-81c4-8b8a54d59b1a,2022,103579
Diplosoma listerianum,43.8209381104,-70.1052932739,4da23d30-af8d-48f3-977a-4e24394e2e8c,2003,103579
Diplosoma listerianum,41.8348999023,-69.9726028442,b42bc9f6-efc5-4cfd-b6a8-3c97b0a1be46,2007,103579
Diplosoma listerianum,41.8348999023,-69.9726028442,b42bc9f6-efc5-4cfd-b6a8-3c97b0a1be46,2007,103579
Diplosoma listerianum,42.5215988159,-70.881652832,4da23d30-af8d-48f3-977a-4e24394e2e8c,2003,103579
Diplosoma listerianum,42.5213012695,-70.8817977905,1618356f-0f62-4cbb-9252-005120e31fb0,2009,103579
Diplosoma listerianum,43.0829849243,-70.7608337402,1931f1a3-0b4c-4a72-9721-78f9270455f7,2001,103579
Diplosoma listerianum,44.7631,-66.749,58d5dd83-b5b3-4dc8-81c4-8b8a54d59b1a,2020,103579
Diplosoma listerianum,43.7137,-65.96947,58d5dd83-b5b3-4dc8-81c4-8b8a54d59b1a,2022,103579
Diplosoma listerianum,44.2649,-66.348,58d5dd83-b5b3-4dc8-81c4-8b8a54d59b1a,2021,103579
Diplosoma listerianum,41.8087005615,-69.9529037476,b42bc9f6-efc5-4cfd-b6a8-3c97b0a1be46,2007,103579
Diplosoma listerianum,44.19365,-66.16688,58d5dd83-b5b3-4dc8-81c4-8b8a54d59b1a,2019,103579
Diplosoma listerianum,45.0561,-66.8638,58d5dd83-b5b3-4dc8-81c4-8b8a54d59b1a,2023,103579
Diplosoma listerianum,42.5463485718,-70.8554992676,b42bc9f6-efc5-4cfd-b6a8-3c97b0a1be46,2007,103579
Diplosoma listerianum,44.9283,-66.94,58d5dd83-b5b3-4dc8-81c4-8b8a54d59b1a,2018,103579
Diplosoma listerianum,42.5211181641,-70.8809814453,b42bc9f6-efc5-4cfd-b6a8-3c97b0a1be46,2007,103579
Diplosoma listerianum,42.5703315735,-70.7738037109,1618356f-0f62-4cbb-9252-005120e31fb0,2008,103579
Diplosoma listerianum,43.7137,-65.96947,58d5dd83-b5b3-4dc8-81c4-8b8a54d59b1a,2019,103579
Diplosoma listerianum,44.9716,-66.9527,58d5dd83-b5b3-4dc8-81c4-8b8a54d59b1a,2023,103579
Diplosoma listerianum,42.5215988159,-70.881652832,4da23d30-af8d-48f3-977a-4e24394e2e8c,2000,103579
Diplosoma listerianum,42.5402984619,-70.8862991333,1618356f-0f62-4cbb-9252-005120e31fb0,2008,103579
Diplosoma listerianum,42.5213317871,-70.8818206787,b42bc9f6-efc5-4cfd-b6a8-3c97b0a1be46,2007,103579
Diplosoma listerianum,43.7236,-65.84057,58d5dd83-b5b3-4dc8-81c4-8b8a54d59b1a,2019,103579
Diplosoma listerianum,44.19365,-66.16688,58d5dd83-b5b3-4dc8-81c4-8b8a54d59b1a,2023,103579
Diplosoma listerianum,44.964046,-67.007652,58d5dd83-b5b3-4dc8-81c4-8b8a54d59b1a,2023,103579
Diplosoma listerianum,42.5766983032,-70.7376022339,b42bc9f6-efc5-4cfd-b6a8-3c97b0a1be46,2007,103579
Diplosoma listerianum,42.5004005432,-70.8382034302,b42bc9f6-efc5-4cfd-b6a8-3c97b0a1be46,2007,103579
Diplosoma listerianum,44.6474,-66.8413,58d5dd83-b5b3-4dc8-81c4-8b8a54d59b1a,2016,103579
Diplosoma listerianum,45.0944,-66.4168,58d5dd83-b5b3-4dc8-81c4-8b8a54d59b1a,2018,103579
Diplosoma listerianum,42.5402984619,-70.8862991333,b42bc9f6-efc5-4cfd-b6a8-3c97b0a1be46,2007,103579
Diplosoma listerianum,45.0944,-66.4168,58d5dd83-b5b3-4dc8-81c4-8b8a54d59b1a,2017,103579
Diplosoma listerianum,42.5004005432,-70.8382034302,b42bc9f6-efc5-4cfd-b6a8-3c97b0a1be46,2007,103579
Diplosoma listerianum,45.0823,-67.0847,58d5dd83-b5b3-4dc8-81c4-8b8a54d59b1a,2018,103579
Diplosoma listerianum,45.0561,-66.8638,58d5dd83-b5b3-4dc8-81c4-8b8a54d59b1a,2021,103579
Diplosoma listerianum,44.39681,-66.21413,58d5dd83-b5b3-4dc8-81c4-8b8a54d59b1a,2022,103579
Diplosoma listerianum,43.7236,-65.84057,58d5dd83-b5b3-4dc8-81c4-8b8a54d59b1a,2022,103579
Diplosoma listerianum,44.63015,-65.75233,58d5dd83-b5b3-4dc8-81c4-8b8a54d59b1a,2022,103579
Diplosoma listerianum,44.964046,-67.007652,58d5dd83-b5b3-4dc8-81c4-8b8a54d59b1a,2022,103579
Diplosoma listerianum,43.4447,-65.6351,58d5dd83-b5b3-4dc8-81c4-8b8a54d59b1a,2023,103579
Diplosoma listerianum,41.8348999023,-69.9726028442,b42bc9f6-efc5-4cfd-b6a8-3c97b0a1be46,2007,103579
Diplosoma listerianum,44.9716,-66.9527,58d5dd83-b5b3-4dc8-81c4-8b8a54d59b1a,2020,103579
Diplosoma listerianum,42.5766983032,-70.7376022339,b42bc9f6-efc5-4cfd-b6a8-3c97b0a1be46,2007,103579
Diplosoma listerianum,45.0513,-66.8956,58d5dd83-b5b3-4dc8-81c4-8b8a54d59b1a,2017,103579
Diplosoma listerianum,41.771068573,-70.5023727417,4da23d30-af8d-48f3-977a-4e24394e2e8c,2000,103579
Diplosoma listerianum,44.915994,-66.94122,58d5dd83-b5b3-4dc8-81c4-8b8a54d59b1a,2023,103579
Diplosoma listerianum,44.9716,-66.9527,58d5dd83-b5b3-4dc8-81c4-8b8a54d59b1a,2021,103579
Diplosoma listerianum,42.5004005432,-70.8382034302,b42bc9f6-efc5-4cfd-b6a8-3c97b0a1be46,2007,103579
Diplosoma listerianum,45.0688,-66.7398,58d5dd83-b5b3-4dc8-81c4-8b8a54d59b1a,2023,103579
Diplosoma listerianum,42.5213012695,-70.8817977905,1618356f-0f62-4cbb-9252-005120e31fb0,2008,103579
Diplosoma listerianum,45.0513,-66.8956,58d5dd83-b5b3-4dc8-81c4-8b8a54d59b1a,2021,103579
Diplosoma listerianum,44.6474,-66.8413,58d5dd83-b5b3-4dc8-81c4-8b8a54d59b1a,2020,103579
Diplosoma listerianum,41.8087005615,-69.9529037476,b42bc9f6-efc5-4cfd-b6a8-3c97b0a1be46,2007,103579
Diplosoma listerianum,44.63015,-65.75233,58d5dd83-b5b3-4dc8-81c4-8b8a54d59b1a,2021,103579
Diplosoma listerianum,43.8209381104,-70.1052932739,4da23d30-af8d-48f3-977a-4e24394e2e8c,2003,103579
Diplosoma listerianum,45.0677,-67.0531,58d5dd83-b5b3-4dc8-81c4-8b8a54d59b1a,2022,103579
Diplosoma listerianum,42.5215988159,-70.881652832,4da23d30-af8d-48f3-977a-4e24394e2e8c,2003,103579
Diplosoma listerianum,44.7631,-66.749,58d5dd83-b5b3-4dc8-81c4-8b8a54d59b1a,2022,103579
Diplosoma listerianum,41.8087005615,-69.9529037476,b42bc9f6-efc5-4cfd-b6a8-3c97b0a1be46,2007,103579
Diplosoma listerianum,44.2649,-66.348,58d5dd83-b5b3-4dc8-81c4-8b8a54d59b1a,2023,103579
Diplosoma listerianum,42.5276985168,-70.8663024902,1618356f-0f62-4cbb-9252-005120e31fb0,2008,103579
Diplosoma listerianum,45.0944,-66.4168,58d5dd83-b5b3-4dc8-81c4-8b8a54d59b1a,2020,103579
Diplosoma listerianum,41.771068573,-70.5023727417,4da23d30-af8d-48f3-977a-4e24394e2e8c,2000,103579
Diplosoma listerianum,43.0835342407,-70.7323303223,1931f1a3-0b4c-4a72-9721-78f9270455f7,2001,103579
Diplosoma listerianum,41.8348999023,-69.9726028442,b42bc9f6-efc5-4cfd-b6a8-3c97b0a1be46,2007,103579
Diplosoma listerianum,45.0688,-66.7398,58d5dd83-b5b3-4dc8-81c4-8b8a54d59b1a,2017,103579
Diplosoma listerianum,42.5211181641,-70.8809814453,b42bc9f6-efc5-4cfd-b6a8-3c97b0a1be46,2007,103579
Diplosoma listerianum,42.5402984619,-70.8862991333,b42bc9f6-efc5-4cfd-b6a8-3c97b0a1be46,2007,103579
Diplosoma listerianum,44.6609,-66.7566,58d5dd83-b5b3-4dc8-81c4-8b8a54d59b1a,2017,103579
Diplosoma listerianum,42.5213012695,-70.8817977905,1618356f-0f62-4cbb-9252-005120e31fb0,2009,103579
Diplosoma listerianum,42.5703315735,-70.7738037109,1618356f-0f62-4cbb-9252-005120e31fb0,2008,103579
Diplosoma listerianum,42.5276985168,-70.8663024902,1618356f-0f62-4cbb-9252-005120e31fb0,2009,103579
Diplosoma listerianum,41.8348999023,-69.9726028442,b42bc9f6-efc5-4cfd-b6a8-3c97b0a1be46,2007,103579
Diplosoma listerianum,41.8348999023,-69.9726028442,b42bc9f6-efc5-4cfd-b6a8-3c97b0a1be46,2007,103579
Diplosoma listerianum,42.5766983032,-70.7376022339,b42bc9f6-efc5-4cfd-b6a8-3c97b0a1be46,2007,103579
Diplosoma listerianum,44.39681,-66.21413,58d5dd83-b5b3-4dc8-81c4-8b8a54d59b1a,2023,103579
Diplosoma listerianum,41.8087005615,-69.9529037476,b42bc9f6-efc5-4cfd-b6a8-3c97b0a1be46,2007,103579
Diplosoma listerianum,41.8348999023,-69.9726028442,b42bc9f6-efc5-4cfd-b6a8-3c97b0a1be46,2007,103579
Diplosoma listerianum,41.8348999023,-69.9726028442,b42bc9f6-efc5-4cfd-b6a8-3c97b0a1be46,2007,103579
Diplosoma listerianum,44.19365,-66.16688,58d5dd83-b5b3-4dc8-81c4-8b8a54d59b1a,2020,103579
Diplosoma listerianum,45.0513,-66.8956,58d5dd83-b5b3-4dc8-81c4-8b8a54d59b1a,2018,103579
Diplosoma listerianum,42.5463485718,-70.8554992676,b42bc9f6-efc5-4cfd-b6a8-3c97b0a1be46,2007,103579
Diplosoma listerianum,42.5402984619,-70.8862991333,b42bc9f6-efc5-4cfd-b6a8-3c97b0a1be46,2007,103579
Diplosoma listerianum,44.63015,-65.75233,58d5dd83-b5b3-4dc8-81c4-8b8a54d59b1a,2018,103579
Diplosoma listerianum,41.8348999023,-69.9726028442,b42bc9f6-efc5-4cfd-b6a8-3c97b0a1be46,2007,103579
Diplosoma listerianum,45.0677,-67.0531,58d5dd83-b5b3-4dc8-81c4-8b8a54d59b1a,2018,103579
Diplosoma listerianum,42.5766983032,-70.7376022339,b42bc9f6-efc5-4cfd-b6a8-3c97b0a1be46,2007,103579
Diplosoma listerianum,41.8348999023,-69.9726028442,b42bc9f6-efc5-4cfd-b6a8-3c97b0a1be46,2007,103579
Diplosoma listerianum,45.0688,-66.7398,58d5dd83-b5b3-4dc8-81c4-8b8a54d59b1a,2018,103579
Diplosoma listerianum,44.6474,-66.8413,58d5dd83-b5b3-4dc8-81c4-8b8a54d59b1a,2023,103579
Diplosoma listerianum,44.9466,-66.9055,58d5dd83-b5b3-4dc8-81c4-8b8a54d59b1a,2022,103579
Diplosoma listerianum,43.7137,-65.96947,58d5dd83-b5b3-4dc8-81c4-8b8a54d59b1a,2018,103579
Diplosoma listerianum,41.8348999023,-69.9726028442,b42bc9f6-efc5-4cfd-b6a8-3c97b0a1be46,2007,103579
Diplosoma listerianum,44.6609,-66.7566,58d5dd83-b5b3-4dc8-81c4-8b8a54d59b1a,2021,103579
Diplosoma listerianum,43.7236,-65.84057,58d5dd83-b5b3-4dc8-81c4-8b8a54d59b1a,2023,103579
Diplosoma listerianum,44.6474,-66.8413,58d5dd83-b5b3-4dc8-81c4-8b8a54d59b1a,2022,103579
Diplosoma listerianum,44.7631,-66.749,58d5dd83-b5b3-4dc8-81c4-8b8a54d59b1a,2021,103579
Diplosoma listerianum,44.9466,-66.9055,58d5dd83-b5b3-4dc8-81c4-8b8a54d59b1a,2021,103579
Diplosoma listerianum,44.6474,-66.8413,58d5dd83-b5b3-4dc8-81c4-8b8a54d59b1a,2018,103579
Diplosoma listerianum,41.8348999023,-69.9726028442,b42bc9f6-efc5-4cfd-b6a8-3c97b0a1be46,2007,103579
Diplosoma listerianum,44.6474,-66.8413,58d5dd83-b5b3-4dc8-81c4-8b8a54d59b1a,2017,103579
Diplosoma listerianum,45.0513,-66.8956,58d5dd83-b5b3-4dc8-81c4-8b8a54d59b1a,2020,103579
Diplosoma listerianum,41.8087005615,-69.9529037476,b42bc9f6-efc5-4cfd-b6a8-3c97b0a1be46,2007,103579
Diplosoma listerianum,42.5215988159,-70.881652832,4da23d30-af8d-48f3-977a-4e24394e2e8c,2003,103579
Diplosoma listerianum,42.5463485718,-70.8554992676,b42bc9f6-efc5-4cfd-b6a8-3c97b0a1be46,2008,103579
Diplosoma listerianum,42.5213317871,-70.8818206787,b42bc9f6-efc5-4cfd-b6a8-3c97b0a1be46,2007,103579
Diplosoma listerianum,42.5213317871,-70.8818206787,b42bc9f6-efc5-4cfd-b6a8-3c97b0a1be46,2007,103579
Diplosoma listerianum,42.5213317871,-70.8818206787,b42bc9f6-efc5-4cfd-b6a8-3c97b0a1be46,2007,103579
Diplosoma listerianum,41.8087005615,-69.9529037476,b42bc9f6-efc5-4cfd-b6a8-3c97b0a1be46,2007,103579
Diplosoma listerianum,43.7137,-65.96947,58d5dd83-b5b3-4dc8-81c4-8b8a54d59b1a,2020,103579
Diplosoma listerianum,42.5211181641,-70.8809814453,b42bc9f6-efc5-4cfd-b6a8-3c97b0a1be46,2007,103579
Diplosoma listerianum,44.6474,-66.8413,58d5dd83-b5b3-4dc8-81c4-8b8a54d59b1a,2021,103579
Diplosoma listerianum,44.63015,-65.75233,58d5dd83-b5b3-4dc8-81c4-8b8a54d59b1a,2019,103579
Diplosoma listerianum,45.0513,-66.8956,58d5dd83-b5b3-4dc8-81c4-8b8a54d59b1a,2023,103579
Diplosoma listerianum,44.9466,-66.9055,58d5dd83-b5b3-4dc8-81c4-8b8a54d59b1a,2020,103579
Diplosoma listerianum,44.7631,-66.749,58d5dd83-b5b3-4dc8-81c4-8b8a54d59b1a,2018,103579
Diplosoma listerianum,44.39681,-66.21413,58d5dd83-b5b3-4dc8-81c4-8b8a54d59b1a,2017,103579
Diplosoma listerianum,44.63015,-65.75233,58d5dd83-b5b3-4dc8-81c4-8b8a54d59b1a,2023,103579
Diplosoma listerianum,42.5215988159,-70.881652832,4da23d30-af8d-48f3-977a-4e24394e2e8c,2007,103579
Diplosoma listerianum,42.5004005432,-70.8382034302,b42bc9f6-efc5-4cfd-b6a8-3c97b0a1be46,2007,103579
Diplosoma listerianum,41.8348999023,-69.9726028442,b42bc9f6-efc5-4cfd-b6a8-3c97b0a1be46,2007,103579
Diplosoma listerianum,45.0688,-66.7398,58d5dd83-b5b3-4dc8-81c4-8b8a54d59b1a,2022,103579
Diplosoma listerianum,44.39681,-66.21413,58d5dd83-b5b3-4dc8-81c4-8b8a54d59b1a,2019,103579
Diplosoma listerianum,42.5211181641,-70.8809814453,b42bc9f6-efc5-4cfd-b6a8-3c97b0a1be46,2007,103579
Diplosoma listerianum,41.8087005615,-69.9529037476,b42bc9f6-efc5-4cfd-b6a8-3c97b0a1be46,2007,103579
Diplosoma listerianum,43.8209381104,-70.1052932739,4da23d30-af8d-48f3-977a-4e24394e2e8c,2003,103579
Diplosoma listerianum,44.6609,-66.7566,58d5dd83-b5b3-4dc8-81c4-8b8a54d59b1a,2018,103579
Diplosoma listerianum,43.815,-65.9139,58d5dd83-b5b3-4dc8-81c4-8b8a54d59b1a,2020,103579
Diplosoma listerianum,42.5215988159,-70.881652832,4da23d30-af8d-48f3-977a-4e24394e2e8c,2003,103579
Diplosoma listerianum,41.771068573,-70.5023727417,4da23d30-af8d-48f3-977a-4e24394e2e8c,2000,103579
Diplosoma listerianum,42.5463485718,-70.8554992676,b42bc9f6-efc5-4cfd-b6a8-3c97b0a1be46,2008,103579
Diplosoma listerianum,41.8348999023,-69.9726028442,b42bc9f6-efc5-4cfd-b6a8-3c97b0a1be46,2007,103579
Diplosoma listerianum,41.8348999023,-69.9726028442,b42bc9f6-efc5-4cfd-b6a8-3c97b0a1be46,2007,103579
Diplosoma listerianum,45.0561,-66.8638,58d5dd83-b5b3-4dc8-81c4-8b8a54d59b1a,2022,103579
Diplosoma listerianum,44.39681,-66.21413,58d5dd83-b5b3-4dc8-81c4-8b8a54d59b1a,2021,103579
Diplosoma listerianum,44.6609,-66.7566,58d5dd83-b5b3-4dc8-81c4-8b8a54d59b1a,2020,103579
Diplosoma listerianum,42.5215988159,-70.881652832,4da23d30-af8d-48f3-977a-4e24394e2e8c,2003,103579
Diplosoma listerianum,44.39681,-66.21413,58d5dd83-b5b3-4dc8-81c4-8b8a54d59b1a,2018,103579
Diplosoma listerianum,41.8348999023,-69.9726028442,b42bc9f6-efc5-4cfd-b6a8-3c97b0a1be46,2007,103579
Diplosoma listerianum,41.8087005615,-69.9529037476,b42bc9f6-efc5-4cfd-b6a8-3c97b0a1be46,2007,103579
Diplosoma listerianum,44.9716,-66.9527,58d5dd83-b5b3-4dc8-81c4-8b8a54d59b1a,2022,103579
Diplosoma listerianum,41.8087005615,-69.9529037476,b42bc9f6-efc5-4cfd-b6a8-3c97b0a1be46,2007,103579
Diplosoma listerianum,41.8087005615,-69.9529037476,b42bc9f6-efc5-4cfd-b6a8-3c97b0a1be46,2007,103579
Diplosoma listerianum,42.5463485718,-70.8554992676,b42bc9f6-efc5-4cfd-b6a8-3c97b0a1be46,2007,103579
Diplosoma listerianum,41.8348999023,-69.9726028442,b42bc9f6-efc5-4cfd-b6a8-3c97b0a1be46,2007,103579
Diplosoma listerianum,41.8348999023,-69.9726028442,b42bc9f6-efc5-4cfd-b6a8-3c97b0a1be46,2007,103579
Diplosoma listerianum,41.8087005615,-69.9529037476,b42bc9f6-efc5-4cfd-b6a8-3c97b0a1be46,2007,103579
Diplosoma listerianum,44.6609,-66.7566,58d5dd83-b5b3-4dc8-81c4-8b8a54d59b1a,2022,103579
Diplosoma listerianum,45.0688,-66.7398,58d5dd83-b5b3-4dc8-81c4-8b8a54d59b1a,2021,103579
Diplosoma listerianum,41.8348999023,-69.9726028442,b42bc9f6-efc5-4cfd-b6a8-3c97b0a1be46,2007,103579
Diplosoma listerianum,42.5213317871,-70.8818206787,b42bc9f6-efc5-4cfd-b6a8-3c97b0a1be46,2007,103579
Diplosoma listerianum,41.8087005615,-69.9529037476,b42bc9f6-efc5-4cfd-b6a8-3c97b0a1be46,2007,103579
Diplosoma listerianum,41.8348999023,-69.9726028442,b42bc9f6-efc5-4cfd-b6a8-3c97b0a1be46,2007,103579
Diplosoma listerianum,41.8348999023,-69.9726028442,b42bc9f6-efc5-4cfd-b6a8-3c97b0a1be46,2007,103579
Diplosoma listerianum,44.964046,-67.007652,58d5dd83-b5b3-4dc8-81c4-8b8a54d59b1a,2017,103579
Diplosoma listerianum,44.915994,-66.94122,58d5dd83-b5b3-4dc8-81c4-8b8a54d59b1a,2021,103579
Diplosoma listerianum,44.964046,-67.007652,58d5dd83-b5b3-4dc8-81c4-8b8a54d59b1a,2019,103579
Diplosoma listerianum,41.8087005615,-69.9529037476,b42bc9f6-efc5-4cfd-b6a8-3c97b0a1be46,2007,103579
Diplosoma listerianum,45.0561,-66.8638,58d5dd83-b5b3-4dc8-81c4-8b8a54d59b1a,2018,103579
Diplosoma listerianum,41.8087005615,-69.9529037476,b42bc9f6-efc5-4cfd-b6a8-3c97b0a1be46,2007,103579
Diplosoma listerianum,41.7958984375,-69.9468994141,b42bc9f6-efc5-4cfd-b6a8-3c97b0a1be46,2007,103579
Diplosoma listerianum,45.0561,-66.8638,58d5dd83-b5b3-4dc8-81c4-8b8a54d59b1a,2020,103579
Diplosoma listerianum,44.9466,-66.9055,58d5dd83-b5b3-4dc8-81c4-8b8a54d59b1a,2018,103579
Diplosoma listerianum,42.5213012695,-70.8817977905,1618356f-0f62-4cbb-9252-005120e31fb0,2009,103579
Diplosoma listerianum,43.7137,-65.96947,58d5dd83-b5b3-4dc8-81c4-8b8a54d59b1a,2021,103579
Diplosoma listerianum,45.0559,-66.7948,58d5dd83-b5b3-4dc8-81c4-8b8a54d59b1a,2022,103579
Diplosoma listerianum,44.964046,-67.007652,58d5dd83-b5b3-4dc8-81c4-8b8a54d59b1a,2018,103579
Diplosoma listerianum,44.7631,-66.749,58d5dd83-b5b3-4dc8-81c4-8b8a54d59b1a,2023,103579
Diplosoma listerianum,42.5213317871,-70.8818206787,b42bc9f6-efc5-4cfd-b6a8-3c97b0a1be46,2007,103579
Diplosoma listerianum,44.6609,-66.7566,58d5dd83-b5b3-4dc8-81c4-8b8a54d59b1a,2023,103579
Diplosoma listerianum,45.0513,-66.8956,58d5dd83-b5b3-4dc8-81c4-8b8a54d59b1a,2022,103579
Diplosoma listerianum,41.8348999023,-69.9726028442,b42bc9f6-efc5-4cfd-b6a8-3c97b0a1be46,2007,103579
Diplosoma listerianum,45.0677,-67.0531,58d5dd83-b5b3-4dc8-81c4-8b8a54d59b1a,2023,103579
Styela clava,41.8087005615,-69.9529037476,b42bc9f6-efc5-4cfd-b6a8-3c97b0a1be46,2007,103929
Styela clava,42.5211181641,-70.8809814453,b42bc9f6-efc5-4cfd-b6a8-3c97b0a1be46,2007,103929
Styela clava,42.5463485718,-70.8554992676,b42bc9f6-efc5-4cfd-b6a8-3c97b0a1be46,2007,103929
Styela clava,42.5211181641,-70.8809814453,b42bc9f6-efc5-4cfd-b6a8-3c97b0a1be46,2007,103929
Styela clava,41.8087005615,-69.9529037476,b42bc9f6-efc5-4cfd-b6a8-3c97b0a1be46,2007,103929
Styela clava,42.1949691772,-70.7227935791,1618356f-0f62-4cbb-9252-005120e31fb0,2008,103929
Styela clava,42.3573989868,-71.0488967896,1618356f-0f62-4cbb-9252-005120e31fb0,2009,103929
Styela clava,42.521557,-70.882864,9d629feb-ba03-4a83-908c-794d94d30531,2008,103929
Styela clava,42.5402984619,-70.8805999756,4da23d30-af8d-48f3-977a-4e24394e2e8c,2000,103929
Styela clava,42.5333518982,-70.8658294678,1618356f-0f62-4cbb-9252-005120e31fb0,2009,103929
Styela clava,42.3112983704,-71.0400390625,1618356f-0f62-4cbb-9252-005120e31fb0,2009,103929
Styela clava,42.5766983032,-70.7376022339,b42bc9f6-efc5-4cfd-b6a8-3c97b0a1be46,2007,103929
Styela clava,41.8348999023,-69.9726028442,b42bc9f6-efc5-4cfd-b6a8-3c97b0a1be46,2007,103929
Styela clava,42.3112983704,-71.0400390625,1618356f-0f62-4cbb-9252-005120e31fb0,2009,103929
Styela clava,42.3712081909,-71.0595321655,4da23d30-af8d-48f3-977a-4e24394e2e8c,2000,103929
Styela clava,42.2494316101,-70.9733810425,4da23d30-af8d-48f3-977a-4e24394e2e8c,2000,103929
Styela clava,42.437026,-70.938051,9d629feb-ba03-4a83-908c-794d94d30531,2018,103929
Styela clava,41.8348999023,-69.9726028442,b42bc9f6-efc5-4cfd-b6a8-3c97b0a1be46,2007,103929
Styela clava,42.0387802124,-70.6695175171,4da23d30-af8d-48f3-977a-4e24394e2e8c,2000,103929
Styela clava,41.8348999023,-69.9726028442,b42bc9f6-efc5-4cfd-b6a8-3c97b0a1be46,2007,103929
Styela clava,41.751701355,-70.1540985107,1618356f-0f62-4cbb-9252-005120e31fb0,2008,103929
Styela clava,42.5004005432,-70.8382034302,b42bc9f6-efc5-4cfd-b6a8-3c97b0a1be46,2007,103929
Styela clava,42.5215988159,-70.881652832,4da23d30-af8d-48f3-977a-4e24394e2e8c,2003,103929
Styela clava,43.1158981323,-70.8361968994,1618356f-0f62-4cbb-9252-005120e31fb0,2008,103929
Styela clava,42.5276985168,-70.8663024902,1618356f-0f62-4cbb-9252-005120e31fb0,2008,103929
Styela clava,41.771068573,-70.5023727417,4da23d30-af8d-48f3-977a-4e24394e2e8c,2007,103929
Styela clava,41.8087005615,-69.9529037476,b42bc9f6-efc5-4cfd-b6a8-3c97b0a1be46,2007,103929
Styela clava,42.357219696,-71.0497207642,4da23d30-af8d-48f3-977a-4e24394e2e8c,2007,103929
Styela clava,41.8348999023,-69.9726028442,b42bc9f6-efc5-4cfd-b6a8-3c97b0a1be46,2007,103929
Styela clava,41.9627799988,-70.6666183472,4da23d30-af8d-48f3-977a-4e24394e2e8c,2000,103929
Styela clava,42.3633995056,-71.0341033936,1618356f-0f62-4cbb-9252-005120e31fb0,2009,103929
Styela clava,41.7061309814,-70.2988967896,4da23d30-af8d-48f3-977a-4e24394e2e8c,2000,103929
Styela clava,42.5213012695,-70.8817977905,1618356f-0f62-4cbb-9252-005120e31fb0,2009,103929
Styela clava,42.5402984619,-70.8862991333,1618356f-0f62-4cbb-9252-005120e31fb0,2009,103929
Styela clava,42.6104011536,-70.6588897705,4da23d30-af8d-48f3-977a-4e24394e2e8c,2007,103929
Styela clava,42.3633995056,-71.0341033936,1618356f-0f62-4cbb-9252-005120e31fb0,2009,103929
Styela clava,42.5213012695,-70.8817977905,1618356f-0f62-4cbb-9252-005120e31fb0,2009,103929
Styela clava,42.3432922363,-71.0349655151,1618356f-0f62-4cbb-9252-005120e31fb0,2009,103929
Styela clava,42.5213317871,-70.8818206787,b42bc9f6-efc5-4cfd-b6a8-3c97b0a1be46,2007,103929
Styela clava,42.3573989868,-71.0488967896,1618356f-0f62-4cbb-9252-005120e31fb0,2009,103929
Styela clava,43.6495780945,-70.2308807373,4da23d30-af8d-48f3-977a-4e24394e2e8c,2003,103929
Styela clava,41.8348999023,-69.9726028442,b42bc9f6-efc5-4cfd-b6a8-3c97b0a1be46,2007,103929
Styela clava,41.8087005615,-69.9529037476,b42bc9f6-efc5-4cfd-b6a8-3c97b0a1be46,2007,103929
Styela clava,43.346216,-70.475664,16434578-ebf7-4bcc-a776-508ffece76de,1998,103929
Styela clava,42.3712005615,-71.0596008301,1618356f-0f62-4cbb-9252-005120e31fb0,2009,103929
Styela clava,42.3205986023,-70.9850769043,1618356f-0f62-4cbb-9252-005120e31fb0,2009,103929
Styela clava,42.3432922363,-71.0349655151,1618356f-0f62-4cbb-9252-005120e31fb0,2009,103929
Styela clava,42.5463485718,-70.8554992676,1618356f-0f62-4cbb-9252-005120e31fb0,2008,103929
Styela clava,42.5333518982,-70.8658294678,1618356f-0f62-4cbb-9252-005120e31fb0,2009,103929
Styela clava,44.2649,-66.348,58d5dd83-b5b3-4dc8-81c4-8b8a54d59b1a,2023,103929
Styela clava,42.3432922363,-71.0349655151,1618356f-0f62-4cbb-9252-005120e31fb0,2009,103929
Styela clava,41.8348999023,-69.9726028442,b42bc9f6-efc5-4cfd-b6a8-3c97b0a1be46,2007,103929
Styela clava,44.104839325,-69.1020889282,4da23d30-af8d-48f3-977a-4e24394e2e8c,2007,103929
Styela clava,41.717005,-70.3228,16434578-ebf7-4bcc-a776-508ffece76de,1998,103929
Styela clava,42.3633995056,-71.0341033936,1618356f-0f62-4cbb-9252-005120e31fb0,2009,103929
Styela clava,41.7061309814,-70.2988967896,4da23d30-af8d-48f3-977a-4e24394e2e8c,2000,103929
Styela clava,42.3218078613,-70.9886322021,1618356f-0f62-4cbb-9252-005120e31fb0,2009,103929
Styela clava,42.5402984619,-70.8862991333,b42bc9f6-efc5-4cfd-b6a8-3c97b0a1be46,2007,103929
Styela clava,41.8348999023,-69.9726028442,b42bc9f6-efc5-4cfd-b6a8-3c97b0a1be46,2007,103929
Styela clava,42.3432922363,-71.0349655151,1618356f-0f62-4cbb-9252-005120e31fb0,2009,103929
Styela clava,42.3633995056,-71.0341033936,1618356f-0f62-4cbb-9252-005120e31fb0,2009,103929
Styela clava,42.357219696,-71.0497207642,4da23d30-af8d-48f3-977a-4e24394e2e8c,2003,103929
Styela clava,41.8348999023,-69.9726028442,b42bc9f6-efc5-4cfd-b6a8-3c97b0a1be46,2007,103929
Styela clava,42.3712005615,-71.0596008301,1618356f-0f62-4cbb-9252-005120e31fb0,2009,103929
Styela clava,42.5463485718,-70.8554992676,b42bc9f6-efc5-4cfd-b6a8-3c97b0a1be46,2007,103929
Styela clava,42.2494316101,-70.9733810425,4da23d30-af8d-48f3-977a-4e24394e2e8c,2000,103929
Styela clava,42.5215988159,-70.881652832,4da23d30-af8d-48f3-977a-4e24394e2e8c,2000,103929
Styela clava,42.0387992859,-70.6697006226,1618356f-0f62-4cbb-9252-005120e31fb0,2008,103929
Styela clava,41.8348999023,-69.9726028442,b42bc9f6-efc5-4cfd-b6a8-3c97b0a1be46,2007,103929
Styela clava,41.8348999023,-69.9726028442,b42bc9f6-efc5-4cfd-b6a8-3c97b0a1be46,2007,103929
Styela clava,42.5402984619,-70.8862991333,1618356f-0f62-4cbb-9252-005120e31fb0,2008,103929
Styela clava,41.751701355,-70.1540985107,1618356f-0f62-4cbb-9252-005120e31fb0,2008,103929
Styela clava,42.5276985168,-70.8663024902,1618356f-0f62-4cbb-9252-005120e31fb0,2008,103929
Styela clava,41.8087005615,-69.9529037476,b42bc9f6-efc5-4cfd-b6a8-3c97b0a1be46,2007,103929
Styela clava,43.6793556213,-70.2527999878,4da23d30-af8d-48f3-977a-4e24394e2e8c,2007,103929
Styela clava,41.8348999023,-69.9726028442,b42bc9f6-efc5-4cfd-b6a8-3c97b0a1be46,2007,103929
Styela clava,43.651,-70.2241,1fcedb90-b2ea-4476-8faf-f2ff5964ac58,1999,103929
Styela clava,43.6495780945,-70.2308807373,4da23d30-af8d-48f3-977a-4e24394e2e8c,2003,103929
Styela clava,41.8348999023,-69.9726028442,b42bc9f6-efc5-4cfd-b6a8-3c97b0a1be46,2007,103929
Styela clava,42.3573989868,-71.0488967896,1618356f-0f62-4cbb-9252-005120e31fb0,2009,103929
Styela clava,41.8348999023,-69.9726028442,b42bc9f6-efc5-4cfd-b6a8-3c97b0a1be46,2007,103929
Styela clava,42.5213317871,-70.8818206787,b42bc9f6-efc5-4cfd-b6a8-3c97b0a1be46,2007,103929
Styela clava,42.3803787231,-71.0508346558,1618356f-0f62-4cbb-9252-005120e31fb0,2009,103929
Styela clava,42.654800415,-70.675201416,1618356f-0f62-4cbb-9252-005120e31fb0,2009,103929
Styela clava,42.0387802124,-70.6695175171,4da23d30-af8d-48f3-977a-4e24394e2e8c,2000,103929
Styela clava,42.5213012695,-70.8817977905,1618356f-0f62-4cbb-9252-005120e31fb0,2008,103929
Styela clava,42.6142196655,-70.6508712769,4da23d30-af8d-48f3-977a-4e24394e2e8c,2000,103929
Styela clava,43.6495780945,-70.2308807373,4da23d30-af8d-48f3-977a-4e24394e2e8c,2007,103929
Styela clava,41.751701355,-70.1540985107,1618356f-0f62-4cbb-9252-005120e31fb0,2008,103929
Styela clava,42.0387992859,-70.6697006226,1618356f-0f62-4cbb-9252-005120e31fb0,2009,103929
Styela clava,42.5213317871,-70.8818206787,b42bc9f6-efc5-4cfd-b6a8-3c97b0a1be46,2007,103929
Styela clava,41.8087005615,-69.9529037476,b42bc9f6-efc5-4cfd-b6a8-3c97b0a1be46,2007,103929
Styela clava,41.8348999023,-69.9726028442,b42bc9f6-efc5-4cfd-b6a8-3c97b0a1be46,2007,103929
Styela clava,42.5276985168,-70.8663024902,1618356f-0f62-4cbb-9252-005120e31fb0,2009,103929
Styela clava,42.5004005432,-70.8382034302,1618356f-0f62-4cbb-9252-005120e31fb0,2009,103929
Styela clava,43.0457992554,-70.714263916,1618356f-0f62-4cbb-9252-005120e31fb0,2008,103929
Styela clava,42.25403,-70.794311,16434578-ebf7-4bcc-a776-508ffece76de,1988,103929
Styela clava,42.61302948,-70.6807174683,4da23d30-af8d-48f3-977a-4e24394e2e8c,2000,103929
Styela clava,43.6623001099,-70.2431411743,4da23d30-af8d-48f3-977a-4e24394e2e8c,2003,103929
Styela clava,43.6495780945,-70.2308807373,4da23d30-af8d-48f3-977a-4e24394e2e8c,2003,103929
Styela clava,42.5215988159,-70.881652832,4da23d30-af8d-48f3-977a-4e24394e2e8c,2003,103929
Styela clava,42.5703315735,-70.7738037109,1618356f-0f62-4cbb-9252-005120e31fb0,2009,103929
Styela clava,43.6450004578,-70.2860031128,41a50544-957c-4193-8bbf-25a25f749e85,2000,103929
Styela clava,42.5004005432,-70.8382034302,b42bc9f6-efc5-4cfd-b6a8-3c97b0a1be46,2007,103929
Styela clava,43.844379425,-69.6408233643,4da23d30-af8d-48f3-977a-4e24394e2e8c,2007,103929
Styela clava,41.8348999023,-69.9726028442,b42bc9f6-efc5-4cfd-b6a8-3c97b0a1be46,2007,103929
Styela clava,42.5463485718,-70.8554992676,b42bc9f6-efc5-4cfd-b6a8-3c97b0a1be46,2007,103929
Styela clava,41.8348999023,-69.9726028442,b42bc9f6-efc5-4cfd-b6a8-3c97b0a1be46,2007,103929
Styela clava,43.7236,-65.84057,58d5dd83-b5b3-4dc8-81c4-8b8a54d59b1a,2020,103929
Styela clava,42.3432922363,-71.0349655151,1618356f-0f62-4cbb-9252-005120e31fb0,2009,103929
Styela clava,42.2494316101,-70.9733810425,4da23d30-af8d-48f3-977a-4e24394e2e8c,2000,103929
Styela clava,42.8992156982,-70.8179855347,4da23d30-af8d-48f3-977a-4e24394e2e8c,2003,103929
Styela clava,42.5213012695,-70.8817977905,1618356f-0f62-4cbb-9252-005120e31fb0,2008,103929
Styela clava,42.5276985168,-70.8663024902,1618356f-0f62-4cbb-9252-005120e31fb0,2009,103929
Styela clava,42.3218078613,-70.9886322021,1618356f-0f62-4cbb-9252-005120e31fb0,2009,103929
Styela clava,41.8348999023,-69.9726028442,b42bc9f6-efc5-4cfd-b6a8-3c97b0a1be46,2007,103929
Styela clava,41.751701355,-70.1540985107,1618356f-0f62-4cbb-9252-005120e31fb0,2008,103929
Styela clava,42.5213317871,-70.8818206787,b42bc9f6-efc5-4cfd-b6a8-3c97b0a1be46,2007,103929
Styela clava,42.5766983032,-70.7376022339,b42bc9f6-efc5-4cfd-b6a8-3c97b0a1be46,2007,103929
Styela clava,41.7056541443,-70.2992172241,1618356f-0f62-4cbb-9252-005120e31fb0,2009,103929
Styela clava,42.613117218,-70.6524734497,1618356f-0f62-4cbb-9252-005120e31fb0,2009,103929
Styela clava,43.7137,-65.96947,58d5dd83-b5b3-4dc8-81c4-8b8a54d59b1a,2019,103929
Styela clava,42.0387802124,-70.6695175171,4da23d30-af8d-48f3-977a-4e24394e2e8c,2000,103929
Styela clava,42.357219696,-71.0497207642,4da23d30-af8d-48f3-977a-4e24394e2e8c,2003,103929
Styela clava,43.992815,-68.730469,16434578-ebf7-4bcc-a776-508ffece76de,1988,103929
Styela clava,42.357219696,-71.0497207642,4da23d30-af8d-48f3-977a-4e24394e2e8c,2003,103929
Styela clava,42.521557,-70.882864,9d629feb-ba03-4a83-908c-794d94d30531,2008,103929
Styela clava,42.3264160156,-70.9271316528,1618356f-0f62-4cbb-9252-005120e31fb0,2009,103929
Styela clava,42.3573989868,-71.0488967896,1618356f-0f62-4cbb-9252-005120e31fb0,2009,103929
Styela clava,42.5402984619,-70.8862991333,b42bc9f6-efc5-4cfd-b6a8-3c97b0a1be46,2007,103929
Styela clava,42.5211181641,-70.8809814453,b42bc9f6-efc5-4cfd-b6a8-3c97b0a1be46,2007,103929
Styela clava,41.751701355,-70.1540985107,1618356f-0f62-4cbb-9252-005120e31fb0,2008,103929
Styela clava,41.8348999023,-69.9726028442,b42bc9f6-efc5-4cfd-b6a8-3c97b0a1be46,2007,103929
Styela clava,42.5703315735,-70.7738037109,1618356f-0f62-4cbb-9252-005120e31fb0,2008,103929
Styela clava,42.5766983032,-70.7376022339,b42bc9f6-efc5-4cfd-b6a8-3c97b0a1be46,2007,103929
Styela clava,41.8087005615,-69.9529037476,b42bc9f6-efc5-4cfd-b6a8-3c97b0a1be46,2007,103929
Styela clava,42.357219696,-71.0497207642,4da23d30-af8d-48f3-977a-4e24394e2e8c,2003,103929
Styela clava,42.3712005615,-71.0596008301,1618356f-0f62-4cbb-9252-005120e31fb0,2009,103929
Styela clava,42.3256988525,-70.9240036011,1618356f-0f62-4cbb-9252-005120e31fb0,2009,103929
Styela clava,42.1949691772,-70.7227935791,1618356f-0f62-4cbb-9252-005120e31fb0,2009,103929
Styela clava,42.2427597046,-70.9720993042,4da23d30-af8d-48f3-977a-4e24394e2e8c,2000,103929
Styela clava,42.613117218,-70.6524734497,1618356f-0f62-4cbb-9252-005120e31fb0,2009,103929
Styela clava,42.5215988159,-70.881652832,4da23d30-af8d-48f3-977a-4e24394e2e8c,2007,103929
Styela clava,42.5276985168,-70.8663024902,1618356f-0f62-4cbb-9252-005120e31fb0,2008,103929
Styela clava,43.9350814819,-69.5811233521,4da23d30-af8d-48f3-977a-4e24394e2e8c,2007,103929
Styela clava,42.5463485718,-70.8554992676,b42bc9f6-efc5-4cfd-b6a8-3c97b0a1be46,2007,103929
Styela clava,42.357219696,-71.0497207642,4da23d30-af8d-48f3-977a-4e24394e2e8c,2003,103929
Styela clava,41.8348999023,-69.9726028442,b42bc9f6-efc5-4cfd-b6a8-3c97b0a1be46,2007,103929
Styela clava,42.3573989868,-71.0488967896,1618356f-0f62-4cbb-9252-005120e31fb0,2009,103929
Styela clava,43.6495780945,-70.2308807373,4da23d30-af8d-48f3-977a-4e24394e2e8c,2003,103929
Styela clava,45.0944,-66.4168,58d5dd83-b5b3-4dc8-81c4-8b8a54d59b1a,2018,103929
Styela clava,41.7958984375,-69.9468994141,b42bc9f6-efc5-4cfd-b6a8-3c97b0a1be46,2007,103929
Styela clava,41.8087005615,-69.9529037476,b42bc9f6-efc5-4cfd-b6a8-3c97b0a1be46,2007,103929
Styela clava,42.2795677185,-70.9016723633,1618356f-0f62-4cbb-9252-005120e31fb0,2009,103929
Styela clava,41.8348999023,-69.9726028442,b42bc9f6-efc5-4cfd-b6a8-3c97b0a1be46,2007,103929
Styela clava,42.5213012695,-70.8817977905,1618356f-0f62-4cbb-9252-005120e31fb0,2009,103929
Styela clava,42.3633995056,-71.0341033936,1618356f-0f62-4cbb-9252-005120e31fb0,2009,103929
Styela clava,42.5463485718,-70.8554992676,1618356f-0f62-4cbb-9252-005120e31fb0,2009,103929
Styela clava,43.0583000183,-70.7251968384,1618356f-0f62-4cbb-9252-005120e31fb0,2008,103929
Styela clava,41.985525,-70.678482,16434578-ebf7-4bcc-a776-508ffece76de,1998,103929
Styela clava,41.8087005615,-69.9529037476,b42bc9f6-efc5-4cfd-b6a8-3c97b0a1be46,2007,103929
Styela clava,42.654800415,-70.675201416,1618356f-0f62-4cbb-9252-005120e31fb0,2009,103929
Styela clava,43.0580406189,-70.7277984619,4da23d30-af8d-48f3-977a-4e24394e2e8c,2007,103929
Styela clava,42.5213317871,-70.8818206787,b42bc9f6-efc5-4cfd-b6a8-3c97b0a1be46,2007,103929
Styela clava,42.5004005432,-70.8382034302,b42bc9f6-efc5-4cfd-b6a8-3c97b0a1be46,2007,103929
Styela clava,41.8087005615,-69.9529037476,b42bc9f6-efc5-4cfd-b6a8-3c97b0a1be46,2007,103929
Styela clava,42.5703315735,-70.7738037109,1618356f-0f62-4cbb-9252-005120e31fb0,2009,103929
Styela clava,42.5402984619,-70.8862991333,b42bc9f6-efc5-4cfd-b6a8-3c97b0a1be46,2007,103929
Styela clava,42.5402984619,-70.8862991333,b42bc9f6-efc5-4cfd-b6a8-3c97b0a1be46,2007,103929
Styela clava,42.3712005615,-71.0596008301,1618356f-0f62-4cbb-9252-005120e31fb0,2009,103929
Styela clava,42.654800415,-70.675201416,1618356f-0f62-4cbb-9252-005120e31fb0,2009,103929
Styela clava,41.8087005615,-69.9529037476,b42bc9f6-efc5-4cfd-b6a8-3c97b0a1be46,2007,103929
Styela clava,41.8348999023,-69.9726028442,b42bc9f6-efc5-4cfd-b6a8-3c97b0a1be46,2007,103929
Styela clava,42.5402984619,-70.8862991333,1618356f-0f62-4cbb-9252-005120e31fb0,2009,103929
Styela clava,42.5215988159,-70.881652832,4da23d30-af8d-48f3-977a-4e24394e2e8c,2003,103929
Styela clava,43.6467,-70.225,1fcedb90-b2ea-4476-8faf-f2ff5964ac58,1999,103929
Styela clava,42.5402984619,-70.8805999756,4da23d30-af8d-48f3-977a-4e24394e2e8c,2000,103929
Styela clava,42.654800415,-70.675201416,1618356f-0f62-4cbb-9252-005120e31fb0,2009,103929
Styela clava,42.0387992859,-70.6697006226,1618356f-0f62-4cbb-9252-005120e31fb0,2009,103929
Styela clava,42.5215988159,-70.881652832,4da23d30-af8d-48f3-977a-4e24394e2e8c,2003,103929
Styela clava,42.613117218,-70.6524734497,1618356f-0f62-4cbb-9252-005120e31fb0,2009,103929
Styela clava,41.9567832947,-70.6591186523,1618356f-0f62-4cbb-9252-005120e31fb0,2008,103929
Styela clava,42.5213317871,-70.8818206787,b42bc9f6-efc5-4cfd-b6a8-3c97b0a1be46,2007,103929
Styela clava,42.1949691772,-70.7227935791,1618356f-0f62-4cbb-9252-005120e31fb0,2009,103929
Styela clava,42.5276985168,-70.8663024902,1618356f-0f62-4cbb-9252-005120e31fb0,2009,103929
Styela clava,41.8087005615,-69.9529037476,b42bc9f6-efc5-4cfd-b6a8-3c97b0a1be46,2007,103929
Styela clava,42.613117218,-70.6524734497,1618356f-0f62-4cbb-9252-005120e31fb0,2009,103929
Styela clava,42.5766983032,-70.7376022339,b42bc9f6-efc5-4cfd-b6a8-3c97b0a1be46,2007,103929
Styela clava,42.3432922363,-71.0349655151,1618356f-0f62-4cbb-9252-005120e31fb0,2009,103929
Styela clava,42.3205986023,-70.9850769043,1618356f-0f62-4cbb-9252-005120e31fb0,2009,103929
Styela clava,42.5004005432,-70.8382034302,b42bc9f6-efc5-4cfd-b6a8-3c97b0a1be46,2007,103929
Styela clava,42.3432502747,-71.0350036621,4da23d30-af8d-48f3-977a-4e24394e2e8c,2000,103929
Styela clava,43.846471,-69.634768,16434578-ebf7-4bcc-a776-508ffece76de,1998,103929
Styela clava,43.6623001099,-70.2431411743,4da23d30-af8d-48f3-977a-4e24394e2e8c,2003,103929
Styela clava,41.8348999023,-69.9726028442,b42bc9f6-efc5-4cfd-b6a8-3c97b0a1be46,2007,103929
Styela clava,42.3432922363,-71.0349655151,1618356f-0f62-4cbb-9252-005120e31fb0,2009,103929
Styela clava,43.6399993896,-70.2799987793,41a50544-957c-4193-8bbf-25a25f749e85,2000,103929
Styela clava,41.8087005615,-69.9529037476,b42bc9f6-efc5-4cfd-b6a8-3c97b0a1be46,2007,103929
Styela clava,42.5402984619,-70.8862991333,1618356f-0f62-4cbb-9252-005120e31fb0,2008,103929
Styela clava,41.8087005615,-69.9529037476,b42bc9f6-efc5-4cfd-b6a8-3c97b0a1be46,2007,103929
Styela clava,41.961933136,-70.6663665771,1618356f-0f62-4cbb-9252-005120e31fb0,2009,103929
Styela clava,41.8348999023,-69.9726028442,b42bc9f6-efc5-4cfd-b6a8-3c97b0a1be46,2007,103929
Styela clava,43.7137,-65.96947,58d5dd83-b5b3-4dc8-81c4-8b8a54d59b1a,2021,103929
Styela clava,43.6623001099,-70.2431411743,4da23d30-af8d-48f3-977a-4e24394e2e8c,2003,103929
Styela clava,41.771068573,-70.5023727417,4da23d30-af8d-48f3-977a-4e24394e2e8c,2000,103929
Styela clava,42.3112983704,-71.0400390625,1618356f-0f62-4cbb-9252-005120e31fb0,2009,103929
Styela clava,41.8087005615,-69.9529037476,b42bc9f6-efc5-4cfd-b6a8-3c97b0a1be46,2007,103929
Styela clava,42.5213317871,-70.8818206787,b42bc9f6-efc5-4cfd-b6a8-3c97b0a1be46,2007,103929
Styela clava,42.5703315735,-70.7738037109,1618356f-0f62-4cbb-9252-005120e31fb0,2008,103929
Styela clava,42.357219696,-71.0497207642,4da23d30-af8d-48f3-977a-4e24394e2e8c,2000,103929
Styela clava,42.5211181641,-70.8809814453,b42bc9f6-efc5-4cfd-b6a8-3c97b0a1be46,2007,103929
Styela clava,42.5213317871,-70.8818206787,b42bc9f6-efc5-4cfd-b6a8-3c97b0a1be46,2007,103929
Styela clava,41.8348999023,-69.9726028442,b42bc9f6-efc5-4cfd-b6a8-3c97b0a1be46,2007,103929
Botrylloides violaceus,43.7236,-65.84057,58d5dd83-b5b3-4dc8-81c4-8b8a54d59b1a,2009,148715
Botrylloides violaceus,43.0666503906,-70.6955032349,1931f1a3-0b4c-4a72-9721-78f9270455f7,2001,148715
Botrylloides violaceus,43.6504020691,-70.2289657593,1618356f-0f62-4cbb-9252-005120e31fb0,2009,148715
Botrylloides violaceus,44.19365,-66.16688,58d5dd83-b5b3-4dc8-81c4-8b8a54d59b1a,2015,148715
Botrylloides violaceus,43.0717163086,-70.7105331421,4da23d30-af8d-48f3-977a-4e24394e2e8c,2003,148715
Botrylloides violaceus,42.419543,-70.90718,9d629feb-ba03-4a83-908c-794d94d30531,2022,148715
Botrylloides violaceus,44.87875,-66.96618,56f7bb50-8b87-48cc-815d-379780b0f5b0,2018,148715
Botrylloides violaceus,43.81648,-66.14785,58d5dd83-b5b3-4dc8-81c4-8b8a54d59b1a,2017,148715
Botrylloides violaceus,45.0688,-66.7398,58d5dd83-b5b3-4dc8-81c4-8b8a54d59b1a,2015,148715
Botrylloides violaceus,41.8087005615,-69.9529037476,b42bc9f6-efc5-4cfd-b6a8-3c97b0a1be46,2007,148715
Botrylloides violaceus,43.0965003967,-70.7673339844,1931f1a3-0b4c-4a72-9721-78f9270455f7,2001,148715
Botrylloides violaceus,42.5213012695,-70.8817977905,1618356f-0f62-4cbb-9252-005120e31fb0,2009,148715
Botrylloides violaceus,41.8348999023,-69.9726028442,b42bc9f6-efc5-4cfd-b6a8-3c97b0a1be46,2007,148715
Botrylloides violaceus,44.19365,-66.16688,58d5dd83-b5b3-4dc8-81c4-8b8a54d59b1a,2022,148715
Botrylloides violaceus,42.5463485718,-70.8554992676,b42bc9f6-efc5-4cfd-b6a8-3c97b0a1be46,2007,148715
Botrylloides violaceus,42.3432922363,-71.0349655151,1618356f-0f62-4cbb-9252-005120e31fb0,2009,148715
Botrylloides violaceus,45.0677,-67.0531,58d5dd83-b5b3-4dc8-81c4-8b8a54d59b1a,2023,148715
Botrylloides violaceus,43.71204,-65.98434,58d5dd83-b5b3-4dc8-81c4-8b8a54d59b1a,2013,148715
Botrylloides violaceus,43.81648,-66.14785,58d5dd83-b5b3-4dc8-81c4-8b8a54d59b1a,2016,148715
Botrylloides violaceus,41.8348999023,-69.9726028442,b42bc9f6-efc5-4cfd-b6a8-3c97b0a1be46,2007,148715
Botrylloides violaceus,42.3712005615,-71.0596008301,1618356f-0f62-4cbb-9252-005120e31fb0,2009,148715
Botrylloides violaceus,45.0677,-67.0531,58d5dd83-b5b3-4dc8-81c4-8b8a54d59b1a,2022,148715
Botrylloides violaceus,42.5213012695,-70.8817977905,1618356f-0f62-4cbb-9252-005120e31fb0,2008,148715
Botrylloides violaceus,42.5402984619,-70.8805999756,4da23d30-af8d-48f3-977a-4e24394e2e8c,2000,148715
Botrylloides violaceus,42.25403,-70.794311,16434578-ebf7-4bcc-a776-508ffece76de,1988,148715
Botrylloides violaceus,42.890499115,-70.8190002441,b42bc9f6-efc5-4cfd-b6a8-3c97b0a1be46,2008,148715
Botrylloides violaceus,42.6142196655,-70.6508712769,4da23d30-af8d-48f3-977a-4e24394e2e8c,2000,148715
Botrylloides violaceus,42.5766983032,-70.7376022339,b42bc9f6-efc5-4cfd-b6a8-3c97b0a1be46,2007,148715
Botrylloides violaceus,41.8087005615,-69.9529037476,b42bc9f6-efc5-4cfd-b6a8-3c97b0a1be46,2007,148715
Botrylloides violaceus,44.63015,-65.75233,58d5dd83-b5b3-4dc8-81c4-8b8a54d59b1a,2017,148715
Botrylloides violaceus,41.7997016907,-70.0077972412,1618356f-0f62-4cbb-9252-005120e31fb0,2009,148715
Botrylloides violaceus,43.0587348938,-70.7236633301,1931f1a3-0b4c-4a72-9721-78f9270455f7,2001,148715
Botrylloides violaceus,43.320098877,-70.5634994507,1618356f-0f62-4cbb-9252-005120e31fb0,2008,148715
Botrylloides violaceus,44.19365,-66.16688,58d5dd83-b5b3-4dc8-81c4-8b8a54d59b1a,2019,148715
Botrylloides violaceus,42.5213317871,-70.8818206787,b42bc9f6-efc5-4cfd-b6a8-3c97b0a1be46,2007,148715
Botrylloides violaceus,44.63015,-65.75233,58d5dd83-b5b3-4dc8-81c4-8b8a54d59b1a,2018,148715
Botrylloides violaceus,43.0587348938,-70.7236633301,1931f1a3-0b4c-4a72-9721-78f9270455f7,2001,148715
Botrylloides violaceus,43.3199996948,-70.5634994507,4da23d30-af8d-48f3-977a-4e24394e2e8c,2007,148715
Botrylloides violaceus,41.8348999023,-69.9726028442,1618356f-0f62-4cbb-9252-005120e31fb0,2009,148715
Botrylloides violaceus,41.8348999023,-69.9726028442,b42bc9f6-efc5-4cfd-b6a8-3c97b0a1be46,2007,148715
Botrylloides violaceus,42.3633995056,-71.0341033936,1618356f-0f62-4cbb-9252-005120e31fb0,2009,148715
Botrylloides violaceus,44.6609,-66.7566,58d5dd83-b5b3-4dc8-81c4-8b8a54d59b1a,2013,148715
Botrylloides violaceus,44.39681,-66.21413,58d5dd83-b5b3-4dc8-81c4-8b8a54d59b1a,2021,148715
Botrylloides violaceus,43.320098877,-70.5634994507,1618356f-0f62-4cbb-9252-005120e31fb0,2008,148715
Botrylloides violaceus,45.0561,-66.8638,58d5dd83-b5b3-4dc8-81c4-8b8a54d59b1a,2021,148715
Botrylloides violaceus,44.9466,-66.9055,58d5dd83-b5b3-4dc8-81c4-8b8a54d59b1a,2014,148715
Botrylloides violaceus,43.815,-65.9139,58d5dd83-b5b3-4dc8-81c4-8b8a54d59b1a,2020,148715
Botrylloides violaceus,43.0772666931,-70.7271652222,1931f1a3-0b4c-4a72-9721-78f9270455f7,2001,148715
Botrylloides violaceus,43.0835342407,-70.7323303223,1931f1a3-0b4c-4a72-9721-78f9270455f7,2001,148715
Botrylloides violaceus,41.8348999023,-69.9726028442,b42bc9f6-efc5-4cfd-b6a8-3c97b0a1be46,2007,148715
Botrylloides violaceus,42.5004005432,-70.8382034302,1618356f-0f62-4cbb-9252-005120e31fb0,2009,148715
Botrylloides violaceus,43.0829849243,-70.7608337402,1931f1a3-0b4c-4a72-9721-78f9270455f7,2001,148715
Botrylloides violaceus,45.0944,-66.4168,58d5dd83-b5b3-4dc8-81c4-8b8a54d59b1a,2019,148715
Botrylloides violaceus,43.6623001099,-70.2431411743,4da23d30-af8d-48f3-977a-4e24394e2e8c,2003,148715
Botrylloides violaceus,42.5402984619,-70.8805999756,4da23d30-af8d-48f3-977a-4e24394e2e8c,2000,148715
Botrylloides violaceus,42.5792007446,-70.7317962646,1618356f-0f62-4cbb-9252-005120e31fb0,2008,148715
Botrylloides violaceus,42.5004005432,-70.8382034302,b42bc9f6-efc5-4cfd-b6a8-3c97b0a1be46,2008,148715
Botrylloides violaceus,41.751701355,-70.1540985107,1618356f-0f62-4cbb-9252-005120e31fb0,2008,148715
Botrylloides violaceus,43.8209381104,-70.1052932739,4da23d30-af8d-48f3-977a-4e24394e2e8c,2003,148715
Botrylloides violaceus,43.81648,-66.14785,58d5dd83-b5b3-4dc8-81c4-8b8a54d59b1a,2018,148715
Botrylloides violaceus,42.8992156982,-70.8179855347,4da23d30-af8d-48f3-977a-4e24394e2e8c,2003,148715
Botrylloides violaceus,41.7958984375,-69.9468994141,1618356f-0f62-4cbb-9252-005120e31fb0,2009,148715
Botrylloides violaceus,43.8209381104,-70.1052932739,4da23d30-af8d-48f3-977a-4e24394e2e8c,2003,148715
Botrylloides violaceus,42.654800415,-70.675201416,1618356f-0f62-4cbb-9252-005120e31fb0,2009,148715
Botrylloides violaceus,42.3112983704,-71.0400390625,1618356f-0f62-4cbb-9252-005120e31fb0,2009,148715
Botrylloides violaceus,43.0583000183,-70.7251968384,1618356f-0f62-4cbb-9252-005120e31fb0,2008,148715
Botrylloides violaceus,45.062083,-66.732933,56f7bb50-8b87-48cc-815d-379780b0f5b0,2018,148715
Botrylloides violaceus,44.2649,-66.348,58d5dd83-b5b3-4dc8-81c4-8b8a54d59b1a,2021,148715
Botrylloides violaceus,42.5766983032,-70.7376022339,1618356f-0f62-4cbb-9252-005120e31fb0,2008,148715
Botrylloides violaceus,44.964046,-67.007652,58d5dd83-b5b3-4dc8-81c4-8b8a54d59b1a,2022,148715
Botrylloides violaceus,41.9627799988,-70.6666183472,4da23d30-af8d-48f3-977a-4e24394e2e8c,2000,148715
Botrylloides violaceus,42.5211181641,-70.8809814453,b42bc9f6-efc5-4cfd-b6a8-3c97b0a1be46,2007,148715
Botrylloides violaceus,45.0559,-66.7948,58d5dd83-b5b3-4dc8-81c4-8b8a54d59b1a,2023,148715
Botrylloides violaceus,43.6506996155,-70.2282028198,1618356f-0f62-4cbb-9252-005120e31fb0,2009,148715
Botrylloides violaceus,42.8992767334,-70.8180923462,b42bc9f6-efc5-4cfd-b6a8-3c97b0a1be46,2008,148715
Botrylloides violaceus,45.0944,-66.4168,58d5dd83-b5b3-4dc8-81c4-8b8a54d59b1a,2021,148715
Botrylloides violaceus,43.0583000183,-70.7251968384,1618356f-0f62-4cbb-9252-005120e31fb0,2008,148715
Botrylloides violaceus,43.6623001099,-70.2431411743,4da23d30-af8d-48f3-977a-4e24394e2e8c,2003,148715
Botrylloides violaceus,42.1949691772,-70.7227935791,1618356f-0f62-4cbb-9252-005120e31fb0,2009,148715
Botrylloides violaceus,43.7137,-65.96947,58d5dd83-b5b3-4dc8-81c4-8b8a54d59b1a,2016,148715
Botrylloides violaceus,43.4447,-65.6351,58d5dd83-b5b3-4dc8-81c4-8b8a54d59b1a,2012,148715
Botrylloides violaceus,43.6495780945,-70.2308807373,4da23d30-af8d-48f3-977a-4e24394e2e8c,2003,148715
Botrylloides violaceus,41.9567832947,-70.6591186523,1618356f-0f62-4cbb-9252-005120e31fb0,2008,148715
Botrylloides violaceus,41.8087005615,-69.9529037476,b42bc9f6-efc5-4cfd-b6a8-3c97b0a1be46,2007,148715
Botrylloides violaceus,41.7056541443,-70.2992172241,1618356f-0f62-4cbb-9252-005120e31fb0,2009,148715
Botrylloides violaceus,42.5276985168,-70.8663024902,1618356f-0f62-4cbb-9252-005120e31fb0,2008,148715
Botrylloides violaceus,41.8348999023,-69.9726028442,b42bc9f6-efc5-4cfd-b6a8-3c97b0a1be46,2007,148715
Botrylloides violaceus,42.3264160156,-70.9271316528,1618356f-0f62-4cbb-9252-005120e31fb0,2009,148715
Botrylloides violaceus,43.81648,-66.14785,58d5dd83-b5b3-4dc8-81c4-8b8a54d59b1a,2013,148715
Botrylloides violaceus,43.078250885,-70.7519989014,1931f1a3-0b4c-4a72-9721-78f9270455f7,2001,148715
Botrylloides violaceus,45.062083,-66.732933,56f7bb50-8b87-48cc-815d-379780b0f5b0,2018,148715
Botrylloides violaceus,45.0688,-66.7398,58d5dd83-b5b3-4dc8-81c4-8b8a54d59b1a,2014,148715
Botrylloides violaceus,43.4447,-65.6351,58d5dd83-b5b3-4dc8-81c4-8b8a54d59b1a,2022,148715
Botrylloides violaceus,42.0387992859,-70.6697006226,1618356f-0f62-4cbb-9252-005120e31fb0,2008,148715
Botrylloides violaceus,42.357219696,-71.0497207642,4da23d30-af8d-48f3-977a-4e24394e2e8c,2003,148715
Botrylloides violaceus,42.3432922363,-71.0349655151,1618356f-0f62-4cbb-9252-005120e31fb0,2009,148715
Botrylloides violaceus,42.6104011536,-70.6588897705,4da23d30-af8d-48f3-977a-4e24394e2e8c,2007,148715
Botrylloides violaceus,43.992815,-68.730469,16434578-ebf7-4bcc-a776-508ffece76de,1988,148715
Botrylloides violaceus,41.8348999023,-69.9726028442,1618356f-0f62-4cbb-9252-005120e31fb0,2008,148715
Botrylloides violaceus,45.050267,-66.780783,56f7bb50-8b87-48cc-815d-379780b0f5b0,2018,148715
Botrylloides violaceus,42.5004005432,-70.8382034302,b42bc9f6-efc5-4cfd-b6a8-3c97b0a1be46,2007,148715
Botrylloides violaceus,42.7045631409,-70.7702560425,1618356f-0f62-4cbb-9252-005120e31fb0,2009,148715
Botrylloides violaceus,43.0580406189,-70.7277984619,4da23d30-af8d-48f3-977a-4e24394e2e8c,2007,148715
Botrylloides violaceus,42.5463485718,-70.8554992676,b42bc9f6-efc5-4cfd-b6a8-3c97b0a1be46,2007,148715
Botrylloides violaceus,42.3573989868,-71.0488967896,1618356f-0f62-4cbb-9252-005120e31fb0,2009,148715
Botrylloides violaceus,43.618985,-65.787833,58d5dd83-b5b3-4dc8-81c4-8b8a54d59b1a,2013,148715
Botrylloides violaceus,43.7236,-65.84057,58d5dd83-b5b3-4dc8-81c4-8b8a54d59b1a,2023,148715
Botrylloides violaceus,41.8087005615,-69.9529037476,b42bc9f6-efc5-4cfd-b6a8-3c97b0a1be46,2007,148715
Botrylloides violaceus,42.0387802124,-70.6695175171,4da23d30-af8d-48f3-977a-4e24394e2e8c,2000,148715
Botrylloides violaceus,44.7631,-66.749,58d5dd83-b5b3-4dc8-81c4-8b8a54d59b1a,2023,148715
Botrylloides violaceus,42.1949691772,-70.7227935791,1618356f-0f62-4cbb-9252-005120e31fb0,2009,148715
Botrylloides violaceus,44.7631,-66.749,58d5dd83-b5b3-4dc8-81c4-8b8a54d59b1a,2019,148715
Botrylloides violaceus,44.964046,-67.007652,58d5dd83-b5b3-4dc8-81c4-8b8a54d59b1a,2018,148715
Botrylloides violaceus,41.8348999023,-69.9726028442,b42bc9f6-efc5-4cfd-b6a8-3c97b0a1be46,2007,148715
Botrylloides violaceus,43.4447,-65.6351,58d5dd83-b5b3-4dc8-81c4-8b8a54d59b1a,2023,148715
Botrylloides violaceus,41.8348999023,-69.9726028442,b42bc9f6-efc5-4cfd-b6a8-3c97b0a1be46,2007,148715
Botrylloides violaceus,41.7997016907,-70.0077972412,1618356f-0f62-4cbb-9252-005120e31fb0,2009,148715
Botrylloides violaceus,43.81648,-66.14785,58d5dd83-b5b3-4dc8-81c4-8b8a54d59b1a,2019,148715
Botrylloides violaceus,43.7137,-65.96947,58d5dd83-b5b3-4dc8-81c4-8b8a54d59b1a,2009,148715
Botrylloides violaceus,42.3633995056,-71.0341033936,1618356f-0f62-4cbb-9252-005120e31fb0,2009,148715
Botrylloides violaceus,42.3633995056,-71.0341033936,1618356f-0f62-4cbb-9252-005120e31fb0,2009,148715
Botrylloides violaceus,41.8348999023,-69.9726028442,b42bc9f6-efc5-4cfd-b6a8-3c97b0a1be46,2007,148715
Botrylloides violaceus,42.5703315735,-70.7738037109,1618356f-0f62-4cbb-9252-005120e31fb0,2008,148715
Botrylloides violaceus,45.0688,-66.7398,58d5dd83-b5b3-4dc8-81c4-8b8a54d59b1a,2013,148715
Botrylloides violaceus,45.0513,-66.8956,58d5dd83-b5b3-4dc8-81c4-8b8a54d59b1a,2018,148715
Botrylloides violaceus,41.8087005615,-69.9529037476,b42bc9f6-efc5-4cfd-b6a8-3c97b0a1be46,2007,148715
Botrylloides violaceus,43.078250885,-70.7519989014,1931f1a3-0b4c-4a72-9721-78f9270455f7,2001,148715
Botrylloides violaceus,45.0944,-66.4168,58d5dd83-b5b3-4dc8-81c4-8b8a54d59b1a,2022,148715
Botrylloides violaceus,41.771068573,-70.5023727417,4da23d30-af8d-48f3-977a-4e24394e2e8c,2000,148715
Botrylloides violaceus,42.5276985168,-70.8663024902,1618356f-0f62-4cbb-9252-005120e31fb0,2009,148715
Botrylloides violaceus,44.38326,-68.79621,16434578-ebf7-4bcc-a776-508ffece76de,1998,148715
Botrylloides violaceus,43.0772666931,-70.7271652222,1931f1a3-0b4c-4a72-9721-78f9270455f7,2001,148715
Botrylloides violaceus,42.654800415,-70.675201416,1618356f-0f62-4cbb-9252-005120e31fb0,2009,148715
Botrylloides violaceus,42.2795677185,-70.9016723633,1618356f-0f62-4cbb-9252-005120e31fb0,2009,148715
Botrylloides violaceus,42.5213317871,-70.8818206787,b42bc9f6-efc5-4cfd-b6a8-3c97b0a1be46,2007,148715
Botrylloides violaceus,41.7958984375,-69.9468994141,1618356f-0f62-4cbb-9252-005120e31fb0,2009,148715
Botrylloides violaceus,43.078250885,-70.7519989014,1931f1a3-0b4c-4a72-9721-78f9270455f7,2001,148715
Botrylloides violaceus,42.5402984619,-70.8862991333,1618356f-0f62-4cbb-9252-005120e31fb0,2008,148715
Botrylloides violaceus,41.8348999023,-69.9726028442,b42bc9f6-efc5-4cfd-b6a8-3c97b0a1be46,2007,148715
Botrylloides violaceus,43.81648,-66.14785,58d5dd83-b5b3-4dc8-81c4-8b8a54d59b1a,2014,148715
Botrylloides violaceus,43.4447,-65.6351,58d5dd83-b5b3-4dc8-81c4-8b8a54d59b1a,2010,148715
Botrylloides violaceus,45.0677,-67.0531,58d5dd83-b5b3-4dc8-81c4-8b8a54d59b1a,2020,148715
Botrylloides violaceus,45.0561,-66.8638,58d5dd83-b5b3-4dc8-81c4-8b8a54d59b1a,2017,148715
Botrylloides violaceus,43.0829849243,-70.7608337402,1931f1a3-0b4c-4a72-9721-78f9270455f7,2001,148715
Botrylloides violaceus,42.5402984619,-70.8862991333,1618356f-0f62-4cbb-9252-005120e31fb0,2008,148715
Botrylloides violaceus,42.5766983032,-70.7376022339,1618356f-0f62-4cbb-9252-005120e31fb0,2008,148715
Botrylloides violaceus,43.7137,-65.96947,58d5dd83-b5b3-4dc8-81c4-8b8a54d59b1a,2013,148715
Botrylloides violaceus,44.6474,-66.8413,58d5dd83-b5b3-4dc8-81c4-8b8a54d59b1a,2022,148715
Botrylloides violaceus,42.5211181641,-70.8809814453,b42bc9f6-efc5-4cfd-b6a8-3c97b0a1be46,2007,148715
Botrylloides violaceus,42.2494316101,-70.9733810425,4da23d30-af8d-48f3-977a-4e24394e2e8c,2000,148715
Botrylloides violaceus,44.964046,-67.007652,58d5dd83-b5b3-4dc8-81c4-8b8a54d59b1a,2023,148715
Botrylloides violaceus,43.3451004028,-70.4916000366,1618356f-0f62-4cbb-9252-005120e31fb0,2008,148715
Botrylloides violaceus,45.0688,-66.7398,58d5dd83-b5b3-4dc8-81c4-8b8a54d59b1a,2020,148715
Botrylloides violaceus,43.6506996155,-70.2282028198,1618356f-0f62-4cbb-9252-005120e31fb0,2008,148715
Botrylloides violaceus,44.2649,-66.348,58d5dd83-b5b3-4dc8-81c4-8b8a54d59b1a,2022,148715
Botrylloides violaceus,44.9716,-66.9527,58d5dd83-b5b3-4dc8-81c4-8b8a54d59b1a,2013,148715
Botrylloides violaceus,43.0587348938,-70.7236633301,1931f1a3-0b4c-4a72-9721-78f9270455f7,2001,148715
Botrylloides violaceus,42.3432922363,-71.0349655151,1618356f-0f62-4cbb-9252-005120e31fb0,2009,148715
Botrylloides violaceus,44.63015,-65.75233,58d5dd83-b5b3-4dc8-81c4-8b8a54d59b1a,2020,148715
Botrylloides violaceus,41.7958984375,-69.9468994141,1618356f-0f62-4cbb-9252-005120e31fb0,2008,148715
Botrylloides violaceus,42.3205986023,-70.9850769043,1618356f-0f62-4cbb-9252-005120e31fb0,2009,148715
Botrylloides violaceus,43.7137,-65.96947,58d5dd83-b5b3-4dc8-81c4-8b8a54d59b1a,2022,148715
Botrylloides violaceus,41.8348999023,-69.9726028442,b42bc9f6-efc5-4cfd-b6a8-3c97b0a1be46,2007,148715
Botrylloides violaceus,42.654800415,-70.675201416,1618356f-0f62-4cbb-9252-005120e31fb0,2009,148715
Botrylloides violaceus,43.0666503906,-70.6955032349,1931f1a3-0b4c-4a72-9721-78f9270455f7,2001,148715
Botrylloides violaceus,43.0772666931,-70.7271652222,1931f1a3-0b4c-4a72-9721-78f9270455f7,2001,148715
Botrylloides violaceus,42.5004005432,-70.8382034302,b42bc9f6-efc5-4cfd-b6a8-3c97b0a1be46,2007,148715
Botrylloides violaceus,42.5703315735,-70.7738037109,1618356f-0f62-4cbb-9252-005120e31fb0,2009,148715
Botrylloides violaceus,43.815,-65.9139,58d5dd83-b5b3-4dc8-81c4-8b8a54d59b1a,2019,148715
Botrylloides violaceus,44.19365,-66.16688,58d5dd83-b5b3-4dc8-81c4-8b8a54d59b1a,2007,148715
Botrylloides violaceus,41.961933136,-70.6663665771,1618356f-0f62-4cbb-9252-005120e31fb0,2009,148715
Botrylloides violaceus,45.0823,-67.0847,58d5dd83-b5b3-4dc8-81c4-8b8a54d59b1a,2015,148715
Botrylloides violaceus,43.7236,-65.84057,58d5dd83-b5b3-4dc8-81c4-8b8a54d59b1a,2014,148715
Botrylloides violaceus,43.0587501526,-70.7236633301,1931f1a3-0b4c-4a72-9721-78f9270455f7,2001,148715
Botrylloides violaceus,42.5213317871,-70.8818206787,b42bc9f6-efc5-4cfd-b6a8-3c97b0a1be46,2007,148715
Botrylloides violaceus,44.6474,-66.8413,58d5dd83-b5b3-4dc8-81c4-8b8a54d59b1a,2017,148715
Botrylloides violaceus,42.0387802124,-70.6695175171,4da23d30-af8d-48f3-977a-4e24394e2e8c,2000,148715
Botrylloides violaceus,42.5215988159,-70.881652832,4da23d30-af8d-48f3-977a-4e24394e2e8c,2003,148715
Botrylloides violaceus,43.0587501526,-70.7236633301,1931f1a3-0b4c-4a72-9721-78f9270455f7,2001,148715
Botrylloides violaceus,42.3712005615,-71.0596008301,1618356f-0f62-4cbb-9252-005120e31fb0,2009,148715
Botrylloides violaceus,44.39681,-66.21413,58d5dd83-b5b3-4dc8-81c4-8b8a54d59b1a,2018,148715
Botrylloides violaceus,42.0946006775,-70.6470031738,1618356f-0f62-4cbb-9252-005120e31fb0,2009,148715
Botrylloides violaceus,44.6474,-66.8413,58d5dd83-b5b3-4dc8-81c4-8b8a54d59b1a,2019,148715
Botrylloides violaceus,45.0944,-66.4168,58d5dd83-b5b3-4dc8-81c4-8b8a54d59b1a,2016,148715
Botrylloides violaceus,44.104839325,-69.1020889282,4da23d30-af8d-48f3-977a-4e24394e2e8c,2007,148715
Botrylloides violaceus,43.320098877,-70.5634994507,1618356f-0f62-4cbb-9252-005120e31fb0,2008,148715
Botrylloides violaceus,41.751701355,-70.1540985107,1618356f-0f62-4cbb-9252-005120e31fb0,2008,148715
Botrylloides violaceus,41.8087005615,-69.9529037476,b42bc9f6-efc5-4cfd-b6a8-3c97b0a1be46,2007,148715
Botrylloides violaceus,41.8348999023,-69.9726028442,b42bc9f6-efc5-4cfd-b6a8-3c97b0a1be46,2007,148715
Botrylloides violaceus,43.4447,-65.6351,58d5dd83-b5b3-4dc8-81c4-8b8a54d59b1a,2015,148715
Botrylloides violaceus,43.81648,-66.14785,58d5dd83-b5b3-4dc8-81c4-8b8a54d59b1a,2015,148715
Botrylloides violaceus,44.9466,-66.9055,58d5dd83-b5b3-4dc8-81c4-8b8a54d59b1a,2018,148715
Botrylloides violaceus,43.703996,-66.054709,58d5dd83-b5b3-4dc8-81c4-8b8a54d59b1a,2013,148715
Botrylloides violaceus,43.4447,-65.6351,58d5dd83-b5b3-4dc8-81c4-8b8a54d59b1a,2021,148715
Botrylloides violaceus,43.0772666931,-70.7271652222,1931f1a3-0b4c-4a72-9721-78f9270455f7,2001,148715
Botrylloides violaceus,44.39681,-66.21413,58d5dd83-b5b3-4dc8-81c4-8b8a54d59b1a,2013,148715
Botrylloides violaceus,43.6506996155,-70.2282028198,1618356f-0f62-4cbb-9252-005120e31fb0,2008,148715
Botrylloides violaceus,43.4447,-65.6351,58d5dd83-b5b3-4dc8-81c4-8b8a54d59b1a,2013,148715
Botrylloides violaceus,44.39681,-66.21413,58d5dd83-b5b3-4dc8-81c4-8b8a54d59b1a,2012,148715
Botrylloides violaceus,41.8348999023,-69.9726028442,1618356f-0f62-4cbb-9252-005120e31fb0,2008,148715
Botrylloides violaceus,45.0561,-66.8638,58d5dd83-b5b3-4dc8-81c4-8b8a54d59b1a,2013,148715
Botrylloides violaceus,42.2427597046,-70.9720993042,4da23d30-af8d-48f3-977a-4e24394e2e8c,2000,148715
Botrylloides violaceus,41.7958984375,-69.9468994141,1618356f-0f62-4cbb-9252-005120e31fb0,2009,148715
Botrylloides violaceus,41.751701355,-70.1540985107,1618356f-0f62-4cbb-9252-005120e31fb0,2008,148715
Botrylloides violaceus,44.9283,-66.94,58d5dd83-b5b3-4dc8-81c4-8b8a54d59b1a,2016,148715
Botrylloides violaceus,45.049517,-66.782067,56f7bb50-8b87-48cc-815d-379780b0f5b0,2018,148715
Botrylloides violaceus,43.0829849243,-70.7608337402,1931f1a3-0b4c-4a72-9721-78f9270455f7,2001,148715
Botrylloides violaceus,44.9716,-66.9527,58d5dd83-b5b3-4dc8-81c4-8b8a54d59b1a,2020,148715
Botrylloides violaceus,43.81648,-66.14785,58d5dd83-b5b3-4dc8-81c4-8b8a54d59b1a,2023,148715
Botrylloides violaceus,42.650932312,-70.7448654175,1618356f-0f62-4cbb-9252-005120e31fb0,2009,148715
Botrylloides violaceus,45.0677,-67.0531,58d5dd83-b5b3-4dc8-81c4-8b8a54d59b1a,2017,148715
Botrylloides violaceus,43.0830993652,-70.7608337402,1931f1a3-0b4c-4a72-9721-78f9270455f7,2001,148715
Botrylloides violaceus,43.9350814819,-69.5811233521,4da23d30-af8d-48f3-977a-4e24394e2e8c,2007,148715
Botrylloides violaceus,44.9466,-66.9055,58d5dd83-b5b3-4dc8-81c4-8b8a54d59b1a,2023,148715
Botrylloides violaceus,43.7137,-65.96947,58d5dd83-b5b3-4dc8-81c4-8b8a54d59b1a,2010,148715
Botrylloides violaceus,43.6504020691,-70.2289657593,1618356f-0f62-4cbb-9252-005120e31fb0,2009,148715
Botrylloides violaceus,43.7137,-65.96947,58d5dd83-b5b3-4dc8-81c4-8b8a54d59b1a,2015,148715
Botrylloides violaceus,42.5215988159,-70.881652832,4da23d30-af8d-48f3-977a-4e24394e2e8c,2003,148715
Botrylloides violaceus,45.0688,-66.7398,58d5dd83-b5b3-4dc8-81c4-8b8a54d59b1a,2016,148715
Botrylloides violaceus,45.0513,-66.8956,58d5dd83-b5b3-4dc8-81c4-8b8a54d59b1a,2022,148715
Botrylloides violaceus,45.0944,-66.4168,58d5dd83-b5b3-4dc8-81c4-8b8a54d59b1a,2020,148715
Botrylloides violaceus,42.419543,-70.90718,9d629feb-ba03-4a83-908c-794d94d30531,2021,148715
Botrylloides violaceus,44.19365,-66.16688,58d5dd83-b5b3-4dc8-81c4-8b8a54d59b1a,2009,148715
Botrylloides violaceus,45.0688,-66.7398,58d5dd83-b5b3-4dc8-81c4-8b8a54d59b1a,2011,148715
Botrylloides violaceus,45.0677,-67.0531,58d5dd83-b5b3-4dc8-81c4-8b8a54d59b1a,2019,148715
Botrylloides violaceus,43.81648,-66.14785,58d5dd83-b5b3-4dc8-81c4-8b8a54d59b1a,2020,148715
Botrylloides violaceus,41.7997016907,-70.0077972412,1618356f-0f62-4cbb-9252-005120e31fb0,2009,148715
Botrylloides violaceus,42.1949691772,-70.7227935791,1618356f-0f62-4cbb-9252-005120e31fb0,2008,148715
Botrylloides violaceus,43.92955,-68.818359,16434578-ebf7-4bcc-a776-508ffece76de,2001,148715
Botrylloides violaceus,42.419543,-70.90718,9d629feb-ba03-4a83-908c-794d94d30531,2021,148715
Botrylloides violaceus,43.7236,-65.84057,58d5dd83-b5b3-4dc8-81c4-8b8a54d59b1a,2019,148715
Botrylloides violaceus,42.0387992859,-70.6697006226,1618356f-0f62-4cbb-9252-005120e31fb0,2008,148715
Botrylloides violaceus,43.1344985962,-70.6473999023,1618356f-0f62-4cbb-9252-005120e31fb0,2008,148715
Botrylloides violaceus,44.9716,-66.9527,58d5dd83-b5b3-4dc8-81c4-8b8a54d59b1a,2021,148715
Botrylloides violaceus,43.81648,-66.14785,58d5dd83-b5b3-4dc8-81c4-8b8a54d59b1a,2022,148715
Botrylloides violaceus,45.0677,-67.0531,58d5dd83-b5b3-4dc8-81c4-8b8a54d59b1a,2021,148715
Botrylloides violaceus,45.0688,-66.7398,58d5dd83-b5b3-4dc8-81c4-8b8a54d59b1a,2021,148715
Botrylloides violaceus,45.0561,-66.8638,58d5dd83-b5b3-4dc8-81c4-8b8a54d59b1a,2018,148715
Botrylloides violaceus,44.19365,-66.16688,58d5dd83-b5b3-4dc8-81c4-8b8a54d59b1a,2018,148715
Botrylloides violaceus,44.9283,-66.94,58d5dd83-b5b3-4dc8-81c4-8b8a54d59b1a,2018,148715
Botrylloides violaceus,41.8087005615,-69.9529037476,b42bc9f6-efc5-4cfd-b6a8-3c97b0a1be46,2007,148715
Botrylloides violaceus,43.1344985962,-70.6473999023,1618356f-0f62-4cbb-9252-005120e31fb0,2008,148715
Botrylloides violaceus,42.357219696,-71.0497207642,4da23d30-af8d-48f3-977a-4e24394e2e8c,2003,148715
Botrylloides violaceus,41.7958984375,-69.9468994141,1618356f-0f62-4cbb-9252-005120e31fb0,2008,148715
Botrylloides violaceus,43.0772666931,-70.7271652222,1931f1a3-0b4c-4a72-9721-78f9270455f7,2001,148715
Botrylloides violaceus,44.6474,-66.8413,58d5dd83-b5b3-4dc8-81c4-8b8a54d59b1a,2023,148715
Botrylloides violaceus,42.654800415,-70.675201416,1618356f-0f62-4cbb-9252-005120e31fb0,2009,148715
Botrylloides violaceus,41.771068573,-70.5023727417,4da23d30-af8d-48f3-977a-4e24394e2e8c,2007,148715
Botrylloides violaceus,44.19365,-66.16688,58d5dd83-b5b3-4dc8-81c4-8b8a54d59b1a,2021,148715
Botrylloides violaceus,44.9283,-66.94,58d5dd83-b5b3-4dc8-81c4-8b8a54d59b1a,2011,148715
Botrylloides violaceus,44.8968582153,-67.0076828003,4da23d30-af8d-48f3-977a-4e24394e2e8c,2005,148715
Botrylloides violaceus,43.4447,-65.6351,58d5dd83-b5b3-4dc8-81c4-8b8a54d59b1a,2019,148715
Botrylloides violaceus,44.19365,-66.16688,58d5dd83-b5b3-4dc8-81c4-8b8a54d59b1a,2008,148715
Botrylloides violaceus,44.6474,-66.8413,58d5dd83-b5b3-4dc8-81c4-8b8a54d59b1a,2018,148715
Botrylloides violaceus,43.0717163086,-70.7105331421,4da23d30-af8d-48f3-977a-4e24394e2e8c,2003,148715
Botrylloides violaceus,43.1158981323,-70.8361968994,1618356f-0f62-4cbb-9252-005120e31fb0,2008,148715
Botrylloides violaceus,44.964046,-67.007652,58d5dd83-b5b3-4dc8-81c4-8b8a54d59b1a,2011,148715
Botrylloides violaceus,44.63015,-65.75233,58d5dd83-b5b3-4dc8-81c4-8b8a54d59b1a,2014,148715
Botrylloides violaceus,42.5463485718,-70.8554992676,1618356f-0f62-4cbb-9252-005120e31fb0,2009,148715
Botrylloides violaceus,43.7236,-65.84057,58d5dd83-b5b3-4dc8-81c4-8b8a54d59b1a,2007,148715
Botrylloides violaceus,44.9716,-66.9527,58d5dd83-b5b3-4dc8-81c4-8b8a54d59b1a,2022,148715
Botrylloides violaceus,44.6609,-66.7566,58d5dd83-b5b3-4dc8-81c4-8b8a54d59b1a,2017,148715
Botrylloides violaceus,43.815465,-69.595651,9d629feb-ba03-4a83-908c-794d94d30531,2018,148715
Botrylloides violaceus,43.6495780945,-70.2308807373,4da23d30-af8d-48f3-977a-4e24394e2e8c,2003,148715
Botrylloides violaceus,44.9716,-66.9527,58d5dd83-b5b3-4dc8-81c4-8b8a54d59b1a,2019,148715
Botrylloides violaceus,45.0561,-66.8638,58d5dd83-b5b3-4dc8-81c4-8b8a54d59b1a,2016,148715
Botrylloides violaceus,41.8348999023,-69.9726028442,1618356f-0f62-4cbb-9252-005120e31fb0,2008,148715
Botrylloides violaceus,43.4447,-65.6351,58d5dd83-b5b3-4dc8-81c4-8b8a54d59b1a,2017,148715
Botrylloides violaceus,42.5766983032,-70.7376022339,b42bc9f6-efc5-4cfd-b6a8-3c97b0a1be46,2007,148715
Botrylloides violaceus,42.5463485718,-70.8554992676,1618356f-0f62-4cbb-9252-005120e31fb0,2008,148715
Botrylloides violaceus,42.8992156982,-70.8179855347,4da23d30-af8d-48f3-977a-4e24394e2e8c,2003,148715
Botrylloides violaceus,43.7137,-65.96947,58d5dd83-b5b3-4dc8-81c4-8b8a54d59b1a,2021,148715
Botrylloides violaceus,42.5213317871,-70.8818206787,b42bc9f6-efc5-4cfd-b6a8-3c97b0a1be46,2007,148715
Botrylloides violaceus,42.3432502747,-71.0350036621,4da23d30-af8d-48f3-977a-4e24394e2e8c,2000,148715
Botrylloides violaceus,43.0583000183,-70.7251968384,1618356f-0f62-4cbb-9252-005120e31fb0,2008,148715
Botrylloides violaceus,43.0666503906,-70.6955032349,1931f1a3-0b4c-4a72-9721-78f9270455f7,2001,148715
Botrylloides violaceus,42.5402984619,-70.8862991333,1618356f-0f62-4cbb-9252-005120e31fb0,2009,148715
Botrylloides violaceus,41.8087005615,-69.9529037476,b42bc9f6-efc5-4cfd-b6a8-3c97b0a1be46,2007,148715
Botrylloides violaceus,42.5213317871,-70.8818206787,b42bc9f6-efc5-4cfd-b6a8-3c97b0a1be46,2007,148715
Botrylloides violaceus,41.751701355,-70.1540985107,1618356f-0f62-4cbb-9252-005120e31fb0,2008,148715
Botrylloides violaceus,43.000002,-70.746975,16434578-ebf7-4bcc-a776-508ffece76de,1998,148715
Botrylloides violaceus,43.0971984863,-70.7783966064,1618356f-0f62-4cbb-9252-005120e31fb0,2008,148715
Botrylloides violaceus,44.9283,-66.94,58d5dd83-b5b3-4dc8-81c4-8b8a54d59b1a,2010,148715
Botrylloides violaceus,42.8992156982,-70.8179855347,4da23d30-af8d-48f3-977a-4e24394e2e8c,2003,148715
Botrylloides violaceus,42.3803787231,-71.0508346558,1618356f-0f62-4cbb-9252-005120e31fb0,2009,148715
Botrylloides violaceus,45.050267,-66.780783,56f7bb50-8b87-48cc-815d-379780b0f5b0,2018,148715
Botrylloides violaceus,43.83636,-66.12328,58d5dd83-b5b3-4dc8-81c4-8b8a54d59b1a,2013,148715
Botrylloides violaceus,41.8348999023,-69.9726028442,1618356f-0f62-4cbb-9252-005120e31fb0,2008,148715
Botrylloides violaceus,42.3712081909,-71.0595321655,4da23d30-af8d-48f3-977a-4e24394e2e8c,2000,148715
Botrylloides violaceus,42.5766983032,-70.7376022339,1618356f-0f62-4cbb-9252-005120e31fb0,2009,148715
Botrylloides violaceus,42.357219696,-71.0497207642,4da23d30-af8d-48f3-977a-4e24394e2e8c,2003,148715
Botrylloides violaceus,42.357219696,-71.0497207642,4da23d30-af8d-48f3-977a-4e24394e2e8c,2000,148715
Botrylloides violaceus,44.63015,-65.75233,58d5dd83-b5b3-4dc8-81c4-8b8a54d59b1a,2016,148715
Botrylloides violaceus,41.8087005615,-69.9529037476,b42bc9f6-efc5-4cfd-b6a8-3c97b0a1be46,2007,148715
Botrylloides violaceus,42.5276985168,-70.8663024902,1618356f-0f62-4cbb-9252-005120e31fb0,2008,148715
Botrylloides violaceus,43.815,-65.9139,58d5dd83-b5b3-4dc8-81c4-8b8a54d59b1a,2017,148715
Botrylloides violaceus,42.5703315735,-70.7738037109,1618356f-0f62-4cbb-9252-005120e31fb0,2009,148715
Botrylloides violaceus,42.3432922363,-71.0349655151,1618356f-0f62-4cbb-9252-005120e31fb0,2009,148715
Botrylloides violaceus,43.320098877,-70.5634994507,1618356f-0f62-4cbb-9252-005120e31fb0,2009,148715
Botrylloides violaceus,42.2494316101,-70.9733810425,4da23d30-af8d-48f3-977a-4e24394e2e8c,2000,148715
Botrylloides violaceus,42.0387802124,-70.6695175171,4da23d30-af8d-48f3-977a-4e24394e2e8c,2000,148715
Botrylloides violaceus,43.7236,-65.84057,58d5dd83-b5b3-4dc8-81c4-8b8a54d59b1a,2016,148715
Botrylloides violaceus,41.751701355,-70.1540985107,1618356f-0f62-4cbb-9252-005120e31fb0,2008,148715
Botrylloides violaceus,42.1744995117,-70.7147979736,1618356f-0f62-4cbb-9252-005120e31fb0,2008,148715
Botrylloides violaceus,42.419543,-70.90718,9d629feb-ba03-4a83-908c-794d94d30531,2019,148715
Botrylloides violaceus,42.357219696,-71.0497207642,4da23d30-af8d-48f3-977a-4e24394e2e8c,2003,148715
Botrylloides violaceus,45.0944,-66.4168,58d5dd83-b5b3-4dc8-81c4-8b8a54d59b1a,2018,148715
Botrylloides violaceus,43.0829849243,-70.7608337402,1931f1a3-0b4c-4a72-9721-78f9270455f7,2001,148715
Botrylloides violaceus,43.7236,-65.84057,58d5dd83-b5b3-4dc8-81c4-8b8a54d59b1a,2021,148715
Botrylloides violaceus,44.915994,-66.94122,58d5dd83-b5b3-4dc8-81c4-8b8a54d59b1a,2021,148715
Botrylloides violaceus,42.5211181641,-70.8809814453,b42bc9f6-efc5-4cfd-b6a8-3c97b0a1be46,2007,148715
Botrylloides violaceus,42.5215988159,-70.881652832,4da23d30-af8d-48f3-977a-4e24394e2e8c,2003,148715
Botrylloides violaceus,41.751701355,-70.1540985107,1618356f-0f62-4cbb-9252-005120e31fb0,2008,148715
Botrylloides violaceus,44.19365,-66.16688,58d5dd83-b5b3-4dc8-81c4-8b8a54d59b1a,2014,148715
Botrylloides violaceus,42.357219696,-71.0497207642,4da23d30-af8d-48f3-977a-4e24394e2e8c,2007,148715
Botrylloides violaceus,44.426915,-68.996544,16434578-ebf7-4bcc-a776-508ffece76de,1998,148715
Botrylloides violaceus,42.3218078613,-70.9886322021,1618356f-0f62-4cbb-9252-005120e31fb0,2009,148715
Botrylloides violaceus,44.39681,-66.21413,58d5dd83-b5b3-4dc8-81c4-8b8a54d59b1a,2020,148715
Botrylloides violaceus,43.8209381104,-70.1052932739,4da23d30-af8d-48f3-977a-4e24394e2e8c,2003,148715
Botrylloides violaceus,43.6793556213,-70.2527999878,4da23d30-af8d-48f3-977a-4e24394e2e8c,2007,148715
Botrylloides violaceus,42.3432922363,-71.0349655151,1618356f-0f62-4cbb-9252-005120e31fb0,2009,148715
Botrylloides violaceus,45.0677,-67.0531,58d5dd83-b5b3-4dc8-81c4-8b8a54d59b1a,2018,148715
Botrylloides violaceus,43.5,-65.74,58d5dd83-b5b3-4dc8-81c4-8b8a54d59b1a,2013,148715
Botrylloides violaceus,42.420889,-70.906416,9d629feb-ba03-4a83-908c-794d94d30531,2015,148715
Botrylloides violaceus,44.63015,-65.75233,58d5dd83-b5b3-4dc8-81c4-8b8a54d59b1a,2013,148715
Botrylloides violaceus,42.5402984619,-70.8862991333,1618356f-0f62-4cbb-9252-005120e31fb0,2009,148715
Botrylloides violaceus,43.6504020691,-70.2289657593,1618356f-0f62-4cbb-9252-005120e31fb0,2009,148715
Botrylloides violaceus,43.6506996155,-70.2282028198,1618356f-0f62-4cbb-9252-005120e31fb0,2009,148715
Botrylloides violaceus,41.8348999023,-69.9726028442,1618356f-0f62-4cbb-9252-005120e31fb0,2009,148715
Botrylloides violaceus,44.964046,-67.007652,58d5dd83-b5b3-4dc8-81c4-8b8a54d59b1a,2017,148715
Botrylloides violaceus,42.3573989868,-71.0488967896,1618356f-0f62-4cbb-9252-005120e31fb0,2009,148715
Botrylloides violaceus,43.45813,-65.65458,58d5dd83-b5b3-4dc8-81c4-8b8a54d59b1a,2013,148715
Botrylloides violaceus,41.8348999023,-69.9726028442,b42bc9f6-efc5-4cfd-b6a8-3c97b0a1be46,2007,148715
Botrylloides violaceus,41.961933136,-70.6663665771,1618356f-0f62-4cbb-9252-005120e31fb0,2009,148715
Botrylloides violaceus,42.0387992859,-70.6697006226,1618356f-0f62-4cbb-9252-005120e31fb0,2009,148715
Botrylloides violaceus,43.7137,-65.96947,58d5dd83-b5b3-4dc8-81c4-8b8a54d59b1a,2007,148715
Botrylloides violaceus,43.0587348938,-70.7236633301,1931f1a3-0b4c-4a72-9721-78f9270455f7,2001,148715
Botrylloides violaceus,42.5402984619,-70.8805999756,4da23d30-af8d-48f3-977a-4e24394e2e8c,2000,148715
Botrylloides violaceus,41.8087005615,-69.9529037476,b42bc9f6-efc5-4cfd-b6a8-3c97b0a1be46,2007,148715
Botrylloides violaceus,43.5,-65.74,58d5dd83-b5b3-4dc8-81c4-8b8a54d59b1a,2014,148715
Botrylloides violaceus,41.8348999023,-69.9726028442,b42bc9f6-efc5-4cfd-b6a8-3c97b0a1be46,2007,148715
Botrylloides violaceus,42.5004005432,-70.8382034302,b42bc9f6-efc5-4cfd-b6a8-3c97b0a1be46,2007,148715
Botrylloides violaceus,43.4447,-65.6351,58d5dd83-b5b3-4dc8-81c4-8b8a54d59b1a,2014,148715
Botrylloides violaceus,41.8348999023,-69.9726028442,1618356f-0f62-4cbb-9252-005120e31fb0,2008,148715
Botrylloides violaceus,42.419543,-70.90718,9d629feb-ba03-4a83-908c-794d94d30531,2021,148715
Botrylloides violaceus,42.2802238464,-70.901550293,1618356f-0f62-4cbb-9252-005120e31fb0,2009,148715
Botrylloides violaceus,42.5213012695,-70.8817977905,1618356f-0f62-4cbb-9252-005120e31fb0,2009,148715
Botrylloides violaceus,43.0965003967,-70.7673339844,1931f1a3-0b4c-4a72-9721-78f9270455f7,2001,148715
Botrylloides violaceus,44.9716,-66.9527,58d5dd83-b5b3-4dc8-81c4-8b8a54d59b1a,2011,148715
Botrylloides violaceus,44.19365,-66.16688,58d5dd83-b5b3-4dc8-81c4-8b8a54d59b1a,2017,148715
Botrylloides violaceus,43.6506996155,-70.2282028198,1618356f-0f62-4cbb-9252-005120e31fb0,2008,148715
Botrylloides violaceus,45.0513,-66.8956,58d5dd83-b5b3-4dc8-81c4-8b8a54d59b1a,2021,148715
Botrylloides violaceus,44.39681,-66.21413,58d5dd83-b5b3-4dc8-81c4-8b8a54d59b1a,2015,148715
Botrylloides violaceus,42.5211181641,-70.8809814453,b42bc9f6-efc5-4cfd-b6a8-3c97b0a1be46,2007,148715
Botrylloides violaceus,43.320098877,-70.5634994507,1618356f-0f62-4cbb-9252-005120e31fb0,2009,148715
Botrylloides violaceus,42.3573989868,-71.0488967896,1618356f-0f62-4cbb-9252-005120e31fb0,2009,148715
Botrylloides violaceus,42.3633995056,-71.0341033936,1618356f-0f62-4cbb-9252-005120e31fb0,2009,148715
Botrylloides violaceus,43.128551,-70.62355,16434578-ebf7-4bcc-a776-508ffece76de,1998,148715
Botrylloides violaceus,44.19365,-66.16688,58d5dd83-b5b3-4dc8-81c4-8b8a54d59b1a,2016,148715
Botrylloides violaceus,42.3573989868,-71.0488967896,1618356f-0f62-4cbb-9252-005120e31fb0,2009,148715
Botrylloides violaceus,45.0944,-66.4168,58d5dd83-b5b3-4dc8-81c4-8b8a54d59b1a,2012,148715
Botrylloides violaceus,41.8348999023,-69.9726028442,b42bc9f6-efc5-4cfd-b6a8-3c97b0a1be46,2007,148715
Botrylloides violaceus,41.8348999023,-69.9726028442,1618356f-0f62-4cbb-9252-005120e31fb0,2008,148715
Botrylloides violaceus,44.6609,-66.7566,58d5dd83-b5b3-4dc8-81c4-8b8a54d59b1a,2018,148715
Botrylloides violaceus,44.6609,-66.7566,58d5dd83-b5b3-4dc8-81c4-8b8a54d59b1a,2022,148715
Botrylloides violaceus,42.5004005432,-70.8382034302,1618356f-0f62-4cbb-9252-005120e31fb0,2008,148715
Botrylloides violaceus,41.7958984375,-69.9468994141,1618356f-0f62-4cbb-9252-005120e31fb0,2009,148715
Botrylloides violaceus,44.2649,-66.348,58d5dd83-b5b3-4dc8-81c4-8b8a54d59b1a,2016,148715
Botrylloides violaceus,42.5402984619,-70.8862991333,b42bc9f6-efc5-4cfd-b6a8-3c97b0a1be46,2007,148715
Botrylloides violaceus,42.3432922363,-71.0349655151,1618356f-0f62-4cbb-9252-005120e31fb0,2009,148715
Botrylloides violaceus,41.8087005615,-69.9529037476,b42bc9f6-efc5-4cfd-b6a8-3c97b0a1be46,2007,148715
Botrylloides violaceus,44.7631,-66.749,58d5dd83-b5b3-4dc8-81c4-8b8a54d59b1a,2018,148715
Botrylloides violaceus,42.5463485718,-70.8554992676,1618356f-0f62-4cbb-9252-005120e31fb0,2008,148715
Botrylloides violaceus,43.0971984863,-70.7783966064,1618356f-0f62-4cbb-9252-005120e31fb0,2008,148715
Botrylloides violaceus,42.3218078613,-70.9886322021,1618356f-0f62-4cbb-9252-005120e31fb0,2009,148715
Botrylloides violaceus,42.3112983704,-71.0400390625,1618356f-0f62-4cbb-9252-005120e31fb0,2009,148715
Botrylloides violaceus,43.815,-65.9139,58d5dd83-b5b3-4dc8-81c4-8b8a54d59b1a,2018,148715
Botrylloides violaceus,44.6609,-66.7566,58d5dd83-b5b3-4dc8-81c4-8b8a54d59b1a,2020,148715
Botrylloides violaceus,42.0387992859,-70.6697006226,1618356f-0f62-4cbb-9252-005120e31fb0,2009,148715
Botrylloides violaceus,41.985525,-70.678482,16434578-ebf7-4bcc-a776-508ffece76de,1998,148715
Botrylloides violaceus,42.5004005432,-70.8382034302,b42bc9f6-efc5-4cfd-b6a8-3c97b0a1be46,2008,148715
Botrylloides violaceus,42.3712005615,-71.0596008301,1618356f-0f62-4cbb-9252-005120e31fb0,2009,148715
Botrylloides violaceus,41.8348999023,-69.9726028442,b42bc9f6-efc5-4cfd-b6a8-3c97b0a1be46,2009,148715
Botrylloides violaceus,42.5766983032,-70.7376022339,b42bc9f6-efc5-4cfd-b6a8-3c97b0a1be46,2007,148715
Botrylloides violaceus,42.650932312,-70.7448654175,1618356f-0f62-4cbb-9252-005120e31fb0,2009,148715
Botrylloides violaceus,43.36575,-70.433693,16434578-ebf7-4bcc-a776-508ffece76de,1998,148715
Botrylloides violaceus,41.7997016907,-70.0077972412,1618356f-0f62-4cbb-9252-005120e31fb0,2008,148715
Botrylloides violaceus,43.6495780945,-70.2308807373,4da23d30-af8d-48f3-977a-4e24394e2e8c,2007,148715
Botrylloides violaceus,44.9283,-66.94,58d5dd83-b5b3-4dc8-81c4-8b8a54d59b1a,2013,148715
Botrylloides violaceus,41.8348999023,-69.9726028442,1618356f-0f62-4cbb-9252-005120e31fb0,2009,148715
Botrylloides violaceus,41.7997016907,-70.0077972412,1618356f-0f62-4cbb-9252-005120e31fb0,2008,148715
Botrylloides violaceus,43.3451004028,-70.4916000366,1618356f-0f62-4cbb-9252-005120e31fb0,2008,148715
Botrylloides violaceus,41.7061309814,-70.2988967896,4da23d30-af8d-48f3-977a-4e24394e2e8c,2000,148715
Botrylloides violaceus,42.5792007446,-70.7317962646,1618356f-0f62-4cbb-9252-005120e31fb0,2008,148715
Botrylloides violaceus,43.7137,-65.96947,58d5dd83-b5b3-4dc8-81c4-8b8a54d59b1a,2008,148715
Botrylloides violaceus,42.3205986023,-70.9850769043,1618356f-0f62-4cbb-9252-005120e31fb0,2009,148715
Botrylloides violaceus,41.7712,-70.5012,9d629feb-ba03-4a83-908c-794d94d30531,2009,148715
Botrylloides violaceus,42.420889,-70.906416,9d629feb-ba03-4a83-908c-794d94d30531,2015,148715
Botrylloides violaceus,43.1344985962,-70.6473999023,1618356f-0f62-4cbb-9252-005120e31fb0,2009,148715
Botrylloides violaceus,43.1344985962,-70.6473999023,1618356f-0f62-4cbb-9252-005120e31fb0,2008,148715
Botrylloides violaceus,42.357219696,-71.0497207642,4da23d30-af8d-48f3-977a-4e24394e2e8c,2003,148715
Botrylloides violaceus,43.703996,-66.054709,58d5dd83-b5b3-4dc8-81c4-8b8a54d59b1a,2012,148715
Botrylloides violaceus,43.0717163086,-70.7105331421,4da23d30-af8d-48f3-977a-4e24394e2e8c,2003,148715
Botrylloides violaceus,43.6623001099,-70.2431411743,4da23d30-af8d-48f3-977a-4e24394e2e8c,2003,148715
Botrylloides violaceus,43.4447,-65.6351,58d5dd83-b5b3-4dc8-81c4-8b8a54d59b1a,2008,148715
Botrylloides violaceus,42.8992156982,-70.8179855347,4da23d30-af8d-48f3-977a-4e24394e2e8c,2003,148715
Botrylloides violaceus,43.8209381104,-70.1052932739,4da23d30-af8d-48f3-977a-4e24394e2e8c,2007,148715
Botrylloides violaceus,44.6609,-66.7566,58d5dd83-b5b3-4dc8-81c4-8b8a54d59b1a,2014,148715
Botrylloides violaceus,42.7045631409,-70.7702560425,1618356f-0f62-4cbb-9252-005120e31fb0,2009,148715
Botrylloides violaceus,43.7137,-65.96947,58d5dd83-b5b3-4dc8-81c4-8b8a54d59b1a,2023,148715
Botrylloides violaceus,43.0971984863,-70.7783966064,1618356f-0f62-4cbb-9252-005120e31fb0,2008,148715
Botrylloides violaceus,43.0829849243,-70.7608337402,1931f1a3-0b4c-4a72-9721-78f9270455f7,2001,148715
Botrylloides violaceus,43.0587501526,-70.7236633301,1931f1a3-0b4c-4a72-9721-78f9270455f7,2001,148715
Botrylloides violaceus,42.5402984619,-70.8862991333,b42bc9f6-efc5-4cfd-b6a8-3c97b0a1be46,2007,148715
Botrylloides violaceus,44.6609,-66.7566,58d5dd83-b5b3-4dc8-81c4-8b8a54d59b1a,2015,148715
Botrylloides violaceus,41.8348999023,-69.9726028442,b42bc9f6-efc5-4cfd-b6a8-3c97b0a1be46,2007,148715
Botrylloides violaceus,41.8348999023,-69.9726028442,1618356f-0f62-4cbb-9252-005120e31fb0,2008,148715
Botrylloides violaceus,42.5463485718,-70.8554992676,1618356f-0f62-4cbb-9252-005120e31fb0,2008,148715
Botrylloides violaceus,42.5463485718,-70.8554992676,1618356f-0f62-4cbb-9252-005120e31fb0,2009,148715
Botrylloides violaceus,43.81648,-66.14785,58d5dd83-b5b3-4dc8-81c4-8b8a54d59b1a,2009,148715
Botrylloides violaceus,42.3472213745,-70.9599990845,4da23d30-af8d-48f3-977a-4e24394e2e8c,2000,148715
Botrylloides violaceus,42.5215988159,-70.881652832,4da23d30-af8d-48f3-977a-4e24394e2e8c,2003,148715
Botrylloides violaceus,43.7137,-65.96947,58d5dd83-b5b3-4dc8-81c4-8b8a54d59b1a,2020,148715
Botrylloides violaceus,43.6495780945,-70.2308807373,4da23d30-af8d-48f3-977a-4e24394e2e8c,2003,148715
Botrylloides violaceus,43.8209381104,-70.1052932739,4da23d30-af8d-48f3-977a-4e24394e2e8c,2003,148715
Botrylloides violaceus,45.0944,-66.4168,58d5dd83-b5b3-4dc8-81c4-8b8a54d59b1a,2015,148715
Botrylloides violaceus,43.0666503906,-70.6955032349,1931f1a3-0b4c-4a72-9721-78f9270455f7,2001,148715
Botrylloides violaceus,41.794352,-70.517807,16434578-ebf7-4bcc-a776-508ffece76de,1998,148715
Botrylloides violaceus,43.81648,-66.14785,58d5dd83-b5b3-4dc8-81c4-8b8a54d59b1a,2010,148715
Botrylloides violaceus,42.1744995117,-70.7147979736,1618356f-0f62-4cbb-9252-005120e31fb0,2008,148715
Botrylloides violaceus,43.81648,-66.14785,58d5dd83-b5b3-4dc8-81c4-8b8a54d59b1a,2012,148715
Botrylloides violaceus,41.727512,-69.969864,16434578-ebf7-4bcc-a776-508ffece76de,1998,148715
Botrylloides violaceus,43.618985,-65.787833,58d5dd83-b5b3-4dc8-81c4-8b8a54d59b1a,2012,148715
Botrylloides violaceus,42.61302948,-70.6807174683,4da23d30-af8d-48f3-977a-4e24394e2e8c,2000,148715
Botrylloides violaceus,43.0587501526,-70.7236633301,1931f1a3-0b4c-4a72-9721-78f9270455f7,2001,148715
Botrylloides violaceus,42.2494316101,-70.9733810425,4da23d30-af8d-48f3-977a-4e24394e2e8c,2000,148715
Botrylloides violaceus,43.83636,-66.12328,58d5dd83-b5b3-4dc8-81c4-8b8a54d59b1a,2015,148715
Botrylloides violaceus,41.8087005615,-69.9529037476,b42bc9f6-efc5-4cfd-b6a8-3c97b0a1be46,2007,148715
Botrylloides violaceus,41.8348999023,-69.9726028442,b42bc9f6-efc5-4cfd-b6a8-3c97b0a1be46,2007,148715
Botrylloides violaceus,45.0688,-66.7398,58d5dd83-b5b3-4dc8-81c4-8b8a54d59b1a,2018,148715
Botrylloides violaceus,43.7236,-65.84057,58d5dd83-b5b3-4dc8-81c4-8b8a54d59b1a,2017,148715
Botrylloides violaceus,41.717005,-70.3228,16434578-ebf7-4bcc-a776-508ffece76de,1998,148715
Botrylloides violaceus,41.8348999023,-69.9726028442,b42bc9f6-efc5-4cfd-b6a8-3c97b0a1be46,2007,148715
Botrylloides violaceus,43.320098877,-70.5634994507,1618356f-0f62-4cbb-9252-005120e31fb0,2008,148715
Botrylloides violaceus,45.0559,-66.7948,58d5dd83-b5b3-4dc8-81c4-8b8a54d59b1a,2022,148715
Botrylloides violaceus,44.6474,-66.8413,58d5dd83-b5b3-4dc8-81c4-8b8a54d59b1a,2020,148715
Botrylloides violaceus,42.3432922363,-71.0349655151,1618356f-0f62-4cbb-9252-005120e31fb0,2009,148715
Botrylloides violaceus,44.63015,-65.75233,58d5dd83-b5b3-4dc8-81c4-8b8a54d59b1a,2011,148715
Botrylloides violaceus,43.7236,-65.84057,58d5dd83-b5b3-4dc8-81c4-8b8a54d59b1a,2008,148715
Botrylloides violaceus,43.1158981323,-70.8361968994,b42bc9f6-efc5-4cfd-b6a8-3c97b0a1be46,2008,148715
Botrylloides violaceus,44.63015,-65.75233,58d5dd83-b5b3-4dc8-81c4-8b8a54d59b1a,2023,148715
Botrylloides violaceus,42.613117218,-70.6524734497,1618356f-0f62-4cbb-9252-005120e31fb0,2009,148715
Botrylloides violaceus,42.419543,-70.90718,9d629feb-ba03-4a83-908c-794d94d30531,2018,148715
Botrylloides violaceus,41.8348999023,-69.9726028442,b42bc9f6-efc5-4cfd-b6a8-3c97b0a1be46,2007,148715
Botrylloides violaceus,43.320098877,-70.5634994507,1618356f-0f62-4cbb-9252-005120e31fb0,2009,148715
Botrylloides violaceus,43.7137,-65.96947,58d5dd83-b5b3-4dc8-81c4-8b8a54d59b1a,2019,148715
Botrylloides violaceus,43.8209381104,-70.1052932739,4da23d30-af8d-48f3-977a-4e24394e2e8c,2003,148715
Botrylloides violaceus,44.2094802856,-69.0612869263,4da23d30-af8d-48f3-977a-4e24394e2e8c,2007,148715
Botrylloides violaceus,45.0561,-66.8638,58d5dd83-b5b3-4dc8-81c4-8b8a54d59b1a,2019,148715
Botrylloides violaceus,43.6506996155,-70.2282028198,1618356f-0f62-4cbb-9252-005120e31fb0,2009,148715
Botrylloides violaceus,42.5213317871,-70.8818206787,b42bc9f6-efc5-4cfd-b6a8-3c97b0a1be46,2007,148715
Botrylloides violaceus,44.6609,-66.7566,58d5dd83-b5b3-4dc8-81c4-8b8a54d59b1a,2019,148715
Botrylloides violaceus,43.7236,-65.84057,58d5dd83-b5b3-4dc8-81c4-8b8a54d59b1a,2018,148715
Botrylloides violaceus,42.3112983704,-71.0400390625,1618356f-0f62-4cbb-9252-005120e31fb0,2009,148715
Botrylloides violaceus,44.63015,-65.75233,58d5dd83-b5b3-4dc8-81c4-8b8a54d59b1a,2019,148715
Botrylloides violaceus,42.58106,-70.66467,0c59dc30-4b06-4572-addc-155042f81fd0,2010,148715
Botrylloides violaceus,45.0561,-66.8638,58d5dd83-b5b3-4dc8-81c4-8b8a54d59b1a,2014,148715
Botrylloides violaceus,44.19365,-66.16688,58d5dd83-b5b3-4dc8-81c4-8b8a54d59b1a,2012,148715
Botrylloides violaceus,44.9466,-66.9055,58d5dd83-b5b3-4dc8-81c4-8b8a54d59b1a,2020,148715
Botrylloides violaceus,44.7631,-66.749,58d5dd83-b5b3-4dc8-81c4-8b8a54d59b1a,2021,148715
Botrylloides violaceus,42.5213012695,-70.8817977905,1618356f-0f62-4cbb-9252-005120e31fb0,2008,148715
Botrylloides violaceus,43.0772666931,-70.7271652222,1931f1a3-0b4c-4a72-9721-78f9270455f7,2001,148715
Botrylloides violaceus,43.0772666931,-70.7271652222,1931f1a3-0b4c-4a72-9721-78f9270455f7,2001,148715
Botrylloides violaceus,41.7958984375,-69.9468994141,b42bc9f6-efc5-4cfd-b6a8-3c97b0a1be46,2007,148715
Botrylloides violaceus,44.9466,-66.9055,58d5dd83-b5b3-4dc8-81c4-8b8a54d59b1a,2013,148715
Botrylloides violaceus,44.6474,-66.8413,58d5dd83-b5b3-4dc8-81c4-8b8a54d59b1a,2021,148715
Botrylloides violaceus,41.8348999023,-69.9726028442,b42bc9f6-efc5-4cfd-b6a8-3c97b0a1be46,2007,148715
Botrylloides violaceus,42.5215988159,-70.881652832,4da23d30-af8d-48f3-977a-4e24394e2e8c,2000,148715
Botrylloides violaceus,42.5402984619,-70.8862991333,b42bc9f6-efc5-4cfd-b6a8-3c97b0a1be46,2007,148715
Botrylloides violaceus,42.3112983704,-71.0400390625,1618356f-0f62-4cbb-9252-005120e31fb0,2009,148715
Botrylloides violaceus,44.7631,-66.749,58d5dd83-b5b3-4dc8-81c4-8b8a54d59b1a,2020,148715
Botrylloides violaceus,42.5213317871,-70.8818206787,b42bc9f6-efc5-4cfd-b6a8-3c97b0a1be46,2007,148715
Botrylloides violaceus,44.9716,-66.9527,58d5dd83-b5b3-4dc8-81c4-8b8a54d59b1a,2018,148715
Botrylloides violaceus,41.7061309814,-70.2988967896,4da23d30-af8d-48f3-977a-4e24394e2e8c,2000,148715
Botrylloides violaceus,42.3712005615,-71.0596008301,1618356f-0f62-4cbb-9252-005120e31fb0,2009,148715
Botrylloides violaceus,42.5004005432,-70.8382034302,b42bc9f6-efc5-4cfd-b6a8-3c97b0a1be46,2007,148715
Botrylloides violaceus,43.4447,-65.6351,58d5dd83-b5b3-4dc8-81c4-8b8a54d59b1a,2011,148715
Botrylloides violaceus,43.0965003967,-70.7673339844,1931f1a3-0b4c-4a72-9721-78f9270455f7,2001,148715
Botrylloides violaceus,44.964046,-67.007652,58d5dd83-b5b3-4dc8-81c4-8b8a54d59b1a,2019,148715
Botrylloides violaceus,42.3573989868,-71.0488967896,1618356f-0f62-4cbb-9252-005120e31fb0,2009,148715
Botrylloides violaceus,42.5276985168,-70.8663024902,1618356f-0f62-4cbb-9252-005120e31fb0,2009,148715
Botrylloides violaceus,43.7236,-65.84057,58d5dd83-b5b3-4dc8-81c4-8b8a54d59b1a,2013,148715
Botrylloides violaceus,43.6495780945,-70.2308807373,4da23d30-af8d-48f3-977a-4e24394e2e8c,2007,148715
Botrylloides violaceus,44.39681,-66.21413,58d5dd83-b5b3-4dc8-81c4-8b8a54d59b1a,2022,148715
Botrylloides violaceus,41.9627799988,-70.6666183472,4da23d30-af8d-48f3-977a-4e24394e2e8c,2000,148715
Botrylloides violaceus,42.6852073669,-70.6419143677,1618356f-0f62-4cbb-9252-005120e31fb0,2009,148715
Botrylloides violaceus,41.8348999023,-69.9726028442,b42bc9f6-efc5-4cfd-b6a8-3c97b0a1be46,2007,148715
Botrylloides violaceus,42.5703315735,-70.7738037109,1618356f-0f62-4cbb-9252-005120e31fb0,2008,148715
Botrylloides violaceus,42.5766983032,-70.7376022339,1618356f-0f62-4cbb-9252-005120e31fb0,2009,148715
Botrylloides violaceus,44.39681,-66.21413,58d5dd83-b5b3-4dc8-81c4-8b8a54d59b1a,2017,148715
Botrylloides violaceus,41.771068573,-70.5023727417,4da23d30-af8d-48f3-977a-4e24394e2e8c,2000,148715
Botrylloides violaceus,44.915994,-66.94122,58d5dd83-b5b3-4dc8-81c4-8b8a54d59b1a,2022,148715
Botrylloides violaceus,45.0944,-66.4168,58d5dd83-b5b3-4dc8-81c4-8b8a54d59b1a,2013,148715
Botrylloides violaceus,42.1744995117,-70.7147979736,1618356f-0f62-4cbb-9252-005120e31fb0,2009,148715
Botrylloides violaceus,44.7631,-66.749,58d5dd83-b5b3-4dc8-81c4-8b8a54d59b1a,2022,148715
Botrylloides violaceus,42.1744995117,-70.7147979736,1618356f-0f62-4cbb-9252-005120e31fb0,2008,148715
Botrylloides violaceus,43.7137,-65.96947,58d5dd83-b5b3-4dc8-81c4-8b8a54d59b1a,2017,148715
Botrylloides violaceus,42.613117218,-70.6524734497,1618356f-0f62-4cbb-9252-005120e31fb0,2009,148715
Botrylloides violaceus,43.7137,-65.96947,58d5dd83-b5b3-4dc8-81c4-8b8a54d59b1a,2014,148715
Botrylloides violaceus,43.7137,-65.96947,58d5dd83-b5b3-4dc8-81c4-8b8a54d59b1a,2018,148715
Botrylloides violaceus,42.5276985168,-70.8663024902,1618356f-0f62-4cbb-9252-005120e31fb0,2008,148715
Botrylloides violaceus,44.63015,-65.75233,58d5dd83-b5b3-4dc8-81c4-8b8a54d59b1a,2010,148715
Botrylloides violaceus,42.5463485718,-70.8554992676,1618356f-0f62-4cbb-9252-005120e31fb0,2009,148715
Botrylloides violaceus,42.5402984619,-70.8862991333,b42bc9f6-efc5-4cfd-b6a8-3c97b0a1be46,2007,148715
Botrylloides violaceus,44.19365,-66.16688,58d5dd83-b5b3-4dc8-81c4-8b8a54d59b1a,2010,148715
Botrylloides violaceus,43.1344985962,-70.6473999023,1618356f-0f62-4cbb-9252-005120e31fb0,2009,148715
Botrylloides violaceus,42.613117218,-70.6524734497,1618356f-0f62-4cbb-9252-005120e31fb0,2009,148715
Botrylloides violaceus,43.3451004028,-70.4916000366,1618356f-0f62-4cbb-9252-005120e31fb0,2009,148715
Botrylloides violaceus,42.613117218,-70.6524734497,1618356f-0f62-4cbb-9252-005120e31fb0,2009,148715
Botrylloides violaceus,43.7236,-65.84057,58d5dd83-b5b3-4dc8-81c4-8b8a54d59b1a,2020,148715
Botrylloides violaceus,42.890499115,-70.8190002441,b42bc9f6-efc5-4cfd-b6a8-3c97b0a1be46,2008,148715
Botrylloides violaceus,41.8087005615,-69.9529037476,b42bc9f6-efc5-4cfd-b6a8-3c97b0a1be46,2007,148715
Botrylloides violaceus,41.8348999023,-69.9726028442,b42bc9f6-efc5-4cfd-b6a8-3c97b0a1be46,2007,148715
Botrylloides violaceus,44.6474,-66.8413,58d5dd83-b5b3-4dc8-81c4-8b8a54d59b1a,2016,148715
Botrylloides violaceus,44.964046,-67.007652,58d5dd83-b5b3-4dc8-81c4-8b8a54d59b1a,2021,148715
Botrylloides violaceus,42.5213012695,-70.8817977905,1618356f-0f62-4cbb-9252-005120e31fb0,2009,148715
Botrylloides violaceus,45.0561,-66.8638,58d5dd83-b5b3-4dc8-81c4-8b8a54d59b1a,2020,148715
Botrylloides violaceus,43.0965003967,-70.7673339844,1931f1a3-0b4c-4a72-9721-78f9270455f7,2001,148715
Botrylloides violaceus,43.846661,-69.633751,16434578-ebf7-4bcc-a776-508ffece76de,1998,148715
Botrylloides violaceus,42.5766983032,-70.7376022339,1618356f-0f62-4cbb-9252-005120e31fb0,2009,148715
Botrylloides violaceus,44.63015,-65.75233,58d5dd83-b5b3-4dc8-81c4-8b8a54d59b1a,2012,148715
Botrylloides violaceus,42.5213317871,-70.8818206787,b42bc9f6-efc5-4cfd-b6a8-3c97b0a1be46,2007,148715
Botrylloides violaceus,45.0688,-66.7398,58d5dd83-b5b3-4dc8-81c4-8b8a54d59b1a,2022,148715
Botrylloides violaceus,45.0688,-66.7398,58d5dd83-b5b3-4dc8-81c4-8b8a54d59b1a,2017,148715
Botrylloides violaceus,43.7236,-65.84057,58d5dd83-b5b3-4dc8-81c4-8b8a54d59b1a,2022,148715
Botrylloides violaceus,44.9466,-66.9055,58d5dd83-b5b3-4dc8-81c4-8b8a54d59b1a,2012,148715
Botrylloides violaceus,44.19365,-66.16688,58d5dd83-b5b3-4dc8-81c4-8b8a54d59b1a,2020,148715
Botrylloides violaceus,42.5215988159,-70.881652832,4da23d30-af8d-48f3-977a-4e24394e2e8c,2007,148715
Botrylloides violaceus,42.3633995056,-71.0341033936,1618356f-0f62-4cbb-9252-005120e31fb0,2009,148715
Botrylloides violaceus,42.357219696,-71.0497207642,4da23d30-af8d-48f3-977a-4e24394e2e8c,2003,148715
Botrylloides violaceus,41.8348999023,-69.9726028442,b42bc9f6-efc5-4cfd-b6a8-3c97b0a1be46,2007,148715
Botrylloides violaceus,44.879083,-66.966733,56f7bb50-8b87-48cc-815d-379780b0f5b0,2018,148715
Botrylloides violaceus,41.8348999023,-69.9726028442,b42bc9f6-efc5-4cfd-b6a8-3c97b0a1be46,2007,148715
Botrylloides violaceus,45.0561,-66.8638,58d5dd83-b5b3-4dc8-81c4-8b8a54d59b1a,2022,148715
Botrylloides violaceus,44.63015,-65.75233,58d5dd83-b5b3-4dc8-81c4-8b8a54d59b1a,2021,148715
Botrylloides violaceus,43.0965003967,-70.7673339844,1931f1a3-0b4c-4a72-9721-78f9270455f7,2001,148715
Botrylloides violaceus,42.3573989868,-71.0488967896,1618356f-0f62-4cbb-9252-005120e31fb0,2009,148715
Botrylloides violaceus,41.926739,-70.538578,16434578-ebf7-4bcc-a776-508ffece76de,1998,148715
Botrylloides violaceus,42.5463485718,-70.8554992676,b42bc9f6-efc5-4cfd-b6a8-3c97b0a1be46,2007,148715
Botrylloides violaceus,41.8087005615,-69.9529037476,b42bc9f6-efc5-4cfd-b6a8-3c97b0a1be46,2007,148715
Botrylloides violaceus,42.419543,-70.90718,9d629feb-ba03-4a83-908c-794d94d30531,2022,148715
Botrylloides violaceus,43.81648,-66.14785,58d5dd83-b5b3-4dc8-81c4-8b8a54d59b1a,2008,148715
Botrylloides violaceus,42.364,-70.869,9d629feb-ba03-4a83-908c-794d94d30531,2016,148715
Botrylloides violaceus,42.3256988525,-70.9240036011,1618356f-0f62-4cbb-9252-005120e31fb0,2009,148715
Botrylloides violaceus,42.1949691772,-70.7227935791,1618356f-0f62-4cbb-9252-005120e31fb0,2008,148715
Botrylloides violaceus,41.8087005615,-69.9529037476,1618356f-0f62-4cbb-9252-005120e31fb0,2008,148715
Botrylloides violaceus,42.5766983032,-70.7376022339,b42bc9f6-efc5-4cfd-b6a8-3c97b0a1be46,2007,148715
Botrylloides violaceus,43.7236,-65.84057,58d5dd83-b5b3-4dc8-81c4-8b8a54d59b1a,2015,148715
Botrylloides violaceus,45.0688,-66.7398,58d5dd83-b5b3-4dc8-81c4-8b8a54d59b1a,2019,148715
Botrylloides violaceus,42.8997383118,-70.8179702759,4da23d30-af8d-48f3-977a-4e24394e2e8c,2007,148715
Botrylloides violaceus,43.3451004028,-70.4916000366,1618356f-0f62-4cbb-9252-005120e31fb0,2008,148715
Botrylloides violaceus,43.81648,-66.14785,58d5dd83-b5b3-4dc8-81c4-8b8a54d59b1a,2021,148715
Botrylloides violaceus,44.19365,-66.16688,58d5dd83-b5b3-4dc8-81c4-8b8a54d59b1a,2013,148715
Botrylloides violaceus,42.5463485718,-70.8554992676,b42bc9f6-efc5-4cfd-b6a8-3c97b0a1be46,2007,148715
Botrylloides violaceus,43.0587501526,-70.7236633301,1931f1a3-0b4c-4a72-9721-78f9270455f7,2001,148715
Botrylloides violaceus,43.4447,-65.6351,58d5dd83-b5b3-4dc8-81c4-8b8a54d59b1a,2020,148715
Botrylloides violaceus,43.4447,-65.6351,58d5dd83-b5b3-4dc8-81c4-8b8a54d59b1a,2018,148715
Botrylloides violaceus,43.7236,-65.84057,58d5dd83-b5b3-4dc8-81c4-8b8a54d59b1a,2010,148715
Botrylloides violaceus,41.8087005615,-69.9529037476,b42bc9f6-efc5-4cfd-b6a8-3c97b0a1be46,2007,148715
Botrylloides violaceus,43.346216,-70.475664,16434578-ebf7-4bcc-a776-508ffece76de,1998,148715
Botrylloides violaceus,45.0688,-66.7398,58d5dd83-b5b3-4dc8-81c4-8b8a54d59b1a,2023,148715
Botrylloides violaceus,43.844379425,-69.6408233643,4da23d30-af8d-48f3-977a-4e24394e2e8c,2007,148715
Botrylloides violaceus,41.729625,-69.991601,9d629feb-ba03-4a83-908c-794d94d30531,2017,148715
Botrylloides violaceus,42.5215988159,-70.881652832,4da23d30-af8d-48f3-977a-4e24394e2e8c,2003,148715
Botrylloides violaceus,44.9466,-66.9055,58d5dd83-b5b3-4dc8-81c4-8b8a54d59b1a,2021,148715
Botrylloides violaceus,42.357219696,-71.0497207642,4da23d30-af8d-48f3-977a-4e24394e2e8c,2003,148715
Botrylloides violaceus,44.6609,-66.7566,58d5dd83-b5b3-4dc8-81c4-8b8a54d59b1a,2016,148715
Botrylloides violaceus,41.8348999023,-69.9726028442,b42bc9f6-efc5-4cfd-b6a8-3c97b0a1be46,2007,148715
Botrylloides violaceus,42.357219696,-71.0497207642,4da23d30-af8d-48f3-977a-4e24394e2e8c,2003,148715
Botrylloides violaceus,42.5276985168,-70.8663024902,1618356f-0f62-4cbb-9252-005120e31fb0,2009,148715
Botrylloides violaceus,43.0772666931,-70.7271652222,1931f1a3-0b4c-4a72-9721-78f9270455f7,2001,148715
Botrylloides violaceus,43.81648,-66.14785,58d5dd83-b5b3-4dc8-81c4-8b8a54d59b1a,2011,148715
Botrylloides violaceus,43.320098877,-70.5634994507,1618356f-0f62-4cbb-9252-005120e31fb0,2008,148715
Botryllus schlosseri,45.0513,-66.8956,58d5dd83-b5b3-4dc8-81c4-8b8a54d59b1a,2019,103862
Botryllus schlosseri,42.5276985168,-70.8663024902,1618356f-0f62-4cbb-9252-005120e31fb0,2009,103862
Botryllus schlosseri,44.7631,-66.749,58d5dd83-b5b3-4dc8-81c4-8b8a54d59b1a,2023,103862
Botryllus schlosseri,41.8087005615,-69.9529037476,b42bc9f6-efc5-4cfd-b6a8-3c97b0a1be46,2007,103862
Botryllus schlosseri,45.0944,-66.4168,58d5dd83-b5b3-4dc8-81c4-8b8a54d59b1a,2023,103862
Botryllus schlosseri,43.7137,-65.96947,58d5dd83-b5b3-4dc8-81c4-8b8a54d59b1a,2006,103862
Botryllus schlosseri,43.81648,-66.14785,58d5dd83-b5b3-4dc8-81c4-8b8a54d59b1a,2023,103862
Botryllus schlosseri,45.0561,-66.8638,58d5dd83-b5b3-4dc8-81c4-8b8a54d59b1a,2014,103862
Botryllus schlosseri,44.63015,-65.75233,58d5dd83-b5b3-4dc8-81c4-8b8a54d59b1a,2009,103862
Botryllus schlosseri,44.7631,-66.749,58d5dd83-b5b3-4dc8-81c4-8b8a54d59b1a,2007,103862
Botryllus schlosseri,45.0823,-67.0847,58d5dd83-b5b3-4dc8-81c4-8b8a54d59b1a,2016,103862
Botryllus schlosseri,44.964046,-67.007652,58d5dd83-b5b3-4dc8-81c4-8b8a54d59b1a,2015,103862
Botryllus schlosseri,43.320098877,-70.5634994507,1618356f-0f62-4cbb-9252-005120e31fb0,2008,103862
Botryllus schlosseri,42.5703315735,-70.7738037109,1618356f-0f62-4cbb-9252-005120e31fb0,2009,103862
Botryllus schlosseri,43.0583000183,-70.7251968384,1618356f-0f62-4cbb-9252-005120e31fb0,2008,103862
Botryllus schlosseri,44.19365,-66.16688,58d5dd83-b5b3-4dc8-81c4-8b8a54d59b1a,2013,103862
Botryllus schlosseri,43.6506996155,-70.2282028198,1618356f-0f62-4cbb-9252-005120e31fb0,2009,103862
Botryllus schlosseri,43.746,-70.15,1fcedb90-b2ea-4476-8faf-f2ff5964ac58,1973,103862
Botryllus schlosseri,44.63015,-65.75233,58d5dd83-b5b3-4dc8-81c4-8b8a54d59b1a,2022,103862
Botryllus schlosseri,45.0823,-67.0847,58d5dd83-b5b3-4dc8-81c4-8b8a54d59b1a,2019,103862
Botryllus schlosseri,42.5213317871,-70.8818206787,b42bc9f6-efc5-4cfd-b6a8-3c97b0a1be46,2007,103862
Botryllus schlosseri,42.5703315735,-70.7738037109,1618356f-0f62-4cbb-9252-005120e31fb0,2008,103862
Botryllus schlosseri,42.654800415,-70.675201416,1618356f-0f62-4cbb-9252-005120e31fb0,2009,103862
Botryllus schlosseri,42.3712005615,-71.0596008301,1618356f-0f62-4cbb-9252-005120e31fb0,2009,103862
Botryllus schlosseri,42.5004005432,-70.8382034302,b42bc9f6-efc5-4cfd-b6a8-3c97b0a1be46,2007,103862
Botryllus schlosseri,43.4447,-65.6351,58d5dd83-b5b3-4dc8-81c4-8b8a54d59b1a,2007,103862
Botryllus schlosseri,41.8348999023,-69.9726028442,b42bc9f6-efc5-4cfd-b6a8-3c97b0a1be46,2007,103862
Botryllus schlosseri,45.0561,-66.8638,58d5dd83-b5b3-4dc8-81c4-8b8a54d59b1a,2020,103862
Botryllus schlosseri,42.5463485718,-70.8554992676,b42bc9f6-efc5-4cfd-b6a8-3c97b0a1be46,2007,103862
Botryllus schlosseri,44.6474,-66.8413,58d5dd83-b5b3-4dc8-81c4-8b8a54d59b1a,2018,103862
Botryllus schlosseri,42.2494316101,-70.9733810425,4da23d30-af8d-48f3-977a-4e24394e2e8c,2000,103862
Botryllus schlosseri,45.0559,-66.7948,58d5dd83-b5b3-4dc8-81c4-8b8a54d59b1a,2023,103862
Botryllus schlosseri,45.0513,-66.8956,58d5dd83-b5b3-4dc8-81c4-8b8a54d59b1a,2018,103862
Botryllus schlosseri,44.964,-67.0143,58d5dd83-b5b3-4dc8-81c4-8b8a54d59b1a,2010,103862
Botryllus schlosseri,44.9283,-66.94,58d5dd83-b5b3-4dc8-81c4-8b8a54d59b1a,2013,103862
Botryllus schlosseri,41.8348999023,-69.9726028442,b42bc9f6-efc5-4cfd-b6a8-3c97b0a1be46,2007,103862
Botryllus schlosseri,42.3218078613,-70.9886322021,1618356f-0f62-4cbb-9252-005120e31fb0,2009,103862
Botryllus schlosseri,43.1158981323,-70.8361968994,1618356f-0f62-4cbb-9252-005120e31fb0,2008,103862
Botryllus schlosseri,43.0583000183,-70.7251968384,1618356f-0f62-4cbb-9252-005120e31fb0,2008,103862
Botryllus schlosseri,43.4447,-65.6351,58d5dd83-b5b3-4dc8-81c4-8b8a54d59b1a,2019,103862
Botryllus schlosseri,45.0561,-66.8638,58d5dd83-b5b3-4dc8-81c4-8b8a54d59b1a,2018,103862
Botryllus schlosseri,45.0677,-67.0531,58d5dd83-b5b3-4dc8-81c4-8b8a54d59b1a,2022,103862
Botryllus schlosseri,41.8087005615,-69.9529037476,b42bc9f6-efc5-4cfd-b6a8-3c97b0a1be46,2007,103862
Botryllus schlosseri,45.0561,-66.8638,58d5dd83-b5b3-4dc8-81c4-8b8a54d59b1a,2021,103862
Botryllus schlosseri,43.7236,-65.84057,58d5dd83-b5b3-4dc8-81c4-8b8a54d59b1a,2010,103862
Botryllus schlosseri,45.0561,-66.8638,58d5dd83-b5b3-4dc8-81c4-8b8a54d59b1a,2010,103862
Botryllus schlosseri,45.0688,-66.7398,58d5dd83-b5b3-4dc8-81c4-8b8a54d59b1a,2020,103862
Botryllus schlosseri,43.82667,-65.90767,58d5dd83-b5b3-4dc8-81c4-8b8a54d59b1a,2010,103862
Botryllus schlosseri,42.3633995056,-71.0341033936,1618356f-0f62-4cbb-9252-005120e31fb0,2009,103862
Botryllus schlosseri,42.0387992859,-70.6697006226,1618356f-0f62-4cbb-9252-005120e31fb0,2009,103862
Botryllus schlosseri,43.4447,-65.6351,58d5dd83-b5b3-4dc8-81c4-8b8a54d59b1a,2020,103862
Botryllus schlosseri,44.63015,-65.75233,58d5dd83-b5b3-4dc8-81c4-8b8a54d59b1a,2015,103862
Botryllus schlosseri,43.8209381104,-70.1052932739,4da23d30-af8d-48f3-977a-4e24394e2e8c,2003,103862
Botryllus schlosseri,43.7236,-65.84057,58d5dd83-b5b3-4dc8-81c4-8b8a54d59b1a,2016,103862
Botryllus schlosseri,41.8348999023,-69.9726028442,b42bc9f6-efc5-4cfd-b6a8-3c97b0a1be46,2007,103862
Botryllus schlosseri,43.82667,-65.90767,58d5dd83-b5b3-4dc8-81c4-8b8a54d59b1a,2013,103862
Botryllus schlosseri,44.6609,-66.7566,58d5dd83-b5b3-4dc8-81c4-8b8a54d59b1a,2016,103862
Botryllus schlosseri,45.0677,-67.0531,58d5dd83-b5b3-4dc8-81c4-8b8a54d59b1a,2015,103862
Botryllus schlosseri,44.2649,-66.348,58d5dd83-b5b3-4dc8-81c4-8b8a54d59b1a,2022,103862
Botryllus schlosseri,44.6474,-66.8413,58d5dd83-b5b3-4dc8-81c4-8b8a54d59b1a,2013,103862
Botryllus schlosseri,44.2649,-66.348,58d5dd83-b5b3-4dc8-81c4-8b8a54d59b1a,2023,103862
Botryllus schlosseri,43.7236,-65.84057,58d5dd83-b5b3-4dc8-81c4-8b8a54d59b1a,2022,103862
Botryllus schlosseri,43.7236,-65.84057,58d5dd83-b5b3-4dc8-81c4-8b8a54d59b1a,2006,103862
Botryllus schlosseri,45.0944,-66.4168,58d5dd83-b5b3-4dc8-81c4-8b8a54d59b1a,2010,103862
Botryllus schlosseri,41.771068573,-70.5023727417,4da23d30-af8d-48f3-977a-4e24394e2e8c,2000,103862
Botryllus schlosseri,45.162778,-67.0436,ce1d93f3-8b0f-4ee7-9a4d-0393a6ec7fea,2010,103862
Botryllus schlosseri,43.320098877,-70.5634994507,1618356f-0f62-4cbb-9252-005120e31fb0,2009,103862
Botryllus schlosseri,41.8348999023,-69.9726028442,b42bc9f6-efc5-4cfd-b6a8-3c97b0a1be46,2007,103862
Botryllus schlosseri,45.0944,-66.4168,58d5dd83-b5b3-4dc8-81c4-8b8a54d59b1a,2008,103862
Botryllus schlosseri,44.63015,-65.75233,58d5dd83-b5b3-4dc8-81c4-8b8a54d59b1a,2014,103862
Botryllus schlosseri,42.5402984619,-70.8862991333,b42bc9f6-efc5-4cfd-b6a8-3c97b0a1be46,2007,103862
Botryllus schlosseri,41.7997016907,-70.0077972412,1618356f-0f62-4cbb-9252-005120e31fb0,2009,103862
Botryllus schlosseri,45.0561,-66.8638,58d5dd83-b5b3-4dc8-81c4-8b8a54d59b1a,2013,103862
Botryllus schlosseri,45.0944,-66.4168,58d5dd83-b5b3-4dc8-81c4-8b8a54d59b1a,2013,103862
Botryllus schlosseri,44.6609,-66.7566,58d5dd83-b5b3-4dc8-81c4-8b8a54d59b1a,2011,103862
Botryllus schlosseri,44.19365,-66.16688,58d5dd83-b5b3-4dc8-81c4-8b8a54d59b1a,2017,103862
Botryllus schlosseri,43.320098877,-70.5634994507,1618356f-0f62-4cbb-9252-005120e31fb0,2008,103862
Botryllus schlosseri,45.0944,-66.4168,58d5dd83-b5b3-4dc8-81c4-8b8a54d59b1a,2014,103862
Botryllus schlosseri,45.0823,-67.0847,58d5dd83-b5b3-4dc8-81c4-8b8a54d59b1a,2017,103862
Botryllus schlosseri,44.19365,-66.16688,58d5dd83-b5b3-4dc8-81c4-8b8a54d59b1a,2012,103862
Botryllus schlosseri,41.8348999023,-69.9726028442,b42bc9f6-efc5-4cfd-b6a8-3c97b0a1be46,2007,103862
Botryllus schlosseri,41.8087005615,-69.9529037476,b42bc9f6-efc5-4cfd-b6a8-3c97b0a1be46,2007,103862
Botryllus schlosseri,44.964046,-67.007652,58d5dd83-b5b3-4dc8-81c4-8b8a54d59b1a,2012,103862
Botryllus schlosseri,42.5215988159,-70.881652832,4da23d30-af8d-48f3-977a-4e24394e2e8c,2000,103862
Botryllus schlosseri,43.81648,-66.14785,58d5dd83-b5b3-4dc8-81c4-8b8a54d59b1a,2015,103862
Botryllus schlosseri,42.5402984619,-70.8862991333,b42bc9f6-efc5-4cfd-b6a8-3c97b0a1be46,2007,103862
Botryllus schlosseri,43.82667,-65.90767,58d5dd83-b5b3-4dc8-81c4-8b8a54d59b1a,2012,103862
Botryllus schlosseri,42.5213317871,-70.8818206787,b42bc9f6-efc5-4cfd-b6a8-3c97b0a1be46,2007,103862
Botryllus schlosseri,42.650932312,-70.7448654175,1618356f-0f62-4cbb-9252-005120e31fb0,2009,103862
Botryllus schlosseri,44.964046,-67.007652,58d5dd83-b5b3-4dc8-81c4-8b8a54d59b1a,2008,103862
Botryllus schlosseri,43.4447,-65.6351,58d5dd83-b5b3-4dc8-81c4-8b8a54d59b1a,2016,103862
Botryllus schlosseri,44.934167,-66.840583,83040ea6-0e87-4e4e-937d-1b826349c464,2021,103862
Botryllus schlosseri,43.1344985962,-70.6473999023,1618356f-0f62-4cbb-9252-005120e31fb0,2009,103862
Botryllus schlosseri,45.0677,-67.0531,58d5dd83-b5b3-4dc8-81c4-8b8a54d59b1a,2023,103862
Botryllus schlosseri,42.3432922363,-71.0349655151,1618356f-0f62-4cbb-9252-005120e31fb0,2009,103862
Botryllus schlosseri,44.9716,-66.9527,58d5dd83-b5b3-4dc8-81c4-8b8a54d59b1a,2020,103862
Botryllus schlosseri,43.7137,-65.96947,58d5dd83-b5b3-4dc8-81c4-8b8a54d59b1a,2015,103862
Botryllus schlosseri,44.9716,-66.9527,58d5dd83-b5b3-4dc8-81c4-8b8a54d59b1a,2011,103862
Botryllus schlosseri,45.0688,-66.7398,58d5dd83-b5b3-4dc8-81c4-8b8a54d59b1a,2018,103862
Botryllus schlosseri,44.19365,-66.16688,58d5dd83-b5b3-4dc8-81c4-8b8a54d59b1a,2009,103862
Botryllus schlosseri,42.3573989868,-71.0488967896,1618356f-0f62-4cbb-9252-005120e31fb0,2009,103862
Botryllus schlosseri,44.39681,-66.21413,58d5dd83-b5b3-4dc8-81c4-8b8a54d59b1a,2023,103862
Botryllus schlosseri,43.7236,-65.84057,58d5dd83-b5b3-4dc8-81c4-8b8a54d59b1a,2023,103862
Botryllus schlosseri,45.0559,-66.7948,58d5dd83-b5b3-4dc8-81c4-8b8a54d59b1a,2022,103862
Botryllus schlosseri,42.613117218,-70.6524734497,1618356f-0f62-4cbb-9252-005120e31fb0,2009,103862
Botryllus schlosseri,42.3432922363,-71.0349655151,1618356f-0f62-4cbb-9252-005120e31fb0,2009,103862
Botryllus schlosseri,42.0387802124,-70.6695175171,4da23d30-af8d-48f3-977a-4e24394e2e8c,2000,103862
Botryllus schlosseri,41.9627799988,-70.6666183472,4da23d30-af8d-48f3-977a-4e24394e2e8c,2000,103862
Botryllus schlosseri,43.7236,-65.84057,58d5dd83-b5b3-4dc8-81c4-8b8a54d59b1a,2021,103862
Botryllus schlosseri,45.0677,-67.0531,58d5dd83-b5b3-4dc8-81c4-8b8a54d59b1a,2006,103862
Botryllus schlosseri,42.0387802124,-70.6695175171,4da23d30-af8d-48f3-977a-4e24394e2e8c,2000,103862
Botryllus schlosseri,45.0688,-66.7398,58d5dd83-b5b3-4dc8-81c4-8b8a54d59b1a,2021,103862
Botryllus schlosseri,41.8348999023,-69.9726028442,b42bc9f6-efc5-4cfd-b6a8-3c97b0a1be46,2007,103862
Botryllus schlosseri,42.5213317871,-70.8818206787,b42bc9f6-efc5-4cfd-b6a8-3c97b0a1be46,2007,103862
Botryllus schlosseri,42.3112983704,-71.0400390625,1618356f-0f62-4cbb-9252-005120e31fb0,2009,103862
Botryllus schlosseri,41.8348999023,-69.9726028442,b42bc9f6-efc5-4cfd-b6a8-3c97b0a1be46,2007,103862
Botryllus schlosseri,41.7997016907,-70.0077972412,1618356f-0f62-4cbb-9252-005120e31fb0,2008,103862
Botryllus schlosseri,41.771068573,-70.5023727417,4da23d30-af8d-48f3-977a-4e24394e2e8c,2000,103862
Botryllus schlosseri,44.9716,-66.9527,58d5dd83-b5b3-4dc8-81c4-8b8a54d59b1a,2014,103862
Botryllus schlosseri,41.7958984375,-69.9468994141,1618356f-0f62-4cbb-9252-005120e31fb0,2009,103862
Botryllus schlosseri,42.357219696,-71.0497207642,4da23d30-af8d-48f3-977a-4e24394e2e8c,2003,103862
Botryllus schlosseri,44.964046,-67.007652,58d5dd83-b5b3-4dc8-81c4-8b8a54d59b1a,2018,103862
Botryllus schlosseri,42.654800415,-70.675201416,1618356f-0f62-4cbb-9252-005120e31fb0,2009,103862
Botryllus schlosseri,41.7958984375,-69.9468994141,1618356f-0f62-4cbb-9252-005120e31fb0,2008,103862
Botryllus schlosseri,45.0513,-66.8956,58d5dd83-b5b3-4dc8-81c4-8b8a54d59b1a,2012,103862
Botryllus schlosseri,43.81648,-66.14785,58d5dd83-b5b3-4dc8-81c4-8b8a54d59b1a,2020,103862
Botryllus schlosseri,43.7236,-65.84057,58d5dd83-b5b3-4dc8-81c4-8b8a54d59b1a,2008,103862
Botryllus schlosseri,44.63015,-65.75233,58d5dd83-b5b3-4dc8-81c4-8b8a54d59b1a,2019,103862
Botryllus schlosseri,45.0677,-67.0531,58d5dd83-b5b3-4dc8-81c4-8b8a54d59b1a,2016,103862
Botryllus schlosseri,41.9567832947,-70.6591186523,1618356f-0f62-4cbb-9252-005120e31fb0,2008,103862
Botryllus schlosseri,42.5703315735,-70.7738037109,1618356f-0f62-4cbb-9252-005120e31fb0,2008,103862
Botryllus schlosseri,44.6609,-66.7566,58d5dd83-b5b3-4dc8-81c4-8b8a54d59b1a,2013,103862
Botryllus schlosseri,41.8348999023,-69.9726028442,b42bc9f6-efc5-4cfd-b6a8-3c97b0a1be46,2007,103862
Botryllus schlosseri,41.8087005615,-69.9529037476,b42bc9f6-efc5-4cfd-b6a8-3c97b0a1be46,2007,103862
Botryllus schlosseri,43.81648,-66.14785,58d5dd83-b5b3-4dc8-81c4-8b8a54d59b1a,2019,103862
Botryllus schlosseri,42.3573989868,-71.0488967896,1618356f-0f62-4cbb-9252-005120e31fb0,2009,103862
Botryllus schlosseri,45.0677,-67.0531,58d5dd83-b5b3-4dc8-81c4-8b8a54d59b1a,2013,103862
Botryllus schlosseri,42.2494316101,-70.9733810425,4da23d30-af8d-48f3-977a-4e24394e2e8c,2000,103862
Botryllus schlosseri,43.3199996948,-70.5634994507,4da23d30-af8d-48f3-977a-4e24394e2e8c,2007,103862
Botryllus schlosseri,44.7631,-66.749,58d5dd83-b5b3-4dc8-81c4-8b8a54d59b1a,2015,103862
Botryllus schlosseri,45.0513,-66.8956,58d5dd83-b5b3-4dc8-81c4-8b8a54d59b1a,2021,103862
Botryllus schlosseri,42.8992156982,-70.8179855347,4da23d30-af8d-48f3-977a-4e24394e2e8c,2003,103862
Botryllus schlosseri,45.0688,-66.7398,58d5dd83-b5b3-4dc8-81c4-8b8a54d59b1a,2013,103862
Botryllus schlosseri,41.7958984375,-69.9468994141,b42bc9f6-efc5-4cfd-b6a8-3c97b0a1be46,2007,103862
Botryllus schlosseri,44.7631,-66.749,58d5dd83-b5b3-4dc8-81c4-8b8a54d59b1a,2018,103862
Botryllus schlosseri,44.19365,-66.16688,58d5dd83-b5b3-4dc8-81c4-8b8a54d59b1a,2016,103862
Botryllus schlosseri,44.6609,-66.7566,58d5dd83-b5b3-4dc8-81c4-8b8a54d59b1a,2022,103862
Botryllus schlosseri,45.0513,-66.8956,58d5dd83-b5b3-4dc8-81c4-8b8a54d59b1a,2014,103862
Botryllus schlosseri,45.0561,-66.8638,58d5dd83-b5b3-4dc8-81c4-8b8a54d59b1a,2011,103862
Botryllus schlosseri,41.8348999023,-69.9726028442,b42bc9f6-efc5-4cfd-b6a8-3c97b0a1be46,2007,103862
Botryllus schlosseri,42.5276985168,-70.8663024902,1618356f-0f62-4cbb-9252-005120e31fb0,2009,103862
Botryllus schlosseri,44.6474,-66.8413,58d5dd83-b5b3-4dc8-81c4-8b8a54d59b1a,2007,103862
Botryllus schlosseri,43.8209381104,-70.1052932739,4da23d30-af8d-48f3-977a-4e24394e2e8c,2003,103862
Botryllus schlosseri,44.63015,-65.75233,58d5dd83-b5b3-4dc8-81c4-8b8a54d59b1a,2018,103862
Botryllus schlosseri,42.613117218,-70.6524734497,1618356f-0f62-4cbb-9252-005120e31fb0,2009,103862
Botryllus schlosseri,43.81648,-66.14785,58d5dd83-b5b3-4dc8-81c4-8b8a54d59b1a,2011,103862
Botryllus schlosseri,45.0677,-67.0531,58d5dd83-b5b3-4dc8-81c4-8b8a54d59b1a,2020,103862
Botryllus schlosseri,44.6474,-66.8413,58d5dd83-b5b3-4dc8-81c4-8b8a54d59b1a,2010,103862
Botryllus schlosseri,42.255078,-70.788002,16434578-ebf7-4bcc-a776-508ffece76de,1907,103862
Botryllus schlosseri,43.81648,-66.14785,58d5dd83-b5b3-4dc8-81c4-8b8a54d59b1a,2017,103862
Botryllus schlosseri,41.8087005615,-69.9529037476,b42bc9f6-efc5-4cfd-b6a8-3c97b0a1be46,2007,103862
Botryllus schlosseri,41.7997016907,-70.0077972412,1618356f-0f62-4cbb-9252-005120e31fb0,2008,103862
Botryllus schlosseri,43.8209381104,-70.1052932739,4da23d30-af8d-48f3-977a-4e24394e2e8c,2007,103862
Botryllus schlosseri,42.5004005432,-70.8382034302,1618356f-0f62-4cbb-9252-005120e31fb0,2008,103862
Botryllus schlosseri,43.8209381104,-70.1052932739,4da23d30-af8d-48f3-977a-4e24394e2e8c,2003,103862
Botryllus schlosseri,43.4447,-65.6351,58d5dd83-b5b3-4dc8-81c4-8b8a54d59b1a,2021,103862
Botryllus schlosseri,45.0513,-66.8956,58d5dd83-b5b3-4dc8-81c4-8b8a54d59b1a,2015,103862
Botryllus schlosseri,41.751701355,-70.1540985107,1618356f-0f62-4cbb-9252-005120e31fb0,2008,103862
Botryllus schlosseri,41.961933136,-70.6663665771,1618356f-0f62-4cbb-9252-005120e31fb0,2009,103862
Botryllus schlosseri,41.8348999023,-69.9726028442,b42bc9f6-efc5-4cfd-b6a8-3c97b0a1be46,2007,103862
Botryllus schlosseri,43.81648,-66.14785,58d5dd83-b5b3-4dc8-81c4-8b8a54d59b1a,2016,103862
Botryllus schlosseri,45.0688,-66.7398,58d5dd83-b5b3-4dc8-81c4-8b8a54d59b1a,2011,103862
Botryllus schlosseri,42.5211181641,-70.8809814453,b42bc9f6-efc5-4cfd-b6a8-3c97b0a1be46,2007,103862
Botryllus schlosseri,42.5463485718,-70.8554992676,1618356f-0f62-4cbb-9252-005120e31fb0,2008,103862
Botryllus schlosseri,44.6474,-66.8413,58d5dd83-b5b3-4dc8-81c4-8b8a54d59b1a,2020,103862
Botryllus schlosseri,41.771068573,-70.5023727417,4da23d30-af8d-48f3-977a-4e24394e2e8c,2007,103862
Botryllus schlosseri,43.0717163086,-70.7105331421,4da23d30-af8d-48f3-977a-4e24394e2e8c,2003,103862
Botryllus schlosseri,44.9466,-66.9055,58d5dd83-b5b3-4dc8-81c4-8b8a54d59b1a,2008,103862
Botryllus schlosseri,42.5213012695,-70.8817977905,1618356f-0f62-4cbb-9252-005120e31fb0,2008,103862
Botryllus schlosseri,44.9283,-66.94,58d5dd83-b5b3-4dc8-81c4-8b8a54d59b1a,2015,103862
Botryllus schlosseri,43.7137,-65.96947,58d5dd83-b5b3-4dc8-81c4-8b8a54d59b1a,2021,103862
Botryllus schlosseri,42.3633995056,-71.0341033936,1618356f-0f62-4cbb-9252-005120e31fb0,2009,103862
Botryllus schlosseri,43.81648,-66.14785,58d5dd83-b5b3-4dc8-81c4-8b8a54d59b1a,2014,103862
Botryllus schlosseri,41.8348999023,-69.9726028442,1618356f-0f62-4cbb-9252-005120e31fb0,2008,103862
Botryllus schlosseri,43.618985,-65.787833,58d5dd83-b5b3-4dc8-81c4-8b8a54d59b1a,2012,103862
Botryllus schlosseri,42.5463485718,-70.8554992676,1618356f-0f62-4cbb-9252-005120e31fb0,2008,103862
Botryllus schlosseri,44.63015,-65.75233,58d5dd83-b5b3-4dc8-81c4-8b8a54d59b1a,2012,103862
Botryllus schlosseri,41.8348999023,-69.9726028442,1618356f-0f62-4cbb-9252-005120e31fb0,2009,103862
Botryllus schlosseri,44.964046,-67.007652,58d5dd83-b5b3-4dc8-81c4-8b8a54d59b1a,2010,103862
Botryllus schlosseri,42.0387992859,-70.6697006226,1618356f-0f62-4cbb-9252-005120e31fb0,2009,103862
Botryllus schlosseri,43.82667,-65.90767,58d5dd83-b5b3-4dc8-81c4-8b8a54d59b1a,2016,103862
Botryllus schlosseri,44.964046,-67.007652,58d5dd83-b5b3-4dc8-81c4-8b8a54d59b1a,2017,103862
Botryllus schlosseri,43.7236,-65.84057,58d5dd83-b5b3-4dc8-81c4-8b8a54d59b1a,2020,103862
Botryllus schlosseri,43.4447,-65.6351,58d5dd83-b5b3-4dc8-81c4-8b8a54d59b1a,2008,103862
Botryllus schlosseri,44.2649,-66.348,58d5dd83-b5b3-4dc8-81c4-8b8a54d59b1a,2021,103862
Botryllus schlosseri,44.63015,-65.75233,58d5dd83-b5b3-4dc8-81c4-8b8a54d59b1a,2013,103862
Botryllus schlosseri,42.5004005432,-70.8382034302,b42bc9f6-efc5-4cfd-b6a8-3c97b0a1be46,2007,103862
Botryllus schlosseri,42.650932312,-70.7448654175,1618356f-0f62-4cbb-9252-005120e31fb0,2009,103862
Botryllus schlosseri,45.0513,-66.8956,58d5dd83-b5b3-4dc8-81c4-8b8a54d59b1a,2017,103862
Botryllus schlosseri,43.815,-65.9139,58d5dd83-b5b3-4dc8-81c4-8b8a54d59b1a,2018,103862
Botryllus schlosseri,42.5766983032,-70.7376022339,1618356f-0f62-4cbb-9252-005120e31fb0,2009,103862
Botryllus schlosseri,44.6474,-66.8413,58d5dd83-b5b3-4dc8-81c4-8b8a54d59b1a,2015,103862
Botryllus schlosseri,44.6609,-66.7566,58d5dd83-b5b3-4dc8-81c4-8b8a54d59b1a,2020,103862
Botryllus schlosseri,43.1344985962,-70.6473999023,1618356f-0f62-4cbb-9252-005120e31fb0,2008,103862
Botryllus schlosseri,42.5276985168,-70.8663024902,1618356f-0f62-4cbb-9252-005120e31fb0,2008,103862
Botryllus schlosseri,42.5215988159,-70.881652832,4da23d30-af8d-48f3-977a-4e24394e2e8c,2007,103862
Botryllus schlosseri,44.7631,-66.749,58d5dd83-b5b3-4dc8-81c4-8b8a54d59b1a,2021,103862
Botryllus schlosseri,43.320098877,-70.5634994507,1618356f-0f62-4cbb-9252-005120e31fb0,2009,103862
Botryllus schlosseri,45.0688,-66.7398,58d5dd83-b5b3-4dc8-81c4-8b8a54d59b1a,2012,103862
Botryllus schlosseri,45.0677,-67.0531,58d5dd83-b5b3-4dc8-81c4-8b8a54d59b1a,2019,103862
Botryllus schlosseri,44.6474,-66.8413,58d5dd83-b5b3-4dc8-81c4-8b8a54d59b1a,2023,103862
Botryllus schlosseri,44.6474,-66.8413,58d5dd83-b5b3-4dc8-81c4-8b8a54d59b1a,2011,103862
Botryllus schlosseri,43.6623001099,-70.2431411743,4da23d30-af8d-48f3-977a-4e24394e2e8c,2003,103862
Botryllus schlosseri,41.8087005615,-69.9529037476,b42bc9f6-efc5-4cfd-b6a8-3c97b0a1be46,2007,103862
Botryllus schlosseri,41.8087005615,-69.9529037476,b42bc9f6-efc5-4cfd-b6a8-3c97b0a1be46,2007,103862
Botryllus schlosseri,44.9466,-66.9055,58d5dd83-b5b3-4dc8-81c4-8b8a54d59b1a,2023,103862
Botryllus schlosseri,43.0583000183,-70.7251968384,1618356f-0f62-4cbb-9252-005120e31fb0,2008,103862
Botryllus schlosseri,44.9466,-66.9055,58d5dd83-b5b3-4dc8-81c4-8b8a54d59b1a,2012,103862
Botryllus schlosseri,43.320098877,-70.5634994507,1618356f-0f62-4cbb-9252-005120e31fb0,2008,103862
Botryllus schlosseri,41.8348999023,-69.9726028442,b42bc9f6-efc5-4cfd-b6a8-3c97b0a1be46,2007,103862
Botryllus schlosseri,45.0823,-67.0847,58d5dd83-b5b3-4dc8-81c4-8b8a54d59b1a,2015,103862
Botryllus schlosseri,44.9283,-66.94,58d5dd83-b5b3-4dc8-81c4-8b8a54d59b1a,2016,103862
Botryllus schlosseri,45.0677,-67.0531,58d5dd83-b5b3-4dc8-81c4-8b8a54d59b1a,2014,103862
Botryllus schlosseri,45.0823,-67.0847,58d5dd83-b5b3-4dc8-81c4-8b8a54d59b1a,2020,103862
Botryllus schlosseri,45.0688,-66.7398,58d5dd83-b5b3-4dc8-81c4-8b8a54d59b1a,2023,103862
Botryllus schlosseri,43.6495780945,-70.2308807373,4da23d30-af8d-48f3-977a-4e24394e2e8c,2007,103862
Botryllus schlosseri,44.9716,-66.9527,58d5dd83-b5b3-4dc8-81c4-8b8a54d59b1a,2019,103862
Botryllus schlosseri,45.0561,-66.8638,58d5dd83-b5b3-4dc8-81c4-8b8a54d59b1a,2019,103862
Botryllus schlosseri,44.934167,-66.840583,f0abfac5-114a-4e81-923f-ed08718cb5a7,2021,103862
Botryllus schlosseri,43.078250885,-70.7519989014,1931f1a3-0b4c-4a72-9721-78f9270455f7,2001,103862
Botryllus schlosseri,43.81648,-66.14785,58d5dd83-b5b3-4dc8-81c4-8b8a54d59b1a,2012,103862
Botryllus schlosseri,43.71204,-65.98434,58d5dd83-b5b3-4dc8-81c4-8b8a54d59b1a,2013,103862
Botryllus schlosseri,44.19365,-66.16688,58d5dd83-b5b3-4dc8-81c4-8b8a54d59b1a,2020,103862
Botryllus schlosseri,41.8348999023,-69.9726028442,b42bc9f6-efc5-4cfd-b6a8-3c97b0a1be46,2007,103862
Botryllus schlosseri,44.2094802856,-69.0612869263,4da23d30-af8d-48f3-977a-4e24394e2e8c,2007,103862
Botryllus schlosseri,44.7631,-66.749,58d5dd83-b5b3-4dc8-81c4-8b8a54d59b1a,2020,103862
Botryllus schlosseri,41.8348999023,-69.9726028442,b42bc9f6-efc5-4cfd-b6a8-3c97b0a1be46,2007,103862
Botryllus schlosseri,43.7236,-65.84057,58d5dd83-b5b3-4dc8-81c4-8b8a54d59b1a,2019,103862
Botryllus schlosseri,44.19365,-66.16688,58d5dd83-b5b3-4dc8-81c4-8b8a54d59b1a,2014,103862
Botryllus schlosseri,41.8348999023,-69.9726028442,1618356f-0f62-4cbb-9252-005120e31fb0,2008,103862
Botryllus schlosseri,43.4447,-65.6351,58d5dd83-b5b3-4dc8-81c4-8b8a54d59b1a,2011,103862
Botryllus schlosseri,43.6495780945,-70.2308807373,4da23d30-af8d-48f3-977a-4e24394e2e8c,2003,103862
Botryllus schlosseri,43.7236,-65.84057,58d5dd83-b5b3-4dc8-81c4-8b8a54d59b1a,2017,103862
Botryllus schlosseri,42.5766983032,-70.7376022339,b42bc9f6-efc5-4cfd-b6a8-3c97b0a1be46,2007,103862
Botryllus schlosseri,43.4447,-65.6351,58d5dd83-b5b3-4dc8-81c4-8b8a54d59b1a,2018,103862
Botryllus schlosseri,44.964046,-67.007652,58d5dd83-b5b3-4dc8-81c4-8b8a54d59b1a,2007,103862
Botryllus schlosseri,44.19365,-66.16688,58d5dd83-b5b3-4dc8-81c4-8b8a54d59b1a,2008,103862
Botryllus schlosseri,41.8348999023,-69.9726028442,b42bc9f6-efc5-4cfd-b6a8-3c97b0a1be46,2007,103862
Botryllus schlosseri,41.8087005615,-69.9529037476,b42bc9f6-efc5-4cfd-b6a8-3c97b0a1be46,2007,103862
Botryllus schlosseri,44.63015,-65.75233,58d5dd83-b5b3-4dc8-81c4-8b8a54d59b1a,2020,103862
Botryllus schlosseri,44.7631,-66.749,58d5dd83-b5b3-4dc8-81c4-8b8a54d59b1a,2019,103862
Botryllus schlosseri,45.0561,-66.8638,58d5dd83-b5b3-4dc8-81c4-8b8a54d59b1a,2022,103862
Botryllus schlosseri,42.521557,-70.882864,9d629feb-ba03-4a83-908c-794d94d30531,2008,103862
Botryllus schlosseri,42.3432922363,-71.0349655151,1618356f-0f62-4cbb-9252-005120e31fb0,2009,103862
Botryllus schlosseri,44.7631,-66.749,58d5dd83-b5b3-4dc8-81c4-8b8a54d59b1a,2017,103862
Botryllus schlosseri,43.561,-70.219,1fcedb90-b2ea-4476-8faf-f2ff5964ac58,1983,103862
Botryllus schlosseri,42.0387802124,-70.6695175171,4da23d30-af8d-48f3-977a-4e24394e2e8c,2000,103862
Botryllus schlosseri,44.19365,-66.16688,58d5dd83-b5b3-4dc8-81c4-8b8a54d59b1a,2015,103862
Botryllus schlosseri,44.7631,-66.749,58d5dd83-b5b3-4dc8-81c4-8b8a54d59b1a,2008,103862
Botryllus schlosseri,44.6474,-66.8413,58d5dd83-b5b3-4dc8-81c4-8b8a54d59b1a,2019,103862
Botryllus schlosseri,43.5,-65.74,58d5dd83-b5b3-4dc8-81c4-8b8a54d59b1a,2013,103862
Botryllus schlosseri,43.0829849243,-70.7608337402,1931f1a3-0b4c-4a72-9721-78f9270455f7,2001,103862
Botryllus schlosseri,42.5213012695,-70.8817977905,1618356f-0f62-4cbb-9252-005120e31fb0,2009,103862
Botryllus schlosseri,42.1949691772,-70.7227935791,1618356f-0f62-4cbb-9252-005120e31fb0,2009,103862
Botryllus schlosseri,41.8087005615,-69.9529037476,b42bc9f6-efc5-4cfd-b6a8-3c97b0a1be46,2007,103862
Botryllus schlosseri,43.6506996155,-70.2282028198,1618356f-0f62-4cbb-9252-005120e31fb0,2009,103862
Botryllus schlosseri,42.3573989868,-71.0488967896,1618356f-0f62-4cbb-9252-005120e31fb0,2009,103862
Botryllus schlosseri,42.8992156982,-70.8179855347,4da23d30-af8d-48f3-977a-4e24394e2e8c,2003,103862
Botryllus schlosseri,44.9716,-66.9527,58d5dd83-b5b3-4dc8-81c4-8b8a54d59b1a,2022,103862
Botryllus schlosseri,44.39681,-66.21413,58d5dd83-b5b3-4dc8-81c4-8b8a54d59b1a,2015,103862
Botryllus schlosseri,41.8348999023,-69.9726028442,b42bc9f6-efc5-4cfd-b6a8-3c97b0a1be46,2009,103862
Botryllus schlosseri,44.915994,-66.94122,58d5dd83-b5b3-4dc8-81c4-8b8a54d59b1a,2023,103862
Botryllus schlosseri,43.815,-65.9139,58d5dd83-b5b3-4dc8-81c4-8b8a54d59b1a,2017,103862
Botryllus schlosseri,44.9716,-66.9527,58d5dd83-b5b3-4dc8-81c4-8b8a54d59b1a,2023,103862
Botryllus schlosseri,45.0561,-66.8638,58d5dd83-b5b3-4dc8-81c4-8b8a54d59b1a,2023,103862
Botryllus schlosseri,41.8348999023,-69.9726028442,b42bc9f6-efc5-4cfd-b6a8-3c97b0a1be46,2007,103862
Botryllus schlosseri,42.5213317871,-70.8818206787,b42bc9f6-efc5-4cfd-b6a8-3c97b0a1be46,2007,103862
Botryllus schlosseri,42.3633995056,-71.0341033936,1618356f-0f62-4cbb-9252-005120e31fb0,2009,103862
Botryllus schlosseri,42.3633995056,-71.0341033936,1618356f-0f62-4cbb-9252-005120e31fb0,2009,103862
Botryllus schlosseri,41.8348999023,-69.9726028442,b42bc9f6-efc5-4cfd-b6a8-3c97b0a1be46,2007,103862
Botryllus schlosseri,45.0688,-66.7398,58d5dd83-b5b3-4dc8-81c4-8b8a54d59b1a,2016,103862
Botryllus schlosseri,44.7631,-66.749,58d5dd83-b5b3-4dc8-81c4-8b8a54d59b1a,2014,103862
Botryllus schlosseri,43.844379425,-69.6408233643,4da23d30-af8d-48f3-977a-4e24394e2e8c,2007,103862
Botryllus schlosseri,43.0587501526,-70.7236633301,1931f1a3-0b4c-4a72-9721-78f9270455f7,2001,103862
Botryllus schlosseri,44.63015,-65.75233,58d5dd83-b5b3-4dc8-81c4-8b8a54d59b1a,2017,103862
Botryllus schlosseri,42.5213317871,-70.8818206787,b42bc9f6-efc5-4cfd-b6a8-3c97b0a1be46,2007,103862
Botryllus schlosseri,42.5211181641,-70.8809814453,b42bc9f6-efc5-4cfd-b6a8-3c97b0a1be46,2007,103862
Botryllus schlosseri,41.961933136,-70.6663665771,1618356f-0f62-4cbb-9252-005120e31fb0,2009,103862
Botryllus schlosseri,45.0677,-67.0531,58d5dd83-b5b3-4dc8-81c4-8b8a54d59b1a,2008,103862
Botryllus schlosseri,42.3218078613,-70.9886322021,1618356f-0f62-4cbb-9252-005120e31fb0,2009,103862
Botryllus schlosseri,43.82667,-65.90767,58d5dd83-b5b3-4dc8-81c4-8b8a54d59b1a,2020,103862
Botryllus schlosseri,43.815,-65.9139,58d5dd83-b5b3-4dc8-81c4-8b8a54d59b1a,2008,103862
Botryllus schlosseri,42.3472213745,-70.9599990845,4da23d30-af8d-48f3-977a-4e24394e2e8c,2000,103862
Botryllus schlosseri,41.8087005615,-69.9529037476,b42bc9f6-efc5-4cfd-b6a8-3c97b0a1be46,2007,103862
Botryllus schlosseri,43.81648,-66.14785,58d5dd83-b5b3-4dc8-81c4-8b8a54d59b1a,2021,103862
Botryllus schlosseri,41.8348999023,-69.9726028442,b42bc9f6-efc5-4cfd-b6a8-3c97b0a1be46,2007,103862
Botryllus schlosseri,44.2649,-66.348,58d5dd83-b5b3-4dc8-81c4-8b8a54d59b1a,2013,103862
Botryllus schlosseri,42.357219696,-71.0497207642,4da23d30-af8d-48f3-977a-4e24394e2e8c,2003,103862
Botryllus schlosseri,45.0944,-66.4168,58d5dd83-b5b3-4dc8-81c4-8b8a54d59b1a,2012,103862
Botryllus schlosseri,45.0677,-67.0531,58d5dd83-b5b3-4dc8-81c4-8b8a54d59b1a,2010,103862
Botryllus schlosseri,42.357219696,-71.0497207642,4da23d30-af8d-48f3-977a-4e24394e2e8c,2003,103862
Botryllus schlosseri,41.7997016907,-70.0077972412,1618356f-0f62-4cbb-9252-005120e31fb0,2009,103862
Botryllus schlosseri,44.915994,-66.94122,58d5dd83-b5b3-4dc8-81c4-8b8a54d59b1a,2022,103862
Botryllus schlosseri,44.6609,-66.7566,58d5dd83-b5b3-4dc8-81c4-8b8a54d59b1a,2014,103862
Botryllus schlosseri,45.0944,-66.4168,58d5dd83-b5b3-4dc8-81c4-8b8a54d59b1a,2016,103862
Botryllus schlosseri,44.964046,-67.007652,58d5dd83-b5b3-4dc8-81c4-8b8a54d59b1a,2019,103862
Botryllus schlosseri,42.5402984619,-70.8805999756,4da23d30-af8d-48f3-977a-4e24394e2e8c,2000,103862
Botryllus schlosseri,45.0037,-66.9136,0c59dc30-4b06-4572-addc-155042f81fd0,2008,103862
Botryllus schlosseri,42.5463485718,-70.8554992676,1618356f-0f62-4cbb-9252-005120e31fb0,2009,103862
Botryllus schlosseri,45.0944,-66.4168,58d5dd83-b5b3-4dc8-81c4-8b8a54d59b1a,2022,103862
Botryllus schlosseri,44.9716,-66.9527,58d5dd83-b5b3-4dc8-81c4-8b8a54d59b1a,2015,103862
Botryllus schlosseri,43.4447,-65.6351,58d5dd83-b5b3-4dc8-81c4-8b8a54d59b1a,2023,103862
Botryllus schlosseri,42.654800415,-70.675201416,1618356f-0f62-4cbb-9252-005120e31fb0,2009,103862
Botryllus schlosseri,44.104839325,-69.1020889282,4da23d30-af8d-48f3-977a-4e24394e2e8c,2007,103862
Botryllus schlosseri,45.0944,-66.4168,58d5dd83-b5b3-4dc8-81c4-8b8a54d59b1a,2007,103862
Botryllus schlosseri,41.9627799988,-70.6666183472,4da23d30-af8d-48f3-977a-4e24394e2e8c,2000,103862
Botryllus schlosseri,41.7061309814,-70.2988967896,4da23d30-af8d-48f3-977a-4e24394e2e8c,2000,103862
Botryllus schlosseri,42.5215988159,-70.881652832,4da23d30-af8d-48f3-977a-4e24394e2e8c,2003,103862
Botryllus schlosseri,43.9350814819,-69.5811233521,4da23d30-af8d-48f3-977a-4e24394e2e8c,2007,103862
Botryllus schlosseri,43.320098877,-70.5634994507,1618356f-0f62-4cbb-9252-005120e31fb0,2009,103862
Botryllus schlosseri,42.613117218,-70.6524734497,1618356f-0f62-4cbb-9252-005120e31fb0,2009,103862
Botryllus schlosseri,43.815,-65.9139,58d5dd83-b5b3-4dc8-81c4-8b8a54d59b1a,2019,103862
Botryllus schlosseri,43.815,-65.9139,58d5dd83-b5b3-4dc8-81c4-8b8a54d59b1a,2020,103862
Botryllus schlosseri,43.651,-70.2241,1fcedb90-b2ea-4476-8faf-f2ff5964ac58,1998,103862
Botryllus schlosseri,42.8992156982,-70.8179855347,4da23d30-af8d-48f3-977a-4e24394e2e8c,2003,103862
Botryllus schlosseri,44.6609,-66.7566,58d5dd83-b5b3-4dc8-81c4-8b8a54d59b1a,2017,103862
Botryllus schlosseri,42.3573989868,-71.0488967896,1618356f-0f62-4cbb-9252-005120e31fb0,2009,103862
Botryllus schlosseri,42.613117218,-70.6524734497,1618356f-0f62-4cbb-9252-005120e31fb0,2009,103862
Botryllus schlosseri,43.7137,-65.96947,58d5dd83-b5b3-4dc8-81c4-8b8a54d59b1a,2023,103862
Botryllus schlosseri,43.82667,-65.90767,58d5dd83-b5b3-4dc8-81c4-8b8a54d59b1a,2014,103862
Botryllus schlosseri,42.5402984619,-70.8862991333,1618356f-0f62-4cbb-9252-005120e31fb0,2008,103862
Botryllus schlosseri,42.2494316101,-70.9733810425,4da23d30-af8d-48f3-977a-4e24394e2e8c,2000,103862
Botryllus schlosseri,44.9283,-66.94,58d5dd83-b5b3-4dc8-81c4-8b8a54d59b1a,2012,103862
Botryllus schlosseri,44.9466,-66.9055,58d5dd83-b5b3-4dc8-81c4-8b8a54d59b1a,2014,103862
Botryllus schlosseri,41.8348999023,-69.9726028442,b42bc9f6-efc5-4cfd-b6a8-3c97b0a1be46,2007,103862
Botryllus schlosseri,42.5402984619,-70.8862991333,b42bc9f6-efc5-4cfd-b6a8-3c97b0a1be46,2007,103862
Botryllus schlosseri,43.7137,-65.96947,58d5dd83-b5b3-4dc8-81c4-8b8a54d59b1a,2022,103862
Botryllus schlosseri,44.63015,-65.75233,58d5dd83-b5b3-4dc8-81c4-8b8a54d59b1a,2023,103862
Botryllus schlosseri,44.19365,-66.16688,58d5dd83-b5b3-4dc8-81c4-8b8a54d59b1a,2006,103862
Botryllus schlosseri,44.63015,-65.75233,58d5dd83-b5b3-4dc8-81c4-8b8a54d59b1a,2021,103862
Botryllus schlosseri,42.6104011536,-70.6588897705,4da23d30-af8d-48f3-977a-4e24394e2e8c,2007,103862
Botryllus schlosseri,41.7997016907,-70.0077972412,1618356f-0f62-4cbb-9252-005120e31fb0,2008,103862
Botryllus schlosseri,44.7631,-66.749,58d5dd83-b5b3-4dc8-81c4-8b8a54d59b1a,2022,103862
Botryllus schlosseri,42.5766983032,-70.7376022339,b42bc9f6-efc5-4cfd-b6a8-3c97b0a1be46,2007,103862
Botryllus schlosseri,44.2649,-66.348,58d5dd83-b5b3-4dc8-81c4-8b8a54d59b1a,2016,103862
Botryllus schlosseri,42.61302948,-70.6807174683,4da23d30-af8d-48f3-977a-4e24394e2e8c,2000,103862
Botryllus schlosseri,44.7631,-66.749,58d5dd83-b5b3-4dc8-81c4-8b8a54d59b1a,2011,103862
Botryllus schlosseri,42.160900116,-70.7072982788,1618356f-0f62-4cbb-9252-005120e31fb0,2008,103862
Botryllus schlosseri,42.3112983704,-71.0400390625,1618356f-0f62-4cbb-9252-005120e31fb0,2009,103862
Botryllus schlosseri,43.078250885,-70.7519989014,1931f1a3-0b4c-4a72-9721-78f9270455f7,2001,103862
Botryllus schlosseri,42.5766983032,-70.7376022339,b42bc9f6-efc5-4cfd-b6a8-3c97b0a1be46,2007,103862
Botryllus schlosseri,42.5211181641,-70.8809814453,b42bc9f6-efc5-4cfd-b6a8-3c97b0a1be46,2007,103862
Botryllus schlosseri,43.83636,-66.12328,58d5dd83-b5b3-4dc8-81c4-8b8a54d59b1a,2015,103862
Botryllus schlosseri,43.6495780945,-70.2308807373,4da23d30-af8d-48f3-977a-4e24394e2e8c,2003,103862
Botryllus schlosseri,45.0944,-66.4168,58d5dd83-b5b3-4dc8-81c4-8b8a54d59b1a,2006,103862
Botryllus schlosseri,44.8968582153,-67.0076828003,4da23d30-af8d-48f3-977a-4e24394e2e8c,2005,103862
Botryllus schlosseri,41.8087005615,-69.9529037476,b42bc9f6-efc5-4cfd-b6a8-3c97b0a1be46,2007,103862
Botryllus schlosseri,44.6609,-66.7566,58d5dd83-b5b3-4dc8-81c4-8b8a54d59b1a,2008,103862
Botryllus schlosseri,42.5276985168,-70.8663024902,1618356f-0f62-4cbb-9252-005120e31fb0,2008,103862
Botryllus schlosseri,44.39681,-66.21413,58d5dd83-b5b3-4dc8-81c4-8b8a54d59b1a,2019,103862
Botryllus schlosseri,42.5004005432,-70.8382034302,b42bc9f6-efc5-4cfd-b6a8-3c97b0a1be46,2007,103862
Botryllus schlosseri,41.8087005615,-69.9529037476,b42bc9f6-efc5-4cfd-b6a8-3c97b0a1be46,2007,103862
Botryllus schlosseri,44.6609,-66.7566,58d5dd83-b5b3-4dc8-81c4-8b8a54d59b1a,2019,103862
Botryllus schlosseri,42.5215988159,-70.881652832,4da23d30-af8d-48f3-977a-4e24394e2e8c,2003,103862
Botryllus schlosseri,43.7137,-65.96947,58d5dd83-b5b3-4dc8-81c4-8b8a54d59b1a,2016,103862
Botryllus schlosseri,45.0688,-66.7398,58d5dd83-b5b3-4dc8-81c4-8b8a54d59b1a,2019,103862
Botryllus schlosseri,42.8992767334,-70.8180923462,b42bc9f6-efc5-4cfd-b6a8-3c97b0a1be46,2008,103862
Botryllus schlosseri,42.5215988159,-70.881652832,4da23d30-af8d-48f3-977a-4e24394e2e8c,2003,103862
Botryllus schlosseri,41.8348999023,-69.9726028442,b42bc9f6-efc5-4cfd-b6a8-3c97b0a1be46,2007,103862
Botryllus schlosseri,43.7137,-65.96947,58d5dd83-b5b3-4dc8-81c4-8b8a54d59b1a,2013,103862
Botryllus schlosseri,44.964046,-67.007652,58d5dd83-b5b3-4dc8-81c4-8b8a54d59b1a,2022,103862
Botryllus schlosseri,42.1949691772,-70.7227935791,1618356f-0f62-4cbb-9252-005120e31fb0,2008,103862
Botryllus schlosseri,42.357219696,-71.0497207642,4da23d30-af8d-48f3-977a-4e24394e2e8c,2007,103862
Botryllus schlosseri,42.5211181641,-70.8809814453,b42bc9f6-efc5-4cfd-b6a8-3c97b0a1be46,2007,103862
Botryllus schlosseri,43.6793556213,-70.2527999878,4da23d30-af8d-48f3-977a-4e24394e2e8c,2007,103862
Botryllus schlosseri,42.5463485718,-70.8554992676,b42bc9f6-efc5-4cfd-b6a8-3c97b0a1be46,2007,103862
Botryllus schlosseri,42.8997383118,-70.8179702759,4da23d30-af8d-48f3-977a-4e24394e2e8c,2007,103862
Botryllus schlosseri,43.0835342407,-70.7323303223,1931f1a3-0b4c-4a72-9721-78f9270455f7,2001,103862
Botryllus schlosseri,44.9716,-66.9527,58d5dd83-b5b3-4dc8-81c4-8b8a54d59b1a,2013,103862
Botryllus schlosseri,41.751701355,-70.1540985107,1618356f-0f62-4cbb-9252-005120e31fb0,2008,103862
Botryllus schlosseri,43.4447,-65.6351,58d5dd83-b5b3-4dc8-81c4-8b8a54d59b1a,2017,103862
Botryllus schlosseri,42.5215988159,-70.881652832,4da23d30-af8d-48f3-977a-4e24394e2e8c,2003,103862
Botryllus schlosseri,44.9466,-66.9055,58d5dd83-b5b3-4dc8-81c4-8b8a54d59b1a,2011,103862
Botryllus schlosseri,44.9716,-66.9527,58d5dd83-b5b3-4dc8-81c4-8b8a54d59b1a,2012,103862
Botryllus schlosseri,43.6506996155,-70.2282028198,1618356f-0f62-4cbb-9252-005120e31fb0,2009,103862
Botryllus schlosseri,44.39681,-66.21413,58d5dd83-b5b3-4dc8-81c4-8b8a54d59b1a,2021,103862
Botryllus schlosseri,45.0513,-66.8956,58d5dd83-b5b3-4dc8-81c4-8b8a54d59b1a,2023,103862
Botryllus schlosseri,44.6609,-66.7566,58d5dd83-b5b3-4dc8-81c4-8b8a54d59b1a,2021,103862
Botryllus schlosseri,42.6142196655,-70.6508712769,4da23d30-af8d-48f3-977a-4e24394e2e8c,2000,103862
Botryllus schlosseri,44.9466,-66.9055,58d5dd83-b5b3-4dc8-81c4-8b8a54d59b1a,2010,103862
Botryllus schlosseri,44.63015,-65.75233,58d5dd83-b5b3-4dc8-81c4-8b8a54d59b1a,2010,103862
Botryllus schlosseri,41.8087005615,-69.9529037476,b42bc9f6-efc5-4cfd-b6a8-3c97b0a1be46,2007,103862
Botryllus schlosseri,43.746,-70.15,1fcedb90-b2ea-4476-8faf-f2ff5964ac58,1974,103862
Botryllus schlosseri,44.6609,-66.7566,58d5dd83-b5b3-4dc8-81c4-8b8a54d59b1a,2023,103862
Botryllus schlosseri,42.5463485718,-70.8554992676,b42bc9f6-efc5-4cfd-b6a8-3c97b0a1be46,2007,103862
Botryllus schlosseri,43.7137,-65.96947,58d5dd83-b5b3-4dc8-81c4-8b8a54d59b1a,2008,103862
Botryllus schlosseri,42.5004005432,-70.8382034302,b42bc9f6-efc5-4cfd-b6a8-3c97b0a1be46,2007,103862
Botryllus schlosseri,42.3712005615,-71.0596008301,1618356f-0f62-4cbb-9252-005120e31fb0,2009,103862
Botryllus schlosseri,44.9716,-66.9527,58d5dd83-b5b3-4dc8-81c4-8b8a54d59b1a,2017,103862
Botryllus schlosseri,42.0387802124,-70.6695175171,4da23d30-af8d-48f3-977a-4e24394e2e8c,2000,103862
Botryllus schlosseri,43.4447,-65.6351,58d5dd83-b5b3-4dc8-81c4-8b8a54d59b1a,2013,103862
Botryllus schlosseri,45.0688,-66.7398,58d5dd83-b5b3-4dc8-81c4-8b8a54d59b1a,2022,103862
Botryllus schlosseri,43.0717163086,-70.7105331421,4da23d30-af8d-48f3-977a-4e24394e2e8c,2003,103862
Botryllus schlosseri,44.964,-67.0143,58d5dd83-b5b3-4dc8-81c4-8b8a54d59b1a,2012,103862
Botryllus schlosseri,44.19365,-66.16688,58d5dd83-b5b3-4dc8-81c4-8b8a54d59b1a,2019,103862
Botryllus schlosseri,43.82667,-65.90767,58d5dd83-b5b3-4dc8-81c4-8b8a54d59b1a,2017,103862
Botryllus schlosseri,44.964046,-67.007652,58d5dd83-b5b3-4dc8-81c4-8b8a54d59b1a,2020,103862
Botryllus schlosseri,43.81648,-66.14785,58d5dd83-b5b3-4dc8-81c4-8b8a54d59b1a,2013,103862
Botryllus schlosseri,45.0944,-66.4168,58d5dd83-b5b3-4dc8-81c4-8b8a54d59b1a,2020,103862
Botryllus schlosseri,43.81648,-66.14785,58d5dd83-b5b3-4dc8-81c4-8b8a54d59b1a,2018,103862
Botryllus schlosseri,43.4447,-65.6351,58d5dd83-b5b3-4dc8-81c4-8b8a54d59b1a,2014,103862
Botryllus schlosseri,41.8348999023,-69.9726028442,b42bc9f6-efc5-4cfd-b6a8-3c97b0a1be46,2007,103862
Botryllus schlosseri,43.7236,-65.84057,58d5dd83-b5b3-4dc8-81c4-8b8a54d59b1a,2014,103862
Botryllus schlosseri,41.8348999023,-69.9726028442,b42bc9f6-efc5-4cfd-b6a8-3c97b0a1be46,2007,103862
Botryllus schlosseri,42.1949691772,-70.7227935791,1618356f-0f62-4cbb-9252-005120e31fb0,2009,103862
Botryllus schlosseri,44.39681,-66.21413,58d5dd83-b5b3-4dc8-81c4-8b8a54d59b1a,2012,103862
Botryllus schlosseri,44.9466,-66.9055,58d5dd83-b5b3-4dc8-81c4-8b8a54d59b1a,2020,103862
Botryllus schlosseri,42.3573989868,-71.0488967896,1618356f-0f62-4cbb-9252-005120e31fb0,2009,103862
Botryllus schlosseri,42.5213012695,-70.8817977905,1618356f-0f62-4cbb-9252-005120e31fb0,2009,103862
Botryllus schlosseri,44.8953666687,-67.0014190674,4da23d30-af8d-48f3-977a-4e24394e2e8c,2005,103862
Botryllus schlosseri,43.7137,-65.96947,58d5dd83-b5b3-4dc8-81c4-8b8a54d59b1a,2007,103862
Botryllus schlosseri,43.6495780945,-70.2308807373,4da23d30-af8d-48f3-977a-4e24394e2e8c,2003,103862
Botryllus schlosseri,44.6474,-66.8413,58d5dd83-b5b3-4dc8-81c4-8b8a54d59b1a,2022,103862
Botryllus schlosseri,43.078250885,-70.7519989014,1931f1a3-0b4c-4a72-9721-78f9270455f7,2001,103862
Botryllus schlosseri,42.3432922363,-71.0349655151,1618356f-0f62-4cbb-9252-005120e31fb0,2009,103862
Botryllus schlosseri,42.357219696,-71.0497207642,4da23d30-af8d-48f3-977a-4e24394e2e8c,2003,103862
Botryllus schlosseri,44.964,-67.0143,58d5dd83-b5b3-4dc8-81c4-8b8a54d59b1a,2007,103862
Botryllus schlosseri,42.5213012695,-70.8817977905,1618356f-0f62-4cbb-9252-005120e31fb0,2008,103862
Botryllus schlosseri,42.0946006775,-70.6470031738,1618356f-0f62-4cbb-9252-005120e31fb0,2009,103862
Botryllus schlosseri,41.8348999023,-69.9726028442,b42bc9f6-efc5-4cfd-b6a8-3c97b0a1be46,2007,103862
Botryllus schlosseri,45.0688,-66.7398,58d5dd83-b5b3-4dc8-81c4-8b8a54d59b1a,2017,103862
Botryllus schlosseri,41.9627799988,-70.6666183472,4da23d30-af8d-48f3-977a-4e24394e2e8c,2000,103862
Botryllus schlosseri,44.63015,-65.75233,58d5dd83-b5b3-4dc8-81c4-8b8a54d59b1a,2011,103862
Botryllus schlosseri,45.0688,-66.7398,58d5dd83-b5b3-4dc8-81c4-8b8a54d59b1a,2015,103862
Botryllus schlosseri,43.0829849243,-70.7608337402,1931f1a3-0b4c-4a72-9721-78f9270455f7,2001,103862
Botryllus schlosseri,43.4447,-65.6351,58d5dd83-b5b3-4dc8-81c4-8b8a54d59b1a,2022,103862
Botryllus schlosseri,43.6512,-70.2282,1fcedb90-b2ea-4476-8faf-f2ff5964ac58,1973,103862
Botryllus schlosseri,42.890499115,-70.8190002441,b42bc9f6-efc5-4cfd-b6a8-3c97b0a1be46,2008,103862
Botryllus schlosseri,43.0965003967,-70.7673339844,1931f1a3-0b4c-4a72-9721-78f9270455f7,2001,103862
Botryllus schlosseri,42.5402984619,-70.8862991333,b42bc9f6-efc5-4cfd-b6a8-3c97b0a1be46,2007,103862
Botryllus schlosseri,42.5213317871,-70.8818206787,b42bc9f6-efc5-4cfd-b6a8-3c97b0a1be46,2007,103862
Botryllus schlosseri,44.6474,-66.8413,58d5dd83-b5b3-4dc8-81c4-8b8a54d59b1a,2016,103862
Botryllus schlosseri,42.3432502747,-71.0350036621,4da23d30-af8d-48f3-977a-4e24394e2e8c,2000,103862
Botryllus schlosseri,44.9466,-66.9055,58d5dd83-b5b3-4dc8-81c4-8b8a54d59b1a,2015,103862
Botryllus schlosseri,45.0513,-66.8956,58d5dd83-b5b3-4dc8-81c4-8b8a54d59b1a,2022,103862
Botryllus schlosseri,41.8348999023,-69.9726028442,b42bc9f6-efc5-4cfd-b6a8-3c97b0a1be46,2007,103862
Botryllus schlosseri,43.81648,-66.14785,58d5dd83-b5b3-4dc8-81c4-8b8a54d59b1a,2022,103862
Botryllus schlosseri,42.890499115,-70.8190002441,b42bc9f6-efc5-4cfd-b6a8-3c97b0a1be46,2008,103862
Botryllus schlosseri,44.39681,-66.21413,58d5dd83-b5b3-4dc8-81c4-8b8a54d59b1a,2017,103862
Botryllus schlosseri,43.6504020691,-70.2289657593,1618356f-0f62-4cbb-9252-005120e31fb0,2009,103862
Botryllus schlosseri,44.19365,-66.16688,58d5dd83-b5b3-4dc8-81c4-8b8a54d59b1a,2021,103862
Botryllus schlosseri,43.6512,-70.2282,1fcedb90-b2ea-4476-8faf-f2ff5964ac58,1974,103862
Botryllus schlosseri,41.8348999023,-69.9726028442,1618356f-0f62-4cbb-9252-005120e31fb0,2009,103862
Botryllus schlosseri,45.152726,-66.251771,58d5dd83-b5b3-4dc8-81c4-8b8a54d59b1a,2019,103862
Botryllus schlosseri,43.8209381104,-70.1052932739,4da23d30-af8d-48f3-977a-4e24394e2e8c,2003,103862
Botryllus schlosseri,44.19365,-66.16688,58d5dd83-b5b3-4dc8-81c4-8b8a54d59b1a,2018,103862
Botryllus schlosseri,41.7061309814,-70.2988967896,4da23d30-af8d-48f3-977a-4e24394e2e8c,2000,103862
Botryllus schlosseri,44.964046,-67.007652,58d5dd83-b5b3-4dc8-81c4-8b8a54d59b1a,2011,103862
Botryllus schlosseri,43.618985,-65.787833,58d5dd83-b5b3-4dc8-81c4-8b8a54d59b1a,2013,103862
Botryllus schlosseri,43.4447,-65.6351,58d5dd83-b5b3-4dc8-81c4-8b8a54d59b1a,2012,103862
Botryllus schlosseri,43.6506996155,-70.2282028198,1618356f-0f62-4cbb-9252-005120e31fb0,2008,103862
Botryllus schlosseri,43.7137,-65.96947,58d5dd83-b5b3-4dc8-81c4-8b8a54d59b1a,2019,103862
Botryllus schlosseri,43.7236,-65.84057,58d5dd83-b5b3-4dc8-81c4-8b8a54d59b1a,2018,103862
Botryllus schlosseri,44.9466,-66.9055,58d5dd83-b5b3-4dc8-81c4-8b8a54d59b1a,2022,103862
Botryllus schlosseri,43.81648,-66.14785,58d5dd83-b5b3-4dc8-81c4-8b8a54d59b1a,2009,103862
Botryllus schlosseri,45.0688,-66.7398,58d5dd83-b5b3-4dc8-81c4-8b8a54d59b1a,2014,103862
Botryllus schlosseri,43.4447,-65.6351,58d5dd83-b5b3-4dc8-81c4-8b8a54d59b1a,2010,103862
Botryllus schlosseri,43.7137,-65.96947,58d5dd83-b5b3-4dc8-81c4-8b8a54d59b1a,2012,103862
Botryllus schlosseri,45.0677,-67.0531,58d5dd83-b5b3-4dc8-81c4-8b8a54d59b1a,2012,103862
Botryllus schlosseri,45.0823,-67.0847,58d5dd83-b5b3-4dc8-81c4-8b8a54d59b1a,2013,103862
Botryllus schlosseri,44.63015,-65.75233,58d5dd83-b5b3-4dc8-81c4-8b8a54d59b1a,2016,103862
Botryllus schlosseri,44.9466,-66.9055,58d5dd83-b5b3-4dc8-81c4-8b8a54d59b1a,2018,103862
Botryllus schlosseri,42.3432922363,-71.0349655151,1618356f-0f62-4cbb-9252-005120e31fb0,2009,103862
Botryllus schlosseri,42.2795677185,-70.9016723633,1618356f-0f62-4cbb-9252-005120e31fb0,2009,103862
Botryllus schlosseri,43.7236,-65.84057,58d5dd83-b5b3-4dc8-81c4-8b8a54d59b1a,2015,103862
Botryllus schlosseri,43.6512,-70.2282,1fcedb90-b2ea-4476-8faf-f2ff5964ac58,1976,103862
Botryllus schlosseri,42.5402984619,-70.8805999756,4da23d30-af8d-48f3-977a-4e24394e2e8c,2000,103862
Botryllus schlosseri,44.6609,-66.7566,58d5dd83-b5b3-4dc8-81c4-8b8a54d59b1a,2010,103862
Botryllus schlosseri,43.1344985962,-70.6473999023,1618356f-0f62-4cbb-9252-005120e31fb0,2008,103862
Botryllus schlosseri,43.7137,-65.96947,58d5dd83-b5b3-4dc8-81c4-8b8a54d59b1a,2010,103862
Botryllus schlosseri,42.0387992859,-70.6697006226,1618356f-0f62-4cbb-9252-005120e31fb0,2008,103862
Botryllus schlosseri,44.39681,-66.21413,58d5dd83-b5b3-4dc8-81c4-8b8a54d59b1a,2020,103862
Botryllus schlosseri,42.5463485718,-70.8554992676,b42bc9f6-efc5-4cfd-b6a8-3c97b0a1be46,2007,103862
Botryllus schlosseri,45.0944,-66.4168,58d5dd83-b5b3-4dc8-81c4-8b8a54d59b1a,2015,103862
Botryllus schlosseri,43.7137,-65.96947,58d5dd83-b5b3-4dc8-81c4-8b8a54d59b1a,2020,103862
Botryllus schlosseri,43.2,-70.59,1fcedb90-b2ea-4476-8faf-f2ff5964ac58,1973,103862
Botryllus schlosseri,44.9466,-66.9055,58d5dd83-b5b3-4dc8-81c4-8b8a54d59b1a,2021,103862
Botryllus schlosseri,44.9283,-66.94,58d5dd83-b5b3-4dc8-81c4-8b8a54d59b1a,2011,103862
Botryllus schlosseri,42.420889,-70.906416,9d629feb-ba03-4a83-908c-794d94d30531,2017,103862
Botryllus schlosseri,43.703996,-66.054709,58d5dd83-b5b3-4dc8-81c4-8b8a54d59b1a,2013,103862
Botryllus schlosseri,44.6609,-66.7566,58d5dd83-b5b3-4dc8-81c4-8b8a54d59b1a,2015,103862
Botryllus schlosseri,44.7631,-66.749,58d5dd83-b5b3-4dc8-81c4-8b8a54d59b1a,2013,103862
Botryllus schlosseri,44.6609,-66.7566,58d5dd83-b5b3-4dc8-81c4-8b8a54d59b1a,2007,103862
Botryllus schlosseri,45.0944,-66.4168,58d5dd83-b5b3-4dc8-81c4-8b8a54d59b1a,2011,103862
Botryllus schlosseri,42.2427597046,-70.9720993042,4da23d30-af8d-48f3-977a-4e24394e2e8c,2000,103862
Botryllus schlosseri,44.6474,-66.8413,58d5dd83-b5b3-4dc8-81c4-8b8a54d59b1a,2017,103862
Botryllus schlosseri,42.3432922363,-71.0349655151,1618356f-0f62-4cbb-9252-005120e31fb0,2009,103862
Botryllus schlosseri,44.19365,-66.16688,58d5dd83-b5b3-4dc8-81c4-8b8a54d59b1a,2023,103862
Botryllus schlosseri,42.3712005615,-71.0596008301,1618356f-0f62-4cbb-9252-005120e31fb0,2009,103862
Botryllus schlosseri,44.6474,-66.8413,58d5dd83-b5b3-4dc8-81c4-8b8a54d59b1a,2008,103862
Botryllus schlosseri,44.9466,-66.9055,58d5dd83-b5b3-4dc8-81c4-8b8a54d59b1a,2013,103862
Botryllus schlosseri,45.0944,-66.4168,58d5dd83-b5b3-4dc8-81c4-8b8a54d59b1a,2017,103862
Botryllus schlosseri,42.5213012695,-70.8817977905,1618356f-0f62-4cbb-9252-005120e31fb0,2009,103862
Botryllus schlosseri,45.0823,-67.0847,58d5dd83-b5b3-4dc8-81c4-8b8a54d59b1a,2018,103862
Botryllus schlosseri,42.5766983032,-70.7376022339,b42bc9f6-efc5-4cfd-b6a8-3c97b0a1be46,2007,103862
Botryllus schlosseri,43.4447,-65.6351,58d5dd83-b5b3-4dc8-81c4-8b8a54d59b1a,2015,103862
Botryllus schlosseri,41.7997016907,-70.0077972412,1618356f-0f62-4cbb-9252-005120e31fb0,2009,103862
Botryllus schlosseri,44.964046,-67.007652,58d5dd83-b5b3-4dc8-81c4-8b8a54d59b1a,2023,103862
Botryllus schlosseri,45.0944,-66.4168,58d5dd83-b5b3-4dc8-81c4-8b8a54d59b1a,2021,103862
Botryllus schlosseri,41.751701355,-70.1540985107,1618356f-0f62-4cbb-9252-005120e31fb0,2008,103862
Botryllus schlosseri,45.0677,-67.0531,58d5dd83-b5b3-4dc8-81c4-8b8a54d59b1a,2011,103862
Botryllus schlosseri,43.6495780945,-70.2308807373,4da23d30-af8d-48f3-977a-4e24394e2e8c,2003,103862
Botryllus schlosseri,42.357219696,-71.0497207642,4da23d30-af8d-48f3-977a-4e24394e2e8c,2000,103862
Botryllus schlosseri,42.3432922363,-71.0349655151,1618356f-0f62-4cbb-9252-005120e31fb0,2009,103862
Botryllus schlosseri,45.0944,-66.4168,58d5dd83-b5b3-4dc8-81c4-8b8a54d59b1a,2019,103862
Botryllus schlosseri,42.5276985168,-70.8663024902,1618356f-0f62-4cbb-9252-005120e31fb0,2008,103862
Botryllus schlosseri,43.7236,-65.84057,58d5dd83-b5b3-4dc8-81c4-8b8a54d59b1a,2007,103862
Botryllus schlosseri,44.39681,-66.21413,58d5dd83-b5b3-4dc8-81c4-8b8a54d59b1a,2022,103862
Botryllus schlosseri,44.6609,-66.7566,58d5dd83-b5b3-4dc8-81c4-8b8a54d59b1a,2012,103862
Botryllus schlosseri,42.3112983704,-71.0400390625,1618356f-0f62-4cbb-9252-005120e31fb0,2009,103862
Botryllus schlosseri,45.0823,-67.0847,58d5dd83-b5b3-4dc8-81c4-8b8a54d59b1a,2011,103862
Botryllus schlosseri,42.1949691772,-70.7227935791,1618356f-0f62-4cbb-9252-005120e31fb0,2008,103862
Botryllus schlosseri,42.654800415,-70.675201416,1618356f-0f62-4cbb-9252-005120e31fb0,2009,103862
Botryllus schlosseri,43.717,-70.136,1fcedb90-b2ea-4476-8faf-f2ff5964ac58,2003,103862
Botryllus schlosseri,45.0513,-66.8956,58d5dd83-b5b3-4dc8-81c4-8b8a54d59b1a,2013,103862
Botryllus schlosseri,43.7137,-65.96947,58d5dd83-b5b3-4dc8-81c4-8b8a54d59b1a,2009,103862
Botryllus schlosseri,42.521557,-70.882864,9d629feb-ba03-4a83-908c-794d94d30531,2008,103862
Botryllus schlosseri,44.39681,-66.21413,58d5dd83-b5b3-4dc8-81c4-8b8a54d59b1a,2013,103862
Botryllus schlosseri,44.19365,-66.16688,58d5dd83-b5b3-4dc8-81c4-8b8a54d59b1a,2022,103862
Botryllus schlosseri,41.8087005615,-69.9529037476,b42bc9f6-efc5-4cfd-b6a8-3c97b0a1be46,2007,103862
Botryllus schlosseri,45.0513,-66.8956,58d5dd83-b5b3-4dc8-81c4-8b8a54d59b1a,2020,103862
Botryllus schlosseri,42.5402984619,-70.8805999756,4da23d30-af8d-48f3-977a-4e24394e2e8c,2000,103862
Botryllus schlosseri,43.83636,-66.12328,58d5dd83-b5b3-4dc8-81c4-8b8a54d59b1a,2013,103862
Botryllus schlosseri,45.0944,-66.4168,58d5dd83-b5b3-4dc8-81c4-8b8a54d59b1a,2018,103862
Botryllus schlosseri,44.39681,-66.21413,58d5dd83-b5b3-4dc8-81c4-8b8a54d59b1a,2018,103862
Botryllus schlosseri,44.9283,-66.94,58d5dd83-b5b3-4dc8-81c4-8b8a54d59b1a,2014,103862
Botryllus schlosseri,42.3633995056,-71.0341033936,1618356f-0f62-4cbb-9252-005120e31fb0,2009,103862
Botryllus schlosseri,45.083332,-67.0833,ce1d93f3-8b0f-4ee7-9a4d-0393a6ec7fea,2002,103862
Botryllus schlosseri,44.923167,-66.938667,58d5dd83-b5b3-4dc8-81c4-8b8a54d59b1a,2007,103862
Botryllus schlosseri,43.82667,-65.90767,58d5dd83-b5b3-4dc8-81c4-8b8a54d59b1a,2018,103862
Botryllus schlosseri,42.5213317871,-70.8818206787,b42bc9f6-efc5-4cfd-b6a8-3c97b0a1be46,2007,103862
Botryllus schlosseri,44.964046,-67.007652,58d5dd83-b5b3-4dc8-81c4-8b8a54d59b1a,2014,103862
Botryllus schlosseri,42.3573989868,-71.0488967896,1618356f-0f62-4cbb-9252-005120e31fb0,2009,103862
Botryllus schlosseri,42.5703315735,-70.7738037109,1618356f-0f62-4cbb-9252-005120e31fb0,2009,103862
Botryllus schlosseri,41.751701355,-70.1540985107,1618356f-0f62-4cbb-9252-005120e31fb0,2008,103862
Botryllus schlosseri,43.6504020691,-70.2289657593,1618356f-0f62-4cbb-9252-005120e31fb0,2009,103862
Botryllus schlosseri,42.5213317871,-70.8818206787,b42bc9f6-efc5-4cfd-b6a8-3c97b0a1be46,2007,103862
Botryllus schlosseri,41.8348999023,-69.9726028442,b42bc9f6-efc5-4cfd-b6a8-3c97b0a1be46,2007,103862
Botryllus schlosseri,42.3712005615,-71.0596008301,1618356f-0f62-4cbb-9252-005120e31fb0,2009,103862
Botryllus schlosseri,44.964046,-67.007652,58d5dd83-b5b3-4dc8-81c4-8b8a54d59b1a,2021,103862
Botryllus schlosseri,45.0677,-67.0531,58d5dd83-b5b3-4dc8-81c4-8b8a54d59b1a,2021,103862
Botryllus schlosseri,41.8348999023,-69.9726028442,1618356f-0f62-4cbb-9252-005120e31fb0,2008,103862
Botryllus schlosseri,42.5215988159,-70.881652832,4da23d30-af8d-48f3-977a-4e24394e2e8c,2003,103862
Botryllus schlosseri,42.3112983704,-71.0400390625,1618356f-0f62-4cbb-9252-005120e31fb0,2009,103862
Botryllus schlosseri,45.0677,-67.0531,58d5dd83-b5b3-4dc8-81c4-8b8a54d59b1a,2017,103862
Botryllus schlosseri,43.7137,-65.96947,58d5dd83-b5b3-4dc8-81c4-8b8a54d59b1a,2017,103862
Botryllus schlosseri,44.9062004089,-66.9841003418,4da23d30-af8d-48f3-977a-4e24394e2e8c,2005,103862
Botryllus schlosseri,43.7137,-65.96947,58d5dd83-b5b3-4dc8-81c4-8b8a54d59b1a,2018,103862
Botryllus schlosseri,44.9716,-66.9527,58d5dd83-b5b3-4dc8-81c4-8b8a54d59b1a,2018,103862
Botryllus schlosseri,44.9283,-66.94,58d5dd83-b5b3-4dc8-81c4-8b8a54d59b1a,2018,103862
Botryllus schlosseri,42.5402984619,-70.8862991333,1618356f-0f62-4cbb-9252-005120e31fb0,2009,103862
Botryllus schlosseri,44.6609,-66.7566,58d5dd83-b5b3-4dc8-81c4-8b8a54d59b1a,2018,103862
Botryllus schlosseri,44.9716,-66.9527,58d5dd83-b5b3-4dc8-81c4-8b8a54d59b1a,2021,103862
Botryllus schlosseri,42.5276985168,-70.8663024902,1618356f-0f62-4cbb-9252-005120e31fb0,2009,103862
Botryllus schlosseri,43.1158981323,-70.8361968994,1618356f-0f62-4cbb-9252-005120e31fb0,2008,103862
Botryllus schlosseri,41.8087005615,-69.9529037476,b42bc9f6-efc5-4cfd-b6a8-3c97b0a1be46,2007,103862
Botryllus schlosseri,43.703996,-66.054709,58d5dd83-b5b3-4dc8-81c4-8b8a54d59b1a,2012,103862
Botryllus schlosseri,43.75,-69.97,1fcedb90-b2ea-4476-8faf-f2ff5964ac58,1973,103862
Botryllus schlosseri,42.3803787231,-71.0508346558,1618356f-0f62-4cbb-9252-005120e31fb0,2009,103862
Botryllus schlosseri,43.0580406189,-70.7277984619,4da23d30-af8d-48f3-977a-4e24394e2e8c,2007,103862
Botryllus schlosseri,43.7236,-65.84057,58d5dd83-b5b3-4dc8-81c4-8b8a54d59b1a,2013,103862
Botryllus schlosseri,43.6504020691,-70.2289657593,1618356f-0f62-4cbb-9252-005120e31fb0,2009,103862
Botryllus schlosseri,43.45813,-65.65458,58d5dd83-b5b3-4dc8-81c4-8b8a54d59b1a,2013,103862
Botryllus schlosseri,45.0561,-66.8638,58d5dd83-b5b3-4dc8-81c4-8b8a54d59b1a,2015,103862
Botryllus schlosseri,42.3712081909,-71.0595321655,4da23d30-af8d-48f3-977a-4e24394e2e8c,2000,103862
Botryllus schlosseri,43.1344985962,-70.6473999023,1618356f-0f62-4cbb-9252-005120e31fb0,2009,103862
Ascidiella aspersa,42.3432922363,-71.0349655151,1618356f-0f62-4cbb-9252-005120e31fb0,2009,103718
Ascidiella aspersa,42.3432922363,-71.0349655151,1618356f-0f62-4cbb-9252-005120e31fb0,2009,103718
Ascidiella aspersa,41.8348999023,-69.9726028442,b42bc9f6-efc5-4cfd-b6a8-3c97b0a1be46,2007,103718
Ascidiella aspersa,42.5463485718,-70.8554992676,b42bc9f6-efc5-4cfd-b6a8-3c97b0a1be46,2007,103718
Ascidiella aspersa,43.7236,-65.84057,58d5dd83-b5b3-4dc8-81c4-8b8a54d59b1a,2022,103718
Ascidiella aspersa,42.5211181641,-70.8809814453,b42bc9f6-efc5-4cfd-b6a8-3c97b0a1be46,2007,103718
Ascidiella aspersa,42.3432922363,-71.0349655151,1618356f-0f62-4cbb-9252-005120e31fb0,2009,103718
Ascidiella aspersa,43.81648,-66.14785,58d5dd83-b5b3-4dc8-81c4-8b8a54d59b1a,2023,103718
Ascidiella aspersa,42.3112983704,-71.0400390625,1618356f-0f62-4cbb-9252-005120e31fb0,2009,103718
Ascidiella aspersa,42.654800415,-70.675201416,1618356f-0f62-4cbb-9252-005120e31fb0,2009,103718
Ascidiella aspersa,42.613117218,-70.6524734497,1618356f-0f62-4cbb-9252-005120e31fb0,2009,103718
Ascidiella aspersa,42.5004005432,-70.8382034302,1618356f-0f62-4cbb-9252-005120e31fb0,2009,103718
Ascidiella aspersa,41.8348999023,-69.9726028442,b42bc9f6-efc5-4cfd-b6a8-3c97b0a1be46,2007,103718
Ascidiella aspersa,42.3712081909,-71.0595321655,4da23d30-af8d-48f3-977a-4e24394e2e8c,2000,103718
Ascidiella aspersa,42.5766983032,-70.7376022339,b42bc9f6-efc5-4cfd-b6a8-3c97b0a1be46,2007,103718
Ascidiella aspersa,42.5213317871,-70.8818206787,b42bc9f6-efc5-4cfd-b6a8-3c97b0a1be46,2007,103718
Ascidiella aspersa,42.5004005432,-70.8382034302,b42bc9f6-efc5-4cfd-b6a8-3c97b0a1be46,2007,103718
Ascidiella aspersa,42.5402984619,-70.8862991333,b42bc9f6-efc5-4cfd-b6a8-3c97b0a1be46,2007,103718
Ascidiella aspersa,42.3432502747,-71.0350036621,4da23d30-af8d-48f3-977a-4e24394e2e8c,2000,103718
Ascidiella aspersa,41.771068573,-70.5023727417,4da23d30-af8d-48f3-977a-4e24394e2e8c,2007,103718
Ascidiella aspersa,42.654800415,-70.675201416,1618356f-0f62-4cbb-9252-005120e31fb0,2009,103718
Ascidiella aspersa,41.8348999023,-69.9726028442,b42bc9f6-efc5-4cfd-b6a8-3c97b0a1be46,2007,103718
Ascidiella aspersa,42.357219696,-71.0497207642,4da23d30-af8d-48f3-977a-4e24394e2e8c,2003,103718
Ascidiella aspersa,42.357219696,-71.0497207642,4da23d30-af8d-48f3-977a-4e24394e2e8c,2003,103718
Ascidiella aspersa,42.3633995056,-71.0341033936,1618356f-0f62-4cbb-9252-005120e31fb0,2009,103718
Ascidiella aspersa,42.357219696,-71.0497207642,4da23d30-af8d-48f3-977a-4e24394e2e8c,2003,103718
Ascidiella aspersa,42.5213317871,-70.8818206787,b42bc9f6-efc5-4cfd-b6a8-3c97b0a1be46,2007,103718
Ascidiella aspersa,44.2649,-66.348,58d5dd83-b5b3-4dc8-81c4-8b8a54d59b1a,2021,103718
Ascidiella aspersa,41.8348999023,-69.9726028442,b42bc9f6-efc5-4cfd-b6a8-3c97b0a1be46,2007,103718
Ascidiella aspersa,43.6623001099,-70.2431411743,4da23d30-af8d-48f3-977a-4e24394e2e8c,2003,103718
Ascidiella aspersa,42.5211181641,-70.8809814453,b42bc9f6-efc5-4cfd-b6a8-3c97b0a1be46,2007,103718
Ascidiella aspersa,41.8348999023,-69.9726028442,b42bc9f6-efc5-4cfd-b6a8-3c97b0a1be46,2007,103718
Ascidiella aspersa,41.8348999023,-69.9726028442,b42bc9f6-efc5-4cfd-b6a8-3c97b0a1be46,2007,103718
Ascidiella aspersa,42.654800415,-70.675201416,1618356f-0f62-4cbb-9252-005120e31fb0,2009,103718
Ascidiella aspersa,42.357219696,-71.0497207642,4da23d30-af8d-48f3-977a-4e24394e2e8c,2003,103718
Ascidiella aspersa,42.5213012695,-70.8817977905,1618356f-0f62-4cbb-9252-005120e31fb0,2009,103718
Ascidiella aspersa,41.8087005615,-69.9529037476,b42bc9f6-efc5-4cfd-b6a8-3c97b0a1be46,2007,103718
Ascidiella aspersa,41.771068573,-70.5023727417,4da23d30-af8d-48f3-977a-4e24394e2e8c,2000,103718
Ascidiella aspersa,41.8348999023,-69.9726028442,b42bc9f6-efc5-4cfd-b6a8-3c97b0a1be46,2007,103718
Ascidiella aspersa,42.3712005615,-71.0596008301,1618356f-0f62-4cbb-9252-005120e31fb0,2009,103718
Ascidiella aspersa,42.5213317871,-70.8818206787,b42bc9f6-efc5-4cfd-b6a8-3c97b0a1be46,2007,103718
Ascidiella aspersa,42.3432922363,-71.0349655151,1618356f-0f62-4cbb-9252-005120e31fb0,2009,103718
Ascidiella aspersa,42.357219696,-71.0497207642,4da23d30-af8d-48f3-977a-4e24394e2e8c,2003,103718
Ascidiella aspersa,42.3112983704,-71.0400390625,1618356f-0f62-4cbb-9252-005120e31fb0,2009,103718
Ascidiella aspersa,42.5766983032,-70.7376022339,b42bc9f6-efc5-4cfd-b6a8-3c97b0a1be46,2007,103718
Ascidiella aspersa,41.8087005615,-69.9529037476,b42bc9f6-efc5-4cfd-b6a8-3c97b0a1be46,2007,103718
Ascidiella aspersa,41.8087005615,-69.9529037476,b42bc9f6-efc5-4cfd-b6a8-3c97b0a1be46,2007,103718
Ascidiella aspersa,41.8087005615,-69.9529037476,b42bc9f6-efc5-4cfd-b6a8-3c97b0a1be46,2007,103718
Ascidiella aspersa,45.0677,-67.0531,58d5dd83-b5b3-4dc8-81c4-8b8a54d59b1a,2021,103718
Ascidiella aspersa,42.5463485718,-70.8554992676,b42bc9f6-efc5-4cfd-b6a8-3c97b0a1be46,2007,103718
Ascidiella aspersa,43.6495780945,-70.2308807373,4da23d30-af8d-48f3-977a-4e24394e2e8c,2007,103718
Ascidiella aspersa,41.8087005615,-69.9529037476,b42bc9f6-efc5-4cfd-b6a8-3c97b0a1be46,2007,103718
Ascidiella aspersa,42.5402984619,-70.8862991333,b42bc9f6-efc5-4cfd-b6a8-3c97b0a1be46,2007,103718
Ascidiella aspersa,42.5004005432,-70.8382034302,b42bc9f6-efc5-4cfd-b6a8-3c97b0a1be46,2007,103718
Ascidiella aspersa,43.6793556213,-70.2527999878,4da23d30-af8d-48f3-977a-4e24394e2e8c,2007,103718
Ascidiella aspersa,41.8087005615,-69.9529037476,b42bc9f6-efc5-4cfd-b6a8-3c97b0a1be46,2007,103718
Ascidiella aspersa,41.8348999023,-69.9726028442,b42bc9f6-efc5-4cfd-b6a8-3c97b0a1be46,2007,103718
Ascidiella aspersa,42.3112983704,-71.0400390625,1618356f-0f62-4cbb-9252-005120e31fb0,2009,103718
Ascidiella aspersa,42.5402984619,-70.8805999756,4da23d30-af8d-48f3-977a-4e24394e2e8c,2000,103718
Ascidiella aspersa,42.357219696,-71.0497207642,4da23d30-af8d-48f3-977a-4e24394e2e8c,2007,103718
Ascidiella aspersa,41.8348999023,-69.9726028442,b42bc9f6-efc5-4cfd-b6a8-3c97b0a1be46,2007,103718
Ascidiella aspersa,41.8348999023,-69.9726028442,b42bc9f6-efc5-4cfd-b6a8-3c97b0a1be46,2007,103718
Ascidiella aspersa,42.5766983032,-70.7376022339,b42bc9f6-efc5-4cfd-b6a8-3c97b0a1be46,2007,103718
Ascidiella aspersa,44.63015,-65.75233,58d5dd83-b5b3-4dc8-81c4-8b8a54d59b1a,2012,103718
Ascidiella aspersa,42.5402984619,-70.8862991333,1618356f-0f62-4cbb-9252-005120e31fb0,2009,103718
Ascidiella aspersa,42.5402984619,-70.8862991333,b42bc9f6-efc5-4cfd-b6a8-3c97b0a1be46,2007,103718
Ascidiella aspersa,41.771068573,-70.5023727417,4da23d30-af8d-48f3-977a-4e24394e2e8c,2000,103718
Ascidiella aspersa,42.3633995056,-71.0341033936,1618356f-0f62-4cbb-9252-005120e31fb0,2009,103718
Ascidiella aspersa,42.3803787231,-71.0508346558,1618356f-0f62-4cbb-9252-005120e31fb0,2009,103718
Ascidiella aspersa,43.6623001099,-70.2431411743,4da23d30-af8d-48f3-977a-4e24394e2e8c,2003,103718
Ascidiella aspersa,42.5703315735,-70.7738037109,1618356f-0f62-4cbb-9252-005120e31fb0,2008,103718
Ascidiella aspersa,42.5213012695,-70.8817977905,1618356f-0f62-4cbb-9252-005120e31fb0,2009,103718
Ascidiella aspersa,42.5463485718,-70.8554992676,b42bc9f6-efc5-4cfd-b6a8-3c97b0a1be46,2007,103718
Ascidiella aspersa,42.5215988159,-70.881652832,4da23d30-af8d-48f3-977a-4e24394e2e8c,2003,103718
Ascidiella aspersa,42.3633995056,-71.0341033936,1618356f-0f62-4cbb-9252-005120e31fb0,2009,103718
Ascidiella aspersa,42.5211181641,-70.8809814453,b42bc9f6-efc5-4cfd-b6a8-3c97b0a1be46,2007,103718
Ascidiella aspersa,43.6495780945,-70.2308807373,4da23d30-af8d-48f3-977a-4e24394e2e8c,2003,103718
Ascidiella aspersa,42.5215988159,-70.881652832,4da23d30-af8d-48f3-977a-4e24394e2e8c,2007,103718
Ascidiella aspersa,42.5215988159,-70.881652832,4da23d30-af8d-48f3-977a-4e24394e2e8c,2003,103718
Ascidiella aspersa,41.8348999023,-69.9726028442,b42bc9f6-efc5-4cfd-b6a8-3c97b0a1be46,2007,103718
Ascidiella aspersa,42.3633995056,-71.0341033936,1618356f-0f62-4cbb-9252-005120e31fb0,2009,103718
Ascidiella aspersa,41.8087005615,-69.9529037476,b42bc9f6-efc5-4cfd-b6a8-3c97b0a1be46,2007,103718
Ascidiella aspersa,41.8087005615,-69.9529037476,b42bc9f6-efc5-4cfd-b6a8-3c97b0a1be46,2007,103718
Ascidiella aspersa,42.357219696,-71.0497207642,4da23d30-af8d-48f3-977a-4e24394e2e8c,2003,103718
Ascidiella aspersa,42.1949691772,-70.7227935791,1618356f-0f62-4cbb-9252-005120e31fb0,2008,103718
Ascidiella aspersa,42.5402984619,-70.8862991333,b42bc9f6-efc5-4cfd-b6a8-3c97b0a1be46,2007,103718
Ascidiella aspersa,44.879083,-66.966733,03a59000-2c24-439d-abae-050033362528,2018,103718
Ascidiella aspersa,42.5215988159,-70.881652832,4da23d30-af8d-48f3-977a-4e24394e2e8c,2003,103718
Ascidiella aspersa,44.9424,-66.8518,f0abfac5-114a-4e81-923f-ed08718cb5a7,2019,103718
Ascidiella aspersa,42.3712005615,-71.0596008301,1618356f-0f62-4cbb-9252-005120e31fb0,2009,103718
Ascidiella aspersa,41.8087005615,-69.9529037476,b42bc9f6-efc5-4cfd-b6a8-3c97b0a1be46,2007,103718
Ascidiella aspersa,42.5004005432,-70.8382034302,b42bc9f6-efc5-4cfd-b6a8-3c97b0a1be46,2007,103718
Ascidiella aspersa,41.8087005615,-69.9529037476,b42bc9f6-efc5-4cfd-b6a8-3c97b0a1be46,2007,103718
Ascidiella aspersa,42.5213317871,-70.8818206787,b42bc9f6-efc5-4cfd-b6a8-3c97b0a1be46,2007,103718
Ascidiella aspersa,41.8087005615,-69.9529037476,b42bc9f6-efc5-4cfd-b6a8-3c97b0a1be46,2007,103718
Ascidiella aspersa,44.878683,-66.968867,03a59000-2c24-439d-abae-050033362528,2018,103718
Ascidiella aspersa,42.5213317871,-70.8818206787,b42bc9f6-efc5-4cfd-b6a8-3c97b0a1be46,2007,103718
Ascidiella aspersa,41.8087005615,-69.9529037476,b42bc9f6-efc5-4cfd-b6a8-3c97b0a1be46,2007,103718
Ascidiella aspersa,41.8348999023,-69.9726028442,b42bc9f6-efc5-4cfd-b6a8-3c97b0a1be46,2007,103718
Ascidiella aspersa,42.5402984619,-70.8862991333,1618356f-0f62-4cbb-9252-005120e31fb0,2008,103718
Ascidiella aspersa,42.5215988159,-70.881652832,4da23d30-af8d-48f3-977a-4e24394e2e8c,2003,103718
Ascidiella aspersa,42.5213012695,-70.8817977905,1618356f-0f62-4cbb-9252-005120e31fb0,2008,103718
Ascidiella aspersa,44.878583,-66.9656,03a59000-2c24-439d-abae-050033362528,2018,103718
Ascidiella aspersa,42.5004005432,-70.8382034302,b42bc9f6-efc5-4cfd-b6a8-3c97b0a1be46,2007,103718
Ascidiella aspersa,42.5703315735,-70.7738037109,1618356f-0f62-4cbb-9252-005120e31fb0,2009,103718
Ascidiella aspersa,42.6142196655,-70.6508712769,4da23d30-af8d-48f3-977a-4e24394e2e8c,2000,103718
Ascidiella aspersa,42.5215988159,-70.881652832,4da23d30-af8d-48f3-977a-4e24394e2e8c,2003,103718
Ascidiella aspersa,41.8348999023,-69.9726028442,b42bc9f6-efc5-4cfd-b6a8-3c97b0a1be46,2007,103718
Ascidiella aspersa,41.8087005615,-69.9529037476,b42bc9f6-efc5-4cfd-b6a8-3c97b0a1be46,2007,103718
Ascidiella aspersa,42.6104011536,-70.6588897705,4da23d30-af8d-48f3-977a-4e24394e2e8c,2007,103718
Ascidiella aspersa,41.8348999023,-69.9726028442,b42bc9f6-efc5-4cfd-b6a8-3c97b0a1be46,2007,103718
Ascidiella aspersa,41.8348999023,-69.9726028442,b42bc9f6-efc5-4cfd-b6a8-3c97b0a1be46,2007,103718
Ascidiella aspersa,41.8087005615,-69.9529037476,b42bc9f6-efc5-4cfd-b6a8-3c97b0a1be46,2007,103718
Ascidiella aspersa,42.5402984619,-70.8805999756,4da23d30-af8d-48f3-977a-4e24394e2e8c,2000,103718
Ascidiella aspersa,42.5213317871,-70.8818206787,b42bc9f6-efc5-4cfd-b6a8-3c97b0a1be46,2007,103718
Ascidiella aspersa,42.613117218,-70.6524734497,1618356f-0f62-4cbb-9252-005120e31fb0,2009,103718
Ascidiella aspersa,42.8997383118,-70.8179702759,4da23d30-af8d-48f3-977a-4e24394e2e8c,2007,103718
Ascidiella aspersa,41.8348999023,-69.9726028442,b42bc9f6-efc5-4cfd-b6a8-3c97b0a1be46,2007,103718
Ascidiella aspersa,42.357219696,-71.0497207642,4da23d30-af8d-48f3-977a-4e24394e2e8c,2000,103718
Ascidiella aspersa,41.8348999023,-69.9726028442,b42bc9f6-efc5-4cfd-b6a8-3c97b0a1be46,2007,103718
Ascidiella aspersa,41.7958984375,-69.9468994141,b42bc9f6-efc5-4cfd-b6a8-3c97b0a1be46,2007,103718
Ascidiella aspersa,42.3432922363,-71.0349655151,1618356f-0f62-4cbb-9252-005120e31fb0,2009,103718
Ascidiella aspersa,43.81648,-66.14785,58d5dd83-b5b3-4dc8-81c4-8b8a54d59b1a,2022,103718
Ascidiella aspersa,42.3112983704,-71.0400390625,1618356f-0f62-4cbb-9252-005120e31fb0,2009,103718
Ascidiella aspersa,42.3712005615,-71.0596008301,1618356f-0f62-4cbb-9252-005120e31fb0,2009,103718
Ascidiella aspersa,42.5703315735,-70.7738037109,1618356f-0f62-4cbb-9252-005120e31fb0,2009,103718
Ascidiella aspersa,42.3472213745,-70.9599990845,4da23d30-af8d-48f3-977a-4e24394e2e8c,2000,103718
Ascidiella aspersa,42.5215988159,-70.881652832,4da23d30-af8d-48f3-977a-4e24394e2e8c,2000,103718
Ascidiella aspersa,42.5276985168,-70.8663024902,1618356f-0f62-4cbb-9252-005120e31fb0,2008,103718
Ascidiella aspersa,42.61302948,-70.6807174683,4da23d30-af8d-48f3-977a-4e24394e2e8c,2000,103718
Ascidiella aspersa,42.3432922363,-71.0349655151,1618356f-0f62-4cbb-9252-005120e31fb0,2009,103718
Ascidiella aspersa,42.5703315735,-70.7738037109,1618356f-0f62-4cbb-9252-005120e31fb0,2008,103718
Ascidiella aspersa,42.5402984619,-70.8805999756,4da23d30-af8d-48f3-977a-4e24394e2e8c,2000,103718
Ascidiella aspersa,41.8348999023,-69.9726028442,b42bc9f6-efc5-4cfd-b6a8-3c97b0a1be46,2007,103718
Ascidiella aspersa,41.8348999023,-69.9726028442,b42bc9f6-efc5-4cfd-b6a8-3c97b0a1be46,2007,103718
Ascidiella aspersa,41.8348999023,-69.9726028442,b42bc9f6-efc5-4cfd-b6a8-3c97b0a1be46,2007,103718
Ascidiella aspersa,41.8348999023,-69.9726028442,b42bc9f6-efc5-4cfd-b6a8-3c97b0a1be46,2007,103718
Ascidiella aspersa,42.5766983032,-70.7376022339,b42bc9f6-efc5-4cfd-b6a8-3c97b0a1be46,2007,103718
Ascidiella aspersa,42.613117218,-70.6524734497,1618356f-0f62-4cbb-9252-005120e31fb0,2009,103718
Ascidiella aspersa,41.8087005615,-69.9529037476,b42bc9f6-efc5-4cfd-b6a8-3c97b0a1be46,2007,103718
Ascidiella aspersa,42.1949691772,-70.7227935791,1618356f-0f62-4cbb-9252-005120e31fb0,2008,103718
Ascidiella aspersa,42.613117218,-70.6524734497,1618356f-0f62-4cbb-9252-005120e31fb0,2009,103718
Ascidiella aspersa,42.3432922363,-71.0349655151,1618356f-0f62-4cbb-9252-005120e31fb0,2009,103718
Ascidiella aspersa,43.6495780945,-70.2308807373,4da23d30-af8d-48f3-977a-4e24394e2e8c,2003,103718
Ascidiella aspersa,42.5463485718,-70.8554992676,b42bc9f6-efc5-4cfd-b6a8-3c97b0a1be46,2007,103718
Ascidiella aspersa,41.8348999023,-69.9726028442,b42bc9f6-efc5-4cfd-b6a8-3c97b0a1be46,2007,103718
Ascidiella aspersa,42.5211181641,-70.8809814453,b42bc9f6-efc5-4cfd-b6a8-3c97b0a1be46,2007,103718
Ascidiella aspersa,41.8348999023,-69.9726028442,b42bc9f6-efc5-4cfd-b6a8-3c97b0a1be46,2007,103718
Ascidiella aspersa,45.081717,-67.096533,f0abfac5-114a-4e81-923f-ed08718cb5a7,2019,103718
Ascidiella aspersa,44.9716,-66.9527,58d5dd83-b5b3-4dc8-81c4-8b8a54d59b1a,2022,103718
Ascidiella aspersa,42.3633995056,-71.0341033936,1618356f-0f62-4cbb-9252-005120e31fb0,2009,103718
Ascidiella aspersa,43.6495780945,-70.2308807373,4da23d30-af8d-48f3-977a-4e24394e2e8c,2007,103718
Ascidiella aspersa,42.5213012695,-70.8817977905,1618356f-0f62-4cbb-9252-005120e31fb0,2008,103718
Ascidiella aspersa,43.6495780945,-70.2308807373,4da23d30-af8d-48f3-977a-4e24394e2e8c,2003,103718
Ascidiella aspersa,42.5213317871,-70.8818206787,b42bc9f6-efc5-4cfd-b6a8-3c97b0a1be46,2007,103718
Ascidiella aspersa,42.3712005615,-71.0596008301,1618356f-0f62-4cbb-9252-005120e31fb0,2009,103718
Ascidiella aspersa,42.5213012695,-70.8817977905,1618356f-0f62-4cbb-9252-005120e31fb0,2009,103718
Ascidiella aspersa,41.8348999023,-69.9726028442,b42bc9f6-efc5-4cfd-b6a8-3c97b0a1be46,2007,103718
Ascidiella aspersa,42.5213317871,-70.8818206787,b42bc9f6-efc5-4cfd-b6a8-3c97b0a1be46,2007,103718
Ascidiella aspersa,44.9716,-66.9527,58d5dd83-b5b3-4dc8-81c4-8b8a54d59b1a,2021,103718
