scientificName,decimalLatitude,decimalLongitude,dataset_id,date,aphiaID
Obelia bidentata,41.2116508484,-73.0508270264,4da23d30-af8d-48f3-977a-4e24394e2e8c,2003,117385
Obelia bidentata,41.6213111877,-71.4113235474,4da23d30-af8d-48f3-977a-4e24394e2e8c,2000,117385
Obelia bidentata,41.7519989014,-71.3539962769,4da23d30-af8d-48f3-977a-4e24394e2e8c,2000,117385
Obelia bidentata,41.7764587402,-71.3893127441,4da23d30-af8d-48f3-977a-4e24394e2e8c,2000,117385
Obelia bidentata,41.5788002014,-71.3202514648,4da23d30-af8d-48f3-977a-4e24394e2e8c,2000,117385
Obelia bidentata,41.5136184692,-71.0769271851,4da23d30-af8d-48f3-977a-4e24394e2e8c,2000,117385
Obelia bidentata,41.09694,-72.87966,1503ae13-246a-4e1a-9255-30331c8f6a2c,1933,117385
Obelia bidentata,41.7764587402,-71.3893127441,4da23d30-af8d-48f3-977a-4e24394e2e8c,2000,117385
Obelia bidentata,41.5055007935,-71.3253479004,4da23d30-af8d-48f3-977a-4e24394e2e8c,2000,117385
Obelia bidentata,40.6455001831,-74.1016464233,4da23d30-af8d-48f3-977a-4e24394e2e8c,2003,117385
Obelia bidentata,41.6868782043,-71.3929977417,4da23d30-af8d-48f3-977a-4e24394e2e8c,2000,117385
Obelia bidentata,41.7061195374,-71.1632537842,4da23d30-af8d-48f3-977a-4e24394e2e8c,2000,117385
Obelia bidentata,40.0499992371,-70.5166702271,89e23fc8-3f61-4480-9de3-358fe6eefe0b,1881,117385
Obelia bidentata,41.09694,-72.87966,1503ae13-246a-4e1a-9255-30331c8f6a2c,1933,117385
Obelia bidentata,41.6824798584,-71.3011703491,4da23d30-af8d-48f3-977a-4e24394e2e8c,2000,117385
Obelia bidentata,40.063331604,-70.7649993896,89e23fc8-3f61-4480-9de3-358fe6eefe0b,1881,117385
Obelia bidentata,41.5686988831,-71.4484481812,4da23d30-af8d-48f3-977a-4e24394e2e8c,2000,117385
Obelia bidentata,41.0328483582,-73.5344772339,4da23d30-af8d-48f3-977a-4e24394e2e8c,2003,117385
Obelia dichotoma,39.6749992371,-71.516998291,89e23fc8-3f61-4480-9de3-358fe6eefe0b,1881,117386
Obelia dichotoma,41.7385787964,-70.6262283325,4da23d30-af8d-48f3-977a-4e24394e2e8c,2003,117386
Obelia dichotoma,41.3466796875,-71.967956543,4da23d30-af8d-48f3-977a-4e24394e2e8c,2003,117386
Obelia dichotoma,40.063331604,-70.7649993896,89e23fc8-3f61-4480-9de3-358fe6eefe0b,1881,117386
Obelia dichotoma,41.2116508484,-73.0508270264,4da23d30-af8d-48f3-977a-4e24394e2e8c,2003,117386
Obelia dichotoma,41.1122817993,-72.3581085205,4da23d30-af8d-48f3-977a-4e24394e2e8c,2003,117386
Obelia dichotoma,41.3800010681,-70.8099975586,5ad6c4ff-fb89-4edf-b7b0-212671fb27cf,1905,117386
Obelia dichotoma,36.9516716003,-75.9988937378,89e23fc8-3f61-4480-9de3-358fe6eefe0b,1916,117386
Obelia dichotoma,40.1716690063,-67.6230621338,89e23fc8-3f61-4480-9de3-358fe6eefe0b,1986,117386
Obelia dichotoma,41.8171081543,-71.3882369995,4da23d30-af8d-48f3-977a-4e24394e2e8c,2000,117386
Obelia dichotoma,41.7385787964,-70.6262283325,4da23d30-af8d-48f3-977a-4e24394e2e8c,2007,117386
Obelia dichotoma,40.9426803589,-72.5702285767,4da23d30-af8d-48f3-977a-4e24394e2e8c,2003,117386
Obelia dichotoma,41.0666694641,-70.9916687012,89e23fc8-3f61-4480-9de3-358fe6eefe0b,1887,117386
Obelia dichotoma,40.6766700745,-67.7683334351,89e23fc8-3f61-4480-9de3-358fe6eefe0b,1982,117386
Obelia dichotoma,40.8450012207,-68.003326416,89e23fc8-3f61-4480-9de3-358fe6eefe0b,1982,117386
Obelia dichotoma,41.7764587402,-71.3893127441,4da23d30-af8d-48f3-977a-4e24394e2e8c,2000,117386
Obelia dichotoma,41.5256690979,-70.6712722778,4da23d30-af8d-48f3-977a-4e24394e2e8c,2007,117386
Obelia dichotoma,41.3800010681,-70.8099975586,5ad6c4ff-fb89-4edf-b7b0-212671fb27cf,1905,117386
Obelia dichotoma,40.65832901,-67.8166732788,89e23fc8-3f61-4480-9de3-358fe6eefe0b,1982,117386
Obelia dichotoma,41.4900817871,-71.3232269287,4da23d30-af8d-48f3-977a-4e24394e2e8c,2003,117386
Obelia dichotoma,41.3800010681,-70.8399963379,5ad6c4ff-fb89-4edf-b7b0-212671fb27cf,1905,117386
Obelia dichotoma,40.5133285522,-68.561668396,89e23fc8-3f61-4480-9de3-358fe6eefe0b,1982,117386
Obelia dichotoma,41.8171081543,-71.3882369995,4da23d30-af8d-48f3-977a-4e24394e2e8c,2000,117386
Obelia dichotoma,41.5224685669,-70.6672668457,4da23d30-af8d-48f3-977a-4e24394e2e8c,2000,117386
Obelia dichotoma,40.3699989319,-68.503326416,89e23fc8-3f61-4480-9de3-358fe6eefe0b,1982,117386
Obelia dichotoma,40.9426803589,-72.5702285767,4da23d30-af8d-48f3-977a-4e24394e2e8c,2003,117386
Obelia dichotoma,40.65832901,-67.8399963379,89e23fc8-3f61-4480-9de3-358fe6eefe0b,1982,117386
Obelia dichotoma,41.5430603027,-70.9122161865,89e23fc8-3f61-4480-9de3-358fe6eefe0b,1875,117386
Obelia dichotoma,39.6749992371,-71.516998291,89e23fc8-3f61-4480-9de3-358fe6eefe0b,1881,117386
Obelia dichotoma,40.4916687012,-70.2099990845,89e23fc8-3f61-4480-9de3-358fe6eefe0b,1983,117386
Obelia dichotoma,41.3466796875,-71.967956543,4da23d30-af8d-48f3-977a-4e24394e2e8c,2003,117386
Obelia dichotoma,36.9516716003,-75.9988937378,89e23fc8-3f61-4480-9de3-358fe6eefe0b,1916,117386
Obelia dichotoma,40.6599998474,-67.7933273315,89e23fc8-3f61-4480-9de3-358fe6eefe0b,1982,117386
Obelia dichotoma,40.65832901,-67.6983337402,89e23fc8-3f61-4480-9de3-358fe6eefe0b,1982,117386
Obelia dichotoma,40.8450012207,-68.003326416,89e23fc8-3f61-4480-9de3-358fe6eefe0b,1983,117386
Obelia dichotoma,41.7764587402,-71.3893127441,4da23d30-af8d-48f3-977a-4e24394e2e8c,2000,117386
Obelia dichotoma,36.9516716003,-75.9988937378,89e23fc8-3f61-4480-9de3-358fe6eefe0b,1916,117386
Obelia dichotoma,41.6824798584,-71.3011703491,4da23d30-af8d-48f3-977a-4e24394e2e8c,2000,117386
Obelia dichotoma,41.6213111877,-71.4113235474,4da23d30-af8d-48f3-977a-4e24394e2e8c,2003,117386
Obelia dichotoma,40.3699989319,-68.503326416,89e23fc8-3f61-4480-9de3-358fe6eefe0b,1982,117386
Obelia dichotoma,40.8450012207,-68.003326416,89e23fc8-3f61-4480-9de3-358fe6eefe0b,1982,117386
Obelia dichotoma,40.65832901,-67.8399963379,89e23fc8-3f61-4480-9de3-358fe6eefe0b,1982,117386
Obelia dichotoma,41.5224685669,-70.6672668457,4da23d30-af8d-48f3-977a-4e24394e2e8c,2007,117386
Obelia dichotoma,41.5136184692,-71.0769271851,4da23d30-af8d-48f3-977a-4e24394e2e8c,2003,117386
Obelia dichotoma,40.0847206116,-67.4861068726,89e23fc8-3f61-4480-9de3-358fe6eefe0b,1985,117386
Obelia dichotoma,41.3899993896,-70.7699966431,5ad6c4ff-fb89-4edf-b7b0-212671fb27cf,1905,117386
Obelia dichotoma,40.6683311462,-67.7683334351,89e23fc8-3f61-4480-9de3-358fe6eefe0b,1982,117386
Obelia dichotoma,41.6213111877,-71.4113235474,4da23d30-af8d-48f3-977a-4e24394e2e8c,2003,117386
Obelia dichotoma,41.5055007935,-71.3253479004,4da23d30-af8d-48f3-977a-4e24394e2e8c,2000,117386
Obelia dichotoma,41.5136184692,-71.0769271851,4da23d30-af8d-48f3-977a-4e24394e2e8c,2003,117386
Obelia dichotoma,41.6213111877,-71.4113235474,4da23d30-af8d-48f3-977a-4e24394e2e8c,2000,117386
Obelia dichotoma,41.09694,-72.87966,1503ae13-246a-4e1a-9255-30331c8f6a2c,1933,117386
Obelia dichotoma,41.09694,-72.87966,1503ae13-246a-4e1a-9255-30331c8f6a2c,1933,117386
Obelia dichotoma,41.09694,-72.87966,1503ae13-246a-4e1a-9255-30331c8f6a2c,1933,117386
Obelia dichotoma,41.6213111877,-71.4113235474,4da23d30-af8d-48f3-977a-4e24394e2e8c,2003,117386
Obelia dichotoma,41.3899993896,-70.7699966431,5ad6c4ff-fb89-4edf-b7b0-212671fb27cf,1905,117386
Obelia dichotoma,41.5224685669,-70.6672668457,4da23d30-af8d-48f3-977a-4e24394e2e8c,2000,117386
Obelia dichotoma,41.4900817871,-71.3232269287,4da23d30-af8d-48f3-977a-4e24394e2e8c,2003,117386
Obelia dichotoma,37.863609314,-73.3319396973,89e23fc8-3f61-4480-9de3-358fe6eefe0b,1984,117386
Obelia dichotoma,41.3800010681,-70.8399963379,5ad6c4ff-fb89-4edf-b7b0-212671fb27cf,1905,117386
Obelia dichotoma,40.65832901,-67.8166732788,89e23fc8-3f61-4480-9de3-358fe6eefe0b,1981,117386
Harmothoe imbricata,41.4099998474,-70.9000015259,5ad6c4ff-fb89-4edf-b7b0-212671fb27cf,1905,130769
Harmothoe imbricata,41.4900016785,-70.6299972534,5ad6c4ff-fb89-4edf-b7b0-212671fb27cf,1905,130769
Harmothoe imbricata,41.4900016785,-70.7099990845,5ad6c4ff-fb89-4edf-b7b0-212671fb27cf,1904,130769
Harmothoe imbricata,41.4700012207,-70.7099990845,5ad6c4ff-fb89-4edf-b7b0-212671fb27cf,1904,130769
Harmothoe imbricata,41.4500007629,-70.7799987793,5ad6c4ff-fb89-4edf-b7b0-212671fb27cf,1904,130769
Harmothoe imbricata,41.4599990845,-70.75,5ad6c4ff-fb89-4edf-b7b0-212671fb27cf,1904,130769
Harmothoe imbricata,41.5699996948,-70.6500015259,5ad6c4ff-fb89-4edf-b7b0-212671fb27cf,1904,130769
Harmothoe imbricata,41.4799995422,-70.6200027466,5ad6c4ff-fb89-4edf-b7b0-212671fb27cf,1903,130769
Harmothoe imbricata,40.4799995422,-74.0299987793,41a50544-957c-4193-8bbf-25a25f749e85,2002,130769
Harmothoe imbricata,41.4399986267,-70.7099990845,5ad6c4ff-fb89-4edf-b7b0-212671fb27cf,1905,130769
Harmothoe imbricata,39.3330001831,-72.9670028687,e7c86904-aac7-4a17-a895-99a54c430d80,1981,130769
Harmothoe imbricata,41.266998291,-72.0500030518,e7c86904-aac7-4a17-a895-99a54c430d80,1974,130769
Harmothoe imbricata,41.4700012207,-70.6399993896,5ad6c4ff-fb89-4edf-b7b0-212671fb27cf,1903,130769
Harmothoe imbricata,41.4799995422,-70.6600036621,5ad6c4ff-fb89-4edf-b7b0-212671fb27cf,1905,130769
Harmothoe imbricata,40.6599998474,-74.0299987793,41a50544-957c-4193-8bbf-25a25f749e85,2002,130769
Harmothoe imbricata,41.5,-70.6699981689,5ad6c4ff-fb89-4edf-b7b0-212671fb27cf,1904,130769
Harmothoe imbricata,40.5,-74.1500015259,41a50544-957c-4193-8bbf-25a25f749e85,1998,130769
Harmothoe imbricata,41.3899993896,-70.7900009155,5ad6c4ff-fb89-4edf-b7b0-212671fb27cf,1905,130769
Harmothoe imbricata,41.5999984741,-70.6500015259,5ad6c4ff-fb89-4edf-b7b0-212671fb27cf,1905,130769
Harmothoe imbricata,41.5,-70.6699981689,5ad6c4ff-fb89-4edf-b7b0-212671fb27cf,1904,130769
Harmothoe imbricata,40.4500007629,-73.7829971313,e7c86904-aac7-4a17-a895-99a54c430d80,1973,130769
Harmothoe imbricata,41.3499984741,-70.8399963379,5ad6c4ff-fb89-4edf-b7b0-212671fb27cf,1904,130769
Harmothoe imbricata,41.266998291,-72.0999984741,e7c86904-aac7-4a17-a895-99a54c430d80,1974,130769
Harmothoe imbricata,41.25,-72.0830001831,e7c86904-aac7-4a17-a895-99a54c430d80,1974,130769
Harmothoe imbricata,41.5800018311,-70.6399993896,5ad6c4ff-fb89-4edf-b7b0-212671fb27cf,1905,130769
Harmothoe imbricata,41.5,-70.5800018311,5ad6c4ff-fb89-4edf-b7b0-212671fb27cf,1905,130769
Harmothoe imbricata,41.3800010681,-70.7799987793,5ad6c4ff-fb89-4edf-b7b0-212671fb27cf,1905,130769
Harmothoe imbricata,41.3699989319,-70.8300018311,5ad6c4ff-fb89-4edf-b7b0-212671fb27cf,1905,130769
Harmothoe imbricata,40.4575,-74.03445,43b58971-4fda-4210-a6ef-654fe0ce226d,1991,130769
Harmothoe imbricata,41.4500007629,-70.9199981689,5ad6c4ff-fb89-4edf-b7b0-212671fb27cf,1904,130769
Harmothoe imbricata,40.3670005798,-73.8000030518,e7c86904-aac7-4a17-a895-99a54c430d80,1973,130769
Harmothoe imbricata,41.4599990845,-70.75,5ad6c4ff-fb89-4edf-b7b0-212671fb27cf,1904,130769
Harmothoe imbricata,41.5,-70.6399993896,5ad6c4ff-fb89-4edf-b7b0-212671fb27cf,1904,130769
Harmothoe imbricata,41.4900016785,-70.6900024414,5ad6c4ff-fb89-4edf-b7b0-212671fb27cf,1904,130769
Harmothoe imbricata,41.4900016785,-70.6699981689,5ad6c4ff-fb89-4edf-b7b0-212671fb27cf,1903,130769
Harmothoe imbricata,41.4500007629,-70.7099990845,5ad6c4ff-fb89-4edf-b7b0-212671fb27cf,1905,130769
Harmothoe imbricata,41.4700012207,-70.8399963379,5ad6c4ff-fb89-4edf-b7b0-212671fb27cf,1904,130769
Harmothoe imbricata,41.4700012207,-70.6699981689,5ad6c4ff-fb89-4edf-b7b0-212671fb27cf,1903,130769
Harmothoe imbricata,41.5999984741,-70.6500015259,5ad6c4ff-fb89-4edf-b7b0-212671fb27cf,1905,130769
Harmothoe imbricata,41.3499984741,-70.8399963379,5ad6c4ff-fb89-4edf-b7b0-212671fb27cf,1904,130769
Harmothoe imbricata,40.5800018311,-73.8600006104,41a50544-957c-4193-8bbf-25a25f749e85,1993,130769
Harmothoe imbricata,41.6800003052,-70.6600036621,5ad6c4ff-fb89-4edf-b7b0-212671fb27cf,1905,130769
Harmothoe imbricata,40.4169998169,-73.7829971313,e7c86904-aac7-4a17-a895-99a54c430d80,1971,130769
Harmothoe imbricata,41.4799995422,-70.6200027466,5ad6c4ff-fb89-4edf-b7b0-212671fb27cf,1904,130769
Harmothoe imbricata,41.5299987793,-70.6100006104,5ad6c4ff-fb89-4edf-b7b0-212671fb27cf,1905,130769
Harmothoe imbricata,41.6800003052,-70.6600036621,5ad6c4ff-fb89-4edf-b7b0-212671fb27cf,1905,130769
Harmothoe imbricata,41.4599990845,-71.0199966431,5ad6c4ff-fb89-4edf-b7b0-212671fb27cf,1904,130769
Harmothoe imbricata,41.4799995422,-70.7300033569,5ad6c4ff-fb89-4edf-b7b0-212671fb27cf,1904,130769
Harmothoe imbricata,41.4300003052,-70.7699966431,5ad6c4ff-fb89-4edf-b7b0-212671fb27cf,1905,130769
Harmothoe imbricata,41.216999054,-71.8499984741,e7c86904-aac7-4a17-a895-99a54c430d80,1980,130769
Harmothoe imbricata,41.4900016785,-70.6999969482,5ad6c4ff-fb89-4edf-b7b0-212671fb27cf,1904,130769
Harmothoe imbricata,41.4799995422,-70.6500015259,5ad6c4ff-fb89-4edf-b7b0-212671fb27cf,1904,130769
Harmothoe imbricata,41.8400001526,-71.3700027466,41a50544-957c-4193-8bbf-25a25f749e85,2001,130769
Harmothoe imbricata,41.266998291,-72.0999984741,e7c86904-aac7-4a17-a895-99a54c430d80,1974,130769
Harmothoe imbricata,41.4700012207,-70.6100006104,5ad6c4ff-fb89-4edf-b7b0-212671fb27cf,1904,130769
Harmothoe imbricata,40.6100006104,-73.8799972534,41a50544-957c-4193-8bbf-25a25f749e85,1993,130769
Harmothoe imbricata,41.3800010681,-70.8099975586,5ad6c4ff-fb89-4edf-b7b0-212671fb27cf,1903,130769
Harmothoe imbricata,41.4700012207,-70.5699996948,5ad6c4ff-fb89-4edf-b7b0-212671fb27cf,1905,130769
Harmothoe imbricata,41.4500007629,-70.8000030518,5ad6c4ff-fb89-4edf-b7b0-212671fb27cf,1904,130769
Harmothoe imbricata,40.46833,-74.22334,43b58971-4fda-4210-a6ef-654fe0ce226d,1991,130769
Harmothoe imbricata,40.4000015259,-73.8170013428,e7c86904-aac7-4a17-a895-99a54c430d80,1973,130769
Harmothoe imbricata,41.4099998474,-70.8199996948,5ad6c4ff-fb89-4edf-b7b0-212671fb27cf,1905,130769
Harmothoe imbricata,40.6829986572,-71.3669967651,e7c86904-aac7-4a17-a895-99a54c430d80,1978,130769
Harmothoe imbricata,41.6500015259,-70.6500015259,5ad6c4ff-fb89-4edf-b7b0-212671fb27cf,1905,130769
Harmothoe imbricata,40.5,-70.1999969482,e7c86904-aac7-4a17-a895-99a54c430d80,1984,130769
Harmothoe imbricata,41.4500007629,-70.8199996948,5ad6c4ff-fb89-4edf-b7b0-212671fb27cf,1905,130769
Harmothoe imbricata,41.3699989319,-70.8499984741,5ad6c4ff-fb89-4edf-b7b0-212671fb27cf,1903,130769
Harmothoe imbricata,41.4900016785,-70.6999969482,5ad6c4ff-fb89-4edf-b7b0-212671fb27cf,1903,130769
Harmothoe imbricata,41.4700012207,-70.7099990845,5ad6c4ff-fb89-4edf-b7b0-212671fb27cf,1904,130769
Harmothoe imbricata,41.4099998474,-70.8399963379,5ad6c4ff-fb89-4edf-b7b0-212671fb27cf,1905,130769
Harmothoe imbricata,41.4500007629,-70.8399963379,5ad6c4ff-fb89-4edf-b7b0-212671fb27cf,1905,130769
Harmothoe imbricata,41.266998291,-71.75,e7c86904-aac7-4a17-a895-99a54c430d80,1976,130769
Harmothoe imbricata,38.691598,-74.941145,43b58971-4fda-4210-a6ef-654fe0ce226d,2006,130769
Harmothoe imbricata,41.4099998474,-70.7399978638,5ad6c4ff-fb89-4edf-b7b0-212671fb27cf,1903,130769
Harmothoe imbricata,40.483001709,-70.1999969482,e7c86904-aac7-4a17-a895-99a54c430d80,1982,130769
Harmothoe imbricata,41.5400009155,-70.6600036621,5ad6c4ff-fb89-4edf-b7b0-212671fb27cf,1905,130769
Harmothoe imbricata,41.4099998474,-70.9199981689,5ad6c4ff-fb89-4edf-b7b0-212671fb27cf,1904,130769
Harmothoe imbricata,40.5699996948,-73.8700027466,41a50544-957c-4193-8bbf-25a25f749e85,1998,130769
Harmothoe imbricata,41.5299987793,-70.6100006104,5ad6c4ff-fb89-4edf-b7b0-212671fb27cf,1905,130769
Harmothoe imbricata,41.3499984741,-70.8399963379,5ad6c4ff-fb89-4edf-b7b0-212671fb27cf,1904,130769
Harmothoe imbricata,41.4399986267,-70.7099990845,5ad6c4ff-fb89-4edf-b7b0-212671fb27cf,1905,130769
Harmothoe imbricata,41.4700012207,-70.6299972534,5ad6c4ff-fb89-4edf-b7b0-212671fb27cf,1905,130769
Harmothoe imbricata,40.466999054,-73.9670028687,e7c86904-aac7-4a17-a895-99a54c430d80,1973,130769
Harmothoe imbricata,41.4000015259,-70.8000030518,5ad6c4ff-fb89-4edf-b7b0-212671fb27cf,1905,130769
Harmothoe imbricata,41.3899993896,-70.8499984741,5ad6c4ff-fb89-4edf-b7b0-212671fb27cf,1905,130769
Harmothoe imbricata,41.4700012207,-70.7799987793,5ad6c4ff-fb89-4edf-b7b0-212671fb27cf,1905,130769
Harmothoe imbricata,41.5099983215,-70.6699981689,5ad6c4ff-fb89-4edf-b7b0-212671fb27cf,1904,130769
Harmothoe imbricata,41.4700012207,-70.8399963379,5ad6c4ff-fb89-4edf-b7b0-212671fb27cf,1904,130769
Harmothoe imbricata,41.3800010681,-70.8099975586,5ad6c4ff-fb89-4edf-b7b0-212671fb27cf,1903,130769
Harmothoe imbricata,41.4300003052,-70.7699966431,5ad6c4ff-fb89-4edf-b7b0-212671fb27cf,1904,130769
Harmothoe imbricata,41.4199981689,-70.6999969482,5ad6c4ff-fb89-4edf-b7b0-212671fb27cf,1904,130769
Harmothoe imbricata,41.4199981689,-70.75,5ad6c4ff-fb89-4edf-b7b0-212671fb27cf,1904,130769
Harmothoe imbricata,41.216999054,-71.8499984741,e7c86904-aac7-4a17-a895-99a54c430d80,1980,130769
Harmothoe imbricata,40.788315,-70.616883,43b58971-4fda-4210-a6ef-654fe0ce226d,2006,130769
Harmothoe imbricata,41.5,-71.4000015259,41a50544-957c-4193-8bbf-25a25f749e85,2000,130769
Harmothoe imbricata,40.466999054,-73.766998291,e7c86904-aac7-4a17-a895-99a54c430d80,1973,130769
Harmothoe imbricata,40.6800003052,-74.0400009155,41a50544-957c-4193-8bbf-25a25f749e85,1994,130769
Harmothoe imbricata,40.5,-70.1999969482,e7c86904-aac7-4a17-a895-99a54c430d80,1980,130769
Harmothoe imbricata,41.4000015259,-70.9599990845,5ad6c4ff-fb89-4edf-b7b0-212671fb27cf,1905,130769
Harmothoe imbricata,41.3800010681,-70.8099975586,5ad6c4ff-fb89-4edf-b7b0-212671fb27cf,1905,130769
Harmothoe imbricata,41.5200004578,-70.6900024414,5ad6c4ff-fb89-4edf-b7b0-212671fb27cf,1905,130769
Harmothoe imbricata,41.4199981689,-70.7200012207,5ad6c4ff-fb89-4edf-b7b0-212671fb27cf,1903,130769
Harmothoe imbricata,41.25,-72.0500030518,e7c86904-aac7-4a17-a895-99a54c430d80,1975,130769
Harmothoe imbricata,41.4900016785,-70.5899963379,5ad6c4ff-fb89-4edf-b7b0-212671fb27cf,1905,130769
Harmothoe imbricata,41.4900016785,-70.6999969482,5ad6c4ff-fb89-4edf-b7b0-212671fb27cf,1904,130769
Harmothoe imbricata,40.6455001831,-74.1016464233,4da23d30-af8d-48f3-977a-4e24394e2e8c,2003,130769
Harmothoe imbricata,41.4700012207,-70.6399993896,5ad6c4ff-fb89-4edf-b7b0-212671fb27cf,1903,130769
Harmothoe imbricata,41.4500007629,-70.9100036621,5ad6c4ff-fb89-4edf-b7b0-212671fb27cf,1905,130769
Harmothoe imbricata,41.4599990845,-70.6600036621,5ad6c4ff-fb89-4edf-b7b0-212671fb27cf,1904,130769
Harmothoe imbricata,40.4199981689,-74.0100021362,41a50544-957c-4193-8bbf-25a25f749e85,1998,130769
Harmothoe imbricata,40.5800018311,-73.8399963379,41a50544-957c-4193-8bbf-25a25f749e85,1998,130769
Harmothoe imbricata,41.1199989319,-72.2699966431,41a50544-957c-4193-8bbf-25a25f749e85,2002,130769
Harmothoe imbricata,41.6899986267,-70.6699981689,5ad6c4ff-fb89-4edf-b7b0-212671fb27cf,1904,130769
Harmothoe imbricata,40.6829986572,-71.3669967651,e7c86904-aac7-4a17-a895-99a54c430d80,1982,130769
Harmothoe imbricata,41.266998291,-72.0830001831,e7c86904-aac7-4a17-a895-99a54c430d80,1974,130769
Harmothoe imbricata,41.4300003052,-70.8300018311,5ad6c4ff-fb89-4edf-b7b0-212671fb27cf,1904,130769
Harmothoe imbricata,40.4169998169,-73.7829971313,e7c86904-aac7-4a17-a895-99a54c430d80,1971,130769
Harmothoe imbricata,41.4099998474,-70.8399963379,5ad6c4ff-fb89-4edf-b7b0-212671fb27cf,1905,130769
Harmothoe imbricata,41.3499984741,-70.8399963379,5ad6c4ff-fb89-4edf-b7b0-212671fb27cf,1904,130769
Harmothoe imbricata,41.4900016785,-70.8099975586,5ad6c4ff-fb89-4edf-b7b0-212671fb27cf,1904,130769
Harmothoe imbricata,41.5200004578,-70.6900024414,5ad6c4ff-fb89-4edf-b7b0-212671fb27cf,1905,130769
Harmothoe imbricata,41.266998291,-72.0999984741,e7c86904-aac7-4a17-a895-99a54c430d80,1974,130769
Harmothoe imbricata,41.266998291,-71.75,e7c86904-aac7-4a17-a895-99a54c430d80,1976,130769
Harmothoe imbricata,41.4300003052,-70.9300003052,5ad6c4ff-fb89-4edf-b7b0-212671fb27cf,1905,130769
Harmothoe imbricata,41.2700004578,-72.2699966431,41a50544-957c-4193-8bbf-25a25f749e85,2001,130769
Harmothoe imbricata,41.4500007629,-70.7799987793,5ad6c4ff-fb89-4edf-b7b0-212671fb27cf,1904,130769
Harmothoe imbricata,41.3600006104,-70.7699966431,5ad6c4ff-fb89-4edf-b7b0-212671fb27cf,1904,130769
Harmothoe imbricata,41.5699996948,-70.7699966431,5ad6c4ff-fb89-4edf-b7b0-212671fb27cf,1904,130769
Harmothoe imbricata,41.6599998474,-70.6699981689,5ad6c4ff-fb89-4edf-b7b0-212671fb27cf,1905,130769
Harmothoe imbricata,41.4946212769,-71.3963165283,4da23d30-af8d-48f3-977a-4e24394e2e8c,2000,130769
Harmothoe imbricata,41.4599990845,-70.75,5ad6c4ff-fb89-4edf-b7b0-212671fb27cf,1904,130769
Harmothoe imbricata,41.4399986267,-70.7600021362,5ad6c4ff-fb89-4edf-b7b0-212671fb27cf,1903,130769
Harmothoe imbricata,41.4399986267,-70.7300033569,5ad6c4ff-fb89-4edf-b7b0-212671fb27cf,1904,130769
Harmothoe imbricata,39.3330001831,-73.016998291,e7c86904-aac7-4a17-a895-99a54c430d80,1978,130769
Harmothoe imbricata,41.5055007935,-71.3253479004,4da23d30-af8d-48f3-977a-4e24394e2e8c,2000,130769
Harmothoe imbricata,41.6500015259,-70.6399993896,5ad6c4ff-fb89-4edf-b7b0-212671fb27cf,1905,130769
Harmothoe imbricata,40.466999054,-73.733001709,e7c86904-aac7-4a17-a895-99a54c430d80,1973,130769
Harmothoe imbricata,40.0,-72.75,e7c86904-aac7-4a17-a895-99a54c430d80,1974,130769
Harmothoe imbricata,41.4000015259,-70.8000030518,5ad6c4ff-fb89-4edf-b7b0-212671fb27cf,1905,130769
Harmothoe imbricata,41.4700012207,-70.7099990845,5ad6c4ff-fb89-4edf-b7b0-212671fb27cf,1903,130769
Harmothoe imbricata,41.3499984741,-70.8399963379,5ad6c4ff-fb89-4edf-b7b0-212671fb27cf,1904,130769
Harmothoe imbricata,41.3699989319,-70.8799972534,5ad6c4ff-fb89-4edf-b7b0-212671fb27cf,1905,130769
Harmothoe imbricata,41.6500015259,-70.6399993896,5ad6c4ff-fb89-4edf-b7b0-212671fb27cf,1905,130769
Harmothoe imbricata,41.7099990845,-70.6200027466,5ad6c4ff-fb89-4edf-b7b0-212671fb27cf,1905,130769
Harmothoe imbricata,41.4399986267,-70.8399963379,5ad6c4ff-fb89-4edf-b7b0-212671fb27cf,1904,130769
Harmothoe imbricata,41.6500015259,-70.7399978638,41a50544-957c-4193-8bbf-25a25f749e85,2000,130769
Harmothoe imbricata,41.5200004578,-70.6100006104,5ad6c4ff-fb89-4edf-b7b0-212671fb27cf,1905,130769
Harmothoe imbricata,41.3250007629,-71.9769973755,41a50544-957c-4193-8bbf-25a25f749e85,1990,130769
Harmothoe imbricata,41.5136184692,-71.0769271851,4da23d30-af8d-48f3-977a-4e24394e2e8c,2000,130769
Harmothoe imbricata,41.4799995422,-70.5800018311,5ad6c4ff-fb89-4edf-b7b0-212671fb27cf,1905,130769
Harmothoe imbricata,41.4300003052,-70.9400024414,5ad6c4ff-fb89-4edf-b7b0-212671fb27cf,1904,130769
Harmothoe imbricata,41.6213111877,-71.4113235474,4da23d30-af8d-48f3-977a-4e24394e2e8c,2003,130769
Harmothoe imbricata,41.3899993896,-70.8499984741,5ad6c4ff-fb89-4edf-b7b0-212671fb27cf,1905,130769
Harmothoe imbricata,41.4000015259,-70.7600021362,5ad6c4ff-fb89-4edf-b7b0-212671fb27cf,1903,130769
Harmothoe imbricata,41.4500007629,-70.9199981689,5ad6c4ff-fb89-4edf-b7b0-212671fb27cf,1904,130769
Harmothoe imbricata,41.4300003052,-70.7699966431,5ad6c4ff-fb89-4edf-b7b0-212671fb27cf,1904,130769
Harmothoe imbricata,41.5299987793,-70.5899963379,5ad6c4ff-fb89-4edf-b7b0-212671fb27cf,1905,130769
Harmothoe imbricata,40.4000015259,-73.8170013428,e7c86904-aac7-4a17-a895-99a54c430d80,1973,130769
Harmothoe imbricata,41.3400001526,-70.8399963379,5ad6c4ff-fb89-4edf-b7b0-212671fb27cf,1904,130769
Harmothoe imbricata,40.4000015259,-73.8170013428,e7c86904-aac7-4a17-a895-99a54c430d80,1973,130769
Harmothoe imbricata,40.3670005798,-73.8000030518,e7c86904-aac7-4a17-a895-99a54c430d80,1973,130769
Harmothoe imbricata,41.4799995422,-70.6100006104,5ad6c4ff-fb89-4edf-b7b0-212671fb27cf,1905,130769
Harmothoe imbricata,41.5400009155,-70.6600036621,5ad6c4ff-fb89-4edf-b7b0-212671fb27cf,1905,130769
Harmothoe imbricata,41.3899993896,-70.8399963379,5ad6c4ff-fb89-4edf-b7b0-212671fb27cf,1905,130769
Harmothoe imbricata,41.4300003052,-70.9700012207,41a50544-957c-4193-8bbf-25a25f749e85,2001,130769
Harmothoe imbricata,40.5800018311,-74.0299987793,41a50544-957c-4193-8bbf-25a25f749e85,1998,130769
Harmothoe imbricata,40.516998291,-73.7829971313,e7c86904-aac7-4a17-a895-99a54c430d80,1971,130769
Harmothoe imbricata,40.9900016785,-73.0400009155,41a50544-957c-4193-8bbf-25a25f749e85,2001,130769
Harmothoe imbricata,40.3170013428,-73.8000030518,e7c86904-aac7-4a17-a895-99a54c430d80,1973,130769
Harmothoe imbricata,41.4599990845,-70.7300033569,5ad6c4ff-fb89-4edf-b7b0-212671fb27cf,1905,130769
Harmothoe imbricata,41.6500015259,-70.6800003052,5ad6c4ff-fb89-4edf-b7b0-212671fb27cf,1904,130769
Harmothoe imbricata,41.5699996948,-70.6500015259,5ad6c4ff-fb89-4edf-b7b0-212671fb27cf,1905,130769
Harmothoe imbricata,41.2120018005,-71.6050033569,41a50544-957c-4193-8bbf-25a25f749e85,1990,130769
Harmothoe imbricata,40.42417,-74.01278,43b58971-4fda-4210-a6ef-654fe0ce226d,1991,130769
Harmothoe imbricata,41.4700012207,-70.75,5ad6c4ff-fb89-4edf-b7b0-212671fb27cf,1904,130769
Harmothoe imbricata,41.4300003052,-70.7699966431,5ad6c4ff-fb89-4edf-b7b0-212671fb27cf,1903,130769
Harmothoe imbricata,40.1800003052,-74.0400009155,41a50544-957c-4193-8bbf-25a25f749e85,2001,130769
Harmothoe imbricata,41.3899993896,-70.8199996948,5ad6c4ff-fb89-4edf-b7b0-212671fb27cf,1905,130769
Harmothoe imbricata,41.266998291,-72.0999984741,e7c86904-aac7-4a17-a895-99a54c430d80,1974,130769
Harmothoe imbricata,40.4949989319,-74.1930007935,41a50544-957c-4193-8bbf-25a25f749e85,1992,130769
Harmothoe imbricata,41.3800010681,-70.8399963379,5ad6c4ff-fb89-4edf-b7b0-212671fb27cf,1905,130769
Harmothoe imbricata,41.4599990845,-70.6900024414,5ad6c4ff-fb89-4edf-b7b0-212671fb27cf,1903,130769
Harmothoe imbricata,40.3670005798,-73.8330001831,e7c86904-aac7-4a17-a895-99a54c430d80,1973,130769
Harmothoe imbricata,40.6899986267,-74.0400009155,41a50544-957c-4193-8bbf-25a25f749e85,1998,130769
Harmothoe imbricata,41.266998291,-72.0999984741,e7c86904-aac7-4a17-a895-99a54c430d80,1974,130769
Harmothoe imbricata,41.3600006104,-70.8099975586,5ad6c4ff-fb89-4edf-b7b0-212671fb27cf,1904,130769
Harmothoe imbricata,41.6300010681,-70.6399993896,5ad6c4ff-fb89-4edf-b7b0-212671fb27cf,1905,130769
Harmothoe imbricata,41.7385787964,-70.6262283325,4da23d30-af8d-48f3-977a-4e24394e2e8c,2000,130769
Harmothoe imbricata,41.6599998474,-70.6699981689,5ad6c4ff-fb89-4edf-b7b0-212671fb27cf,1905,130769
Harmothoe imbricata,41.4700012207,-70.75,5ad6c4ff-fb89-4edf-b7b0-212671fb27cf,1904,130769
Harmothoe imbricata,41.4900016785,-70.6800003052,5ad6c4ff-fb89-4edf-b7b0-212671fb27cf,1905,130769
Harmothoe imbricata,41.4500007629,-70.9000015259,5ad6c4ff-fb89-4edf-b7b0-212671fb27cf,1905,130769
Harmothoe imbricata,41.3800010681,-70.8099975586,5ad6c4ff-fb89-4edf-b7b0-212671fb27cf,1905,130769
Harmothoe imbricata,41.5600013733,-70.7399978638,5ad6c4ff-fb89-4edf-b7b0-212671fb27cf,1904,130769
Harmothoe imbricata,41.5699996948,-70.7699966431,5ad6c4ff-fb89-4edf-b7b0-212671fb27cf,1904,130769
Harmothoe imbricata,39.0999984741,-75.3099975586,41a50544-957c-4193-8bbf-25a25f749e85,2002,130769
Harmothoe imbricata,41.25,-72.0830001831,e7c86904-aac7-4a17-a895-99a54c430d80,1975,130769
Harmothoe imbricata,40.4169998169,-73.75,e7c86904-aac7-4a17-a895-99a54c430d80,1971,130769
Harmothoe imbricata,39.0099983215,-75.3099975586,41a50544-957c-4193-8bbf-25a25f749e85,2002,130769
Harmothoe imbricata,41.3499984741,-70.8399963379,5ad6c4ff-fb89-4edf-b7b0-212671fb27cf,1904,130769
Harmothoe imbricata,41.4900016785,-70.5800018311,5ad6c4ff-fb89-4edf-b7b0-212671fb27cf,1905,130769
Harmothoe imbricata,40.4329986572,-73.766998291,e7c86904-aac7-4a17-a895-99a54c430d80,1969,130769
Harmothoe imbricata,41.2299995422,-72.2600021362,41a50544-957c-4193-8bbf-25a25f749e85,2000,130769
Harmothoe imbricata,40.4000015259,-73.8669967651,e7c86904-aac7-4a17-a895-99a54c430d80,1973,130769
Harmothoe imbricata,41.4900016785,-70.6999969482,5ad6c4ff-fb89-4edf-b7b0-212671fb27cf,1903,130769
Harmothoe imbricata,41.3899993896,-70.7900009155,5ad6c4ff-fb89-4edf-b7b0-212671fb27cf,1905,130769
Harmothoe imbricata,41.283000946,-72.1169967651,e7c86904-aac7-4a17-a895-99a54c430d80,1975,130769
Harmothoe imbricata,41.283000946,-72.1169967651,e7c86904-aac7-4a17-a895-99a54c430d80,1975,130769
Harmothoe imbricata,41.5200004578,-70.6900024414,5ad6c4ff-fb89-4edf-b7b0-212671fb27cf,1905,130769
Harmothoe imbricata,41.3466796875,-71.967956543,4da23d30-af8d-48f3-977a-4e24394e2e8c,2003,130769
Harmothoe imbricata,40.216999054,-73.766998291,e7c86904-aac7-4a17-a895-99a54c430d80,1974,130769
Harmothoe imbricata,40.6100006104,-73.8799972534,41a50544-957c-4193-8bbf-25a25f749e85,1998,130769
Harmothoe imbricata,41.5,-70.6800003052,5ad6c4ff-fb89-4edf-b7b0-212671fb27cf,1904,130769
Harmothoe imbricata,41.5,-70.6399993896,5ad6c4ff-fb89-4edf-b7b0-212671fb27cf,1904,130769
Harmothoe imbricata,41.3600006104,-70.8600006104,5ad6c4ff-fb89-4edf-b7b0-212671fb27cf,1905,130769
Harmothoe imbricata,41.4900817871,-71.3232269287,4da23d30-af8d-48f3-977a-4e24394e2e8c,2003,130769
Harmothoe imbricata,41.4000015259,-70.75,5ad6c4ff-fb89-4edf-b7b0-212671fb27cf,1905,130769
Harmothoe imbricata,40.7099990845,-74.0199966431,41a50544-957c-4193-8bbf-25a25f749e85,1998,130769
Harmothoe imbricata,41.5136184692,-71.0769271851,4da23d30-af8d-48f3-977a-4e24394e2e8c,2000,130769
Harmothoe imbricata,41.4399986267,-70.8499984741,5ad6c4ff-fb89-4edf-b7b0-212671fb27cf,1904,130769
Harmothoe imbricata,41.4300003052,-70.9000015259,5ad6c4ff-fb89-4edf-b7b0-212671fb27cf,1905,130769
Harmothoe imbricata,41.4500007629,-70.7099990845,5ad6c4ff-fb89-4edf-b7b0-212671fb27cf,1905,130769
Harmothoe imbricata,41.4399986267,-70.7300033569,5ad6c4ff-fb89-4edf-b7b0-212671fb27cf,1904,130769
Harmothoe imbricata,41.5099983215,-70.6100006104,5ad6c4ff-fb89-4edf-b7b0-212671fb27cf,1905,130769
Harmothoe imbricata,41.5099983215,-70.6600036621,5ad6c4ff-fb89-4edf-b7b0-212671fb27cf,1904,130769
Harmothoe imbricata,41.2999992371,-72.0670013428,e7c86904-aac7-4a17-a895-99a54c430d80,1974,130769
Harmothoe imbricata,41.4000015259,-70.8199996948,5ad6c4ff-fb89-4edf-b7b0-212671fb27cf,1905,130769
Harmothoe imbricata,41.25,-72.0670013428,e7c86904-aac7-4a17-a895-99a54c430d80,1974,130769
Harmothoe imbricata,41.2000007629,-72.9169998169,e7c86904-aac7-4a17-a895-99a54c430d80,1972,130769
Harmothoe imbricata,41.4300003052,-70.7699966431,5ad6c4ff-fb89-4edf-b7b0-212671fb27cf,1904,130769
Harmothoe imbricata,41.5499992371,-70.6500015259,5ad6c4ff-fb89-4edf-b7b0-212671fb27cf,1905,130769
Harmothoe imbricata,41.3499984741,-70.8099975586,5ad6c4ff-fb89-4edf-b7b0-212671fb27cf,1905,130769
Harmothoe imbricata,41.4500007629,-70.8399963379,5ad6c4ff-fb89-4edf-b7b0-212671fb27cf,1905,130769
Harmothoe imbricata,41.4700012207,-70.6200027466,5ad6c4ff-fb89-4edf-b7b0-212671fb27cf,1904,130769
Harmothoe imbricata,41.6399993896,-70.75,5ad6c4ff-fb89-4edf-b7b0-212671fb27cf,1904,130769
Harmothoe imbricata,40.50167,-74.15,43b58971-4fda-4210-a6ef-654fe0ce226d,1991,130769
Harmothoe imbricata,41.3600006104,-70.8099975586,5ad6c4ff-fb89-4edf-b7b0-212671fb27cf,1904,130769
Harmothoe imbricata,40.4169998169,-73.7829971313,e7c86904-aac7-4a17-a895-99a54c430d80,1969,130769
Harmothoe imbricata,41.216999054,-71.8499984741,e7c86904-aac7-4a17-a895-99a54c430d80,1976,130769
Harmothoe imbricata,41.4500007629,-70.8499984741,5ad6c4ff-fb89-4edf-b7b0-212671fb27cf,1905,130769
Harmothoe imbricata,40.6399993896,-74.0999984741,41a50544-957c-4193-8bbf-25a25f749e85,1999,130769
Harmothoe imbricata,41.3699989319,-70.8399963379,5ad6c4ff-fb89-4edf-b7b0-212671fb27cf,1903,130769
Harmothoe imbricata,41.5224685669,-70.6672668457,4da23d30-af8d-48f3-977a-4e24394e2e8c,2007,130769
Harmothoe imbricata,40.79617,-73.87833,43b58971-4fda-4210-a6ef-654fe0ce226d,1991,130769
Harmothoe imbricata,40.3170013428,-73.8000030518,e7c86904-aac7-4a17-a895-99a54c430d80,1973,130769
Harmothoe imbricata,41.4500007629,-70.8000030518,5ad6c4ff-fb89-4edf-b7b0-212671fb27cf,1904,130769
Harmothoe imbricata,40.61167,-74.03416,43b58971-4fda-4210-a6ef-654fe0ce226d,1991,130769
Harmothoe imbricata,41.0900001526,-72.3499984741,41a50544-957c-4193-8bbf-25a25f749e85,2001,130769
Harmothoe imbricata,41.4599990845,-70.8000030518,5ad6c4ff-fb89-4edf-b7b0-212671fb27cf,1905,130769
Harmothoe imbricata,41.4300003052,-70.8399963379,5ad6c4ff-fb89-4edf-b7b0-212671fb27cf,1904,130769
Harmothoe imbricata,41.4399986267,-70.6900024414,5ad6c4ff-fb89-4edf-b7b0-212671fb27cf,1903,130769
Harmothoe imbricata,41.6399993896,-70.7099990845,5ad6c4ff-fb89-4edf-b7b0-212671fb27cf,1904,130769
Harmothoe imbricata,41.4099998474,-70.8099975586,5ad6c4ff-fb89-4edf-b7b0-212671fb27cf,1905,130769
Harmothoe imbricata,41.4900016785,-70.6999969482,5ad6c4ff-fb89-4edf-b7b0-212671fb27cf,1904,130769
Harmothoe imbricata,41.4300003052,-70.9400024414,5ad6c4ff-fb89-4edf-b7b0-212671fb27cf,1904,130769
Harmothoe imbricata,41.5299987793,-70.5999984741,5ad6c4ff-fb89-4edf-b7b0-212671fb27cf,1905,130769
Harmothoe imbricata,40.4700012207,-74.0599975586,41a50544-957c-4193-8bbf-25a25f749e85,1998,130769
Harmothoe imbricata,41.4199981689,-70.9400024414,5ad6c4ff-fb89-4edf-b7b0-212671fb27cf,1905,130769
Harmothoe imbricata,41.4700012207,-70.6800003052,5ad6c4ff-fb89-4edf-b7b0-212671fb27cf,1905,130769
Harmothoe imbricata,40.6699981689,-74.0400009155,41a50544-957c-4193-8bbf-25a25f749e85,1998,130769
Harmothoe imbricata,41.6399993896,-70.7099990845,5ad6c4ff-fb89-4edf-b7b0-212671fb27cf,1904,130769
Harmothoe imbricata,41.5,-70.9899978638,5ad6c4ff-fb89-4edf-b7b0-212671fb27cf,1904,130769
Harmothoe imbricata,41.4500007629,-70.8099975586,5ad6c4ff-fb89-4edf-b7b0-212671fb27cf,1905,130769
Harmothoe imbricata,41.4500007629,-70.7699966431,5ad6c4ff-fb89-4edf-b7b0-212671fb27cf,1904,130769
Harmothoe imbricata,41.4700012207,-70.6800003052,5ad6c4ff-fb89-4edf-b7b0-212671fb27cf,1905,130769
Harmothoe imbricata,41.4500007629,-70.8300018311,5ad6c4ff-fb89-4edf-b7b0-212671fb27cf,1905,130769
Harmothoe imbricata,41.4199981689,-70.6999969482,5ad6c4ff-fb89-4edf-b7b0-212671fb27cf,1904,130769
Harmothoe imbricata,40.4169998169,-73.7829971313,e7c86904-aac7-4a17-a895-99a54c430d80,1970,130769
Harmothoe imbricata,41.4500007629,-70.8199996948,5ad6c4ff-fb89-4edf-b7b0-212671fb27cf,1905,130769
Harmothoe imbricata,41.4500007629,-70.5899963379,5ad6c4ff-fb89-4edf-b7b0-212671fb27cf,1904,130769
Harmothoe imbricata,41.5200004578,-70.7300033569,5ad6c4ff-fb89-4edf-b7b0-212671fb27cf,1905,130769
Harmothoe imbricata,40.6829986572,-71.3669967651,e7c86904-aac7-4a17-a895-99a54c430d80,1978,130769
Harmothoe imbricata,41.6899986267,-70.6699981689,5ad6c4ff-fb89-4edf-b7b0-212671fb27cf,1904,130769
Harmothoe imbricata,40.7799987793,-73.8700027466,41a50544-957c-4193-8bbf-25a25f749e85,1993,130769
Harmothoe imbricata,40.5363883972,-74.1330032349,4da23d30-af8d-48f3-977a-4e24394e2e8c,2003,130769
Harmothoe imbricata,40.7000007629,-74.0199966431,41a50544-957c-4193-8bbf-25a25f749e85,1993,130769
Harmothoe imbricata,41.7099990845,-70.6200027466,5ad6c4ff-fb89-4edf-b7b0-212671fb27cf,1905,130769
Harmothoe imbricata,41.4599990845,-70.8000030518,5ad6c4ff-fb89-4edf-b7b0-212671fb27cf,1905,130769
Harmothoe imbricata,41.5099983215,-71.3600006104,41a50544-957c-4193-8bbf-25a25f749e85,2000,130769
Harmothoe imbricata,41.3699989319,-70.8499984741,5ad6c4ff-fb89-4edf-b7b0-212671fb27cf,1905,130769
Harmothoe imbricata,41.4399986267,-70.6900024414,5ad6c4ff-fb89-4edf-b7b0-212671fb27cf,1905,130769
Harmothoe imbricata,41.4199981689,-70.7799987793,5ad6c4ff-fb89-4edf-b7b0-212671fb27cf,1905,130769
Harmothoe imbricata,40.5800018311,-73.8600006104,41a50544-957c-4193-8bbf-25a25f749e85,1998,130769
Harmothoe imbricata,41.4900016785,-70.7099990845,5ad6c4ff-fb89-4edf-b7b0-212671fb27cf,1904,130769
Harmothoe imbricata,41.4700012207,-70.6800003052,5ad6c4ff-fb89-4edf-b7b0-212671fb27cf,1905,130769
Harmothoe imbricata,41.3600006104,-70.8399963379,5ad6c4ff-fb89-4edf-b7b0-212671fb27cf,1904,130769
Harmothoe imbricata,41.4799995422,-70.6200027466,5ad6c4ff-fb89-4edf-b7b0-212671fb27cf,1904,130769
Harmothoe imbricata,41.3699989319,-70.7600021362,5ad6c4ff-fb89-4edf-b7b0-212671fb27cf,1904,130769
Harmothoe imbricata,41.5,-70.5800018311,5ad6c4ff-fb89-4edf-b7b0-212671fb27cf,1905,130769
Harmothoe imbricata,41.7385787964,-70.6262283325,4da23d30-af8d-48f3-977a-4e24394e2e8c,2003,130769
Harmothoe imbricata,40.79945,-73.90111,43b58971-4fda-4210-a6ef-654fe0ce226d,1991,130769
Harmothoe imbricata,40.7999992371,-73.8099975586,41a50544-957c-4193-8bbf-25a25f749e85,1998,130769
Harmothoe imbricata,41.4399986267,-70.6900024414,5ad6c4ff-fb89-4edf-b7b0-212671fb27cf,1903,130769
Harmothoe imbricata,40.6599998474,-74.0199966431,41a50544-957c-4193-8bbf-25a25f749e85,1993,130769
Harmothoe imbricata,40.3499984741,-73.7829971313,e7c86904-aac7-4a17-a895-99a54c430d80,1973,130769
Harmothoe imbricata,41.5099983215,-70.6600036621,5ad6c4ff-fb89-4edf-b7b0-212671fb27cf,1904,130769
Harmothoe imbricata,41.3499984741,-70.8099975586,5ad6c4ff-fb89-4edf-b7b0-212671fb27cf,1905,130769
Harmothoe imbricata,41.5,-70.6900024414,5ad6c4ff-fb89-4edf-b7b0-212671fb27cf,1904,130769
Harmothoe imbricata,41.5200004578,-71.3099975586,41a50544-957c-4193-8bbf-25a25f749e85,2001,130769
Harmothoe imbricata,40.4000015259,-73.8669967651,e7c86904-aac7-4a17-a895-99a54c430d80,1973,130769
Harmothoe imbricata,41.4000015259,-70.7300033569,5ad6c4ff-fb89-4edf-b7b0-212671fb27cf,1903,130769
Harmothoe imbricata,41.6699981689,-70.6999969482,5ad6c4ff-fb89-4edf-b7b0-212671fb27cf,1904,130769
Harmothoe imbricata,40.2000007629,-72.6999969482,e7c86904-aac7-4a17-a895-99a54c430d80,1974,130769
Harmothoe imbricata,41.3699989319,-70.8300018311,5ad6c4ff-fb89-4edf-b7b0-212671fb27cf,1905,130769
Harmothoe imbricata,41.5,-70.9899978638,5ad6c4ff-fb89-4edf-b7b0-212671fb27cf,1904,130769
Harmothoe imbricata,41.5200004578,-70.6999969482,5ad6c4ff-fb89-4edf-b7b0-212671fb27cf,1905,130769
Harmothoe imbricata,41.5200004578,-70.6800003052,5ad6c4ff-fb89-4edf-b7b0-212671fb27cf,1905,130769
Harmothoe imbricata,41.5400009155,-70.6600036621,5ad6c4ff-fb89-4edf-b7b0-212671fb27cf,1904,130769
Harmothoe imbricata,41.3499984741,-70.8399963379,5ad6c4ff-fb89-4edf-b7b0-212671fb27cf,1904,130769
Harmothoe imbricata,41.5,-70.6900024414,5ad6c4ff-fb89-4edf-b7b0-212671fb27cf,1904,130769
Harmothoe imbricata,41.6699981689,-70.6500015259,5ad6c4ff-fb89-4edf-b7b0-212671fb27cf,1905,130769
Harmothoe imbricata,41.283000946,-72.1169967651,e7c86904-aac7-4a17-a895-99a54c430d80,1975,130769
Harmothoe imbricata,41.4599990845,-70.7300033569,5ad6c4ff-fb89-4edf-b7b0-212671fb27cf,1905,130769
Harmothoe imbricata,41.5499992371,-70.6500015259,5ad6c4ff-fb89-4edf-b7b0-212671fb27cf,1905,130769
Harmothoe imbricata,40.4169998169,-73.8330001831,e7c86904-aac7-4a17-a895-99a54c430d80,1975,130769
Harmothoe imbricata,41.3899993896,-70.7699966431,5ad6c4ff-fb89-4edf-b7b0-212671fb27cf,1905,130769
Harmothoe imbricata,41.4500007629,-70.9100036621,5ad6c4ff-fb89-4edf-b7b0-212671fb27cf,1905,130769
Harmothoe imbricata,40.5999984741,-73.8399963379,41a50544-957c-4193-8bbf-25a25f749e85,1998,130769
Harmothoe imbricata,41.5400009155,-70.6600036621,5ad6c4ff-fb89-4edf-b7b0-212671fb27cf,1905,130769
Harmothoe imbricata,41.283000946,-72.1169967651,e7c86904-aac7-4a17-a895-99a54c430d80,1974,130769
Harmothoe imbricata,41.1910018921,-72.2659988403,41a50544-957c-4193-8bbf-25a25f749e85,1990,130769
Harmothoe imbricata,39.3330001831,-72.983001709,e7c86904-aac7-4a17-a895-99a54c430d80,1980,130769
Harmothoe imbricata,40.5,-70.1999969482,e7c86904-aac7-4a17-a895-99a54c430d80,1984,130769
Harmothoe imbricata,40.4000015259,-73.8669967651,e7c86904-aac7-4a17-a895-99a54c430d80,1973,130769
Harmothoe imbricata,41.5,-70.6900024414,5ad6c4ff-fb89-4edf-b7b0-212671fb27cf,1904,130769
Harmothoe imbricata,41.5200004578,-70.7300033569,5ad6c4ff-fb89-4edf-b7b0-212671fb27cf,1905,130769
Harmothoe imbricata,41.4799995422,-70.6100006104,5ad6c4ff-fb89-4edf-b7b0-212671fb27cf,1905,130769
Harmothoe imbricata,41.3699989319,-70.8499984741,5ad6c4ff-fb89-4edf-b7b0-212671fb27cf,1905,130769
Harmothoe imbricata,40.46695,-74.09778,43b58971-4fda-4210-a6ef-654fe0ce226d,1991,130769
Harmothoe imbricata,41.4099998474,-70.9300003052,5ad6c4ff-fb89-4edf-b7b0-212671fb27cf,1904,130769
Harmothoe imbricata,41.4300003052,-70.8399963379,5ad6c4ff-fb89-4edf-b7b0-212671fb27cf,1904,130769
Harmothoe imbricata,41.3499984741,-70.8399963379,5ad6c4ff-fb89-4edf-b7b0-212671fb27cf,1904,130769
Harmothoe imbricata,41.5699996948,-70.6500015259,5ad6c4ff-fb89-4edf-b7b0-212671fb27cf,1904,130769
Harmothoe imbricata,41.5099983215,-70.6600036621,5ad6c4ff-fb89-4edf-b7b0-212671fb27cf,1904,130769
Harmothoe imbricata,40.4300003052,-74.0299987793,41a50544-957c-4193-8bbf-25a25f749e85,2000,130769
Harmothoe imbricata,41.4399986267,-70.7600021362,5ad6c4ff-fb89-4edf-b7b0-212671fb27cf,1903,130769
Harmothoe imbricata,41.266998291,-72.0999984741,e7c86904-aac7-4a17-a895-99a54c430d80,1974,130769
Harmothoe imbricata,41.4900016785,-70.5899963379,5ad6c4ff-fb89-4edf-b7b0-212671fb27cf,1905,130769
Harmothoe imbricata,41.6399993896,-70.2580032349,41a50544-957c-4193-8bbf-25a25f749e85,1992,130769
Harmothoe imbricata,41.5,-70.6600036621,5ad6c4ff-fb89-4edf-b7b0-212671fb27cf,1905,130769
Harmothoe imbricata,41.5200004578,-70.7399978638,5ad6c4ff-fb89-4edf-b7b0-212671fb27cf,1905,130769
Harmothoe imbricata,41.4799995422,-70.6100006104,5ad6c4ff-fb89-4edf-b7b0-212671fb27cf,1905,130769
Harmothoe imbricata,41.4799995422,-70.6100006104,5ad6c4ff-fb89-4edf-b7b0-212671fb27cf,1905,130769
Harmothoe imbricata,40.4169998169,-73.766998291,e7c86904-aac7-4a17-a895-99a54c430d80,1973,130769
Harmothoe imbricata,41.3499984741,-70.8399963379,5ad6c4ff-fb89-4edf-b7b0-212671fb27cf,1904,130769
Harmothoe imbricata,41.283000946,-72.1169967651,e7c86904-aac7-4a17-a895-99a54c430d80,1975,130769
Harmothoe imbricata,41.3800010681,-70.8099975586,5ad6c4ff-fb89-4edf-b7b0-212671fb27cf,1905,130769
Harmothoe imbricata,39.2999992371,-74.5899963379,41a50544-957c-4193-8bbf-25a25f749e85,2001,130769
Harmothoe imbricata,41.6199989319,-70.6399993896,5ad6c4ff-fb89-4edf-b7b0-212671fb27cf,1905,130769
Harmothoe imbricata,41.4700012207,-70.6200027466,5ad6c4ff-fb89-4edf-b7b0-212671fb27cf,1904,130769
Harmothoe imbricata,41.5200004578,-70.6299972534,5ad6c4ff-fb89-4edf-b7b0-212671fb27cf,1905,130769
Harmothoe imbricata,41.5800018311,-70.6399993896,5ad6c4ff-fb89-4edf-b7b0-212671fb27cf,1905,130769
Harmothoe imbricata,40.4169998169,-73.8000030518,e7c86904-aac7-4a17-a895-99a54c430d80,1973,130769
Harmothoe imbricata,41.4980010986,-71.4020004272,41a50544-957c-4193-8bbf-25a25f749e85,1990,130769
Harmothoe imbricata,40.4500007629,-74.1200027466,41a50544-957c-4193-8bbf-25a25f749e85,1998,130769
Harmothoe imbricata,41.3699989319,-70.7699966431,5ad6c4ff-fb89-4edf-b7b0-212671fb27cf,1905,130769
Harmothoe imbricata,38.8248,-75.0769,43b58971-4fda-4210-a6ef-654fe0ce226d,1997,130769
Harmothoe imbricata,40.6399993896,-73.4700012207,41a50544-957c-4193-8bbf-25a25f749e85,2001,130769
Harmothoe imbricata,41.4300003052,-70.8799972534,5ad6c4ff-fb89-4edf-b7b0-212671fb27cf,1905,130769
Harmothoe imbricata,41.0130004883,-72.047996521,41a50544-957c-4193-8bbf-25a25f749e85,1993,130769
Harmothoe imbricata,41.4300003052,-70.7699966431,5ad6c4ff-fb89-4edf-b7b0-212671fb27cf,1904,130769
Harmothoe imbricata,41.5099983215,-70.5999984741,5ad6c4ff-fb89-4edf-b7b0-212671fb27cf,1905,130769
Harmothoe imbricata,41.4199981689,-70.8499984741,5ad6c4ff-fb89-4edf-b7b0-212671fb27cf,1904,130769
Harmothoe imbricata,41.4300003052,-70.7699966431,5ad6c4ff-fb89-4edf-b7b0-212671fb27cf,1905,130769
Harmothoe imbricata,41.4700012207,-70.6800003052,5ad6c4ff-fb89-4edf-b7b0-212671fb27cf,1905,130769
Harmothoe imbricata,41.4300003052,-70.6999969482,5ad6c4ff-fb89-4edf-b7b0-212671fb27cf,1903,130769
Harmothoe imbricata,41.4300003052,-70.9000015259,5ad6c4ff-fb89-4edf-b7b0-212671fb27cf,1905,130769
Harmothoe imbricata,40.0499992371,-73.4169998169,e7c86904-aac7-4a17-a895-99a54c430d80,1980,130769
Harmothoe imbricata,41.4900016785,-70.6900024414,5ad6c4ff-fb89-4edf-b7b0-212671fb27cf,1904,130769
Harmothoe imbricata,41.1329994202,-73.1669998169,e7c86904-aac7-4a17-a895-99a54c430d80,1972,130769
Harmothoe imbricata,41.4300003052,-70.8300018311,5ad6c4ff-fb89-4edf-b7b0-212671fb27cf,1903,130769
Harmothoe imbricata,41.4399986267,-70.8000030518,5ad6c4ff-fb89-4edf-b7b0-212671fb27cf,1904,130769
Harmothoe imbricata,41.4700012207,-70.7300033569,5ad6c4ff-fb89-4edf-b7b0-212671fb27cf,1905,130769
Harmothoe imbricata,41.4599990845,-70.6600036621,5ad6c4ff-fb89-4edf-b7b0-212671fb27cf,1904,130769
Harmothoe imbricata,41.266998291,-72.0830001831,e7c86904-aac7-4a17-a895-99a54c430d80,1974,130769
Harmothoe imbricata,40.3670005798,-73.7829971313,e7c86904-aac7-4a17-a895-99a54c430d80,1970,130769
Harmothoe imbricata,41.5099983215,-70.5999984741,5ad6c4ff-fb89-4edf-b7b0-212671fb27cf,1905,130769
Harmothoe imbricata,41.266998291,-71.75,e7c86904-aac7-4a17-a895-99a54c430d80,1976,130769
Harmothoe imbricata,41.4599990845,-70.5800018311,5ad6c4ff-fb89-4edf-b7b0-212671fb27cf,1905,130769
Harmothoe imbricata,41.5299987793,-70.5899963379,5ad6c4ff-fb89-4edf-b7b0-212671fb27cf,1905,130769
Harmothoe imbricata,40.6469993591,-74.0579986572,41a50544-957c-4193-8bbf-25a25f749e85,1993,130769
Harmothoe imbricata,41.4900016785,-70.6299972534,5ad6c4ff-fb89-4edf-b7b0-212671fb27cf,1904,130769
Harmothoe imbricata,41.4300003052,-70.8300018311,5ad6c4ff-fb89-4edf-b7b0-212671fb27cf,1903,130769
Harmothoe imbricata,41.4199981689,-70.7799987793,5ad6c4ff-fb89-4edf-b7b0-212671fb27cf,1905,130769
Harmothoe imbricata,41.5299987793,-70.5999984741,5ad6c4ff-fb89-4edf-b7b0-212671fb27cf,1905,130769
Harmothoe imbricata,40.3499984741,-73.8000030518,e7c86904-aac7-4a17-a895-99a54c430d80,1968,130769
Harmothoe imbricata,40.5999984741,-73.7799987793,41a50544-957c-4193-8bbf-25a25f749e85,1998,130769
Harmothoe imbricata,40.5699996948,-73.9400024414,41a50544-957c-4193-8bbf-25a25f749e85,1998,130769
Harmothoe imbricata,41.4799995422,-70.9700012207,5ad6c4ff-fb89-4edf-b7b0-212671fb27cf,1904,130769
Harmothoe imbricata,41.3899993896,-70.7699966431,5ad6c4ff-fb89-4edf-b7b0-212671fb27cf,1905,130769
Harmothoe imbricata,40.4169998169,-73.9000015259,e7c86904-aac7-4a17-a895-99a54c430d80,1970,130769
Harmothoe imbricata,41.4399986267,-70.8499984741,5ad6c4ff-fb89-4edf-b7b0-212671fb27cf,1904,130769
Harmothoe imbricata,41.4700012207,-71.4000015259,41a50544-957c-4193-8bbf-25a25f749e85,2001,130769
Harmothoe imbricata,41.0328483582,-73.5344772339,4da23d30-af8d-48f3-977a-4e24394e2e8c,2003,130769
Harmothoe imbricata,41.4700012207,-70.7099990845,5ad6c4ff-fb89-4edf-b7b0-212671fb27cf,1904,130769
Harmothoe imbricata,41.3800010681,-70.8099975586,5ad6c4ff-fb89-4edf-b7b0-212671fb27cf,1905,130769
Harmothoe imbricata,40.1669998169,-72.7829971313,e7c86904-aac7-4a17-a895-99a54c430d80,1974,130769
Harmothoe imbricata,41.216999054,-71.8499984741,e7c86904-aac7-4a17-a895-99a54c430d80,1976,130769
Harmothoe imbricata,41.5200004578,-70.6999969482,5ad6c4ff-fb89-4edf-b7b0-212671fb27cf,1905,130769
Harmothoe imbricata,41.3800010681,-70.8399963379,5ad6c4ff-fb89-4edf-b7b0-212671fb27cf,1905,130769
Harmothoe imbricata,41.4700012207,-70.7300033569,5ad6c4ff-fb89-4edf-b7b0-212671fb27cf,1905,130769
Harmothoe imbricata,41.4399986267,-70.8600006104,5ad6c4ff-fb89-4edf-b7b0-212671fb27cf,1905,130769
Harmothoe imbricata,40.5800018311,-74.0299987793,41a50544-957c-4193-8bbf-25a25f749e85,1998,130769
Harmothoe imbricata,40.5,-70.1999969482,e7c86904-aac7-4a17-a895-99a54c430d80,1980,130769
Harmothoe imbricata,41.3600006104,-70.7699966431,5ad6c4ff-fb89-4edf-b7b0-212671fb27cf,1904,130769
Harmothoe imbricata,41.5256690979,-70.6712722778,4da23d30-af8d-48f3-977a-4e24394e2e8c,2007,130769
Harmothoe imbricata,41.5200004578,-70.7399978638,5ad6c4ff-fb89-4edf-b7b0-212671fb27cf,1905,130769
Harmothoe imbricata,41.4300003052,-70.8799972534,5ad6c4ff-fb89-4edf-b7b0-212671fb27cf,1905,130769
Harmothoe imbricata,41.3499984741,-70.8399963379,5ad6c4ff-fb89-4edf-b7b0-212671fb27cf,1904,130769
Harmothoe imbricata,41.4000015259,-70.8000030518,5ad6c4ff-fb89-4edf-b7b0-212671fb27cf,1905,130769
Harmothoe imbricata,41.5200004578,-70.6900024414,5ad6c4ff-fb89-4edf-b7b0-212671fb27cf,1905,130769
Harmothoe imbricata,41.4799995422,-70.9700012207,5ad6c4ff-fb89-4edf-b7b0-212671fb27cf,1904,130769
Harmothoe imbricata,41.3699989319,-70.7600021362,5ad6c4ff-fb89-4edf-b7b0-212671fb27cf,1904,130769
Harmothoe imbricata,41.4399986267,-70.7300033569,5ad6c4ff-fb89-4edf-b7b0-212671fb27cf,1904,130769
Harmothoe imbricata,38.8199996948,-75.0699996948,41a50544-957c-4193-8bbf-25a25f749e85,1997,130769
Harmothoe imbricata,41.4099998474,-70.9199981689,5ad6c4ff-fb89-4edf-b7b0-212671fb27cf,1904,130769
Harmothoe imbricata,41.3600006104,-70.8399963379,5ad6c4ff-fb89-4edf-b7b0-212671fb27cf,1904,130769
Harmothoe imbricata,41.5400009155,-70.6600036621,5ad6c4ff-fb89-4edf-b7b0-212671fb27cf,1904,130769
Harmothoe imbricata,41.4399986267,-70.8399963379,5ad6c4ff-fb89-4edf-b7b0-212671fb27cf,1904,130769
Harmothoe imbricata,41.6699981689,-70.6500015259,5ad6c4ff-fb89-4edf-b7b0-212671fb27cf,1905,130769
Harmothoe imbricata,41.4399986267,-70.8000030518,5ad6c4ff-fb89-4edf-b7b0-212671fb27cf,1904,130769
Harmothoe imbricata,41.1500015259,-72.2399978638,41a50544-957c-4193-8bbf-25a25f749e85,2002,130769
Harmothoe imbricata,40.1899986267,-74.0319976807,41a50544-957c-4193-8bbf-25a25f749e85,1990,130769
Harmothoe imbricata,41.4199981689,-70.7200012207,5ad6c4ff-fb89-4edf-b7b0-212671fb27cf,1903,130769
Harmothoe imbricata,41.283000946,-72.1169967651,e7c86904-aac7-4a17-a895-99a54c430d80,1975,130769
Harmothoe imbricata,40.0499992371,-73.4169998169,e7c86904-aac7-4a17-a895-99a54c430d80,1980,130769
Harmothoe imbricata,40.966999054,-73.3830032349,e7c86904-aac7-4a17-a895-99a54c430d80,1972,130769
Harmothoe imbricata,41.4500007629,-70.5899963379,5ad6c4ff-fb89-4edf-b7b0-212671fb27cf,1904,130769
Harmothoe imbricata,41.3600006104,-70.8600006104,5ad6c4ff-fb89-4edf-b7b0-212671fb27cf,1905,130769
Harmothoe imbricata,41.4399986267,-70.7300033569,5ad6c4ff-fb89-4edf-b7b0-212671fb27cf,1904,130769
Harmothoe imbricata,41.4300003052,-70.9199981689,5ad6c4ff-fb89-4edf-b7b0-212671fb27cf,1905,130769
Harmothoe imbricata,41.4799995422,-70.6500015259,5ad6c4ff-fb89-4edf-b7b0-212671fb27cf,1904,130769
Harmothoe imbricata,41.4700012207,-70.7099990845,5ad6c4ff-fb89-4edf-b7b0-212671fb27cf,1904,130769
Harmothoe imbricata,41.4799995422,-70.7699966431,5ad6c4ff-fb89-4edf-b7b0-212671fb27cf,1905,130769
Harmothoe imbricata,40.5800018311,-74.0299987793,41a50544-957c-4193-8bbf-25a25f749e85,1993,130769
Harmothoe imbricata,41.2400016785,-72.4599990845,41a50544-957c-4193-8bbf-25a25f749e85,2000,130769
Harmothoe imbricata,40.7999992371,-73.7829971313,e7c86904-aac7-4a17-a895-99a54c430d80,1972,130769
Harmothoe imbricata,40.5200004578,-74.0100021362,41a50544-957c-4193-8bbf-25a25f749e85,2002,130769
Harmothoe imbricata,41.4500007629,-70.8499984741,5ad6c4ff-fb89-4edf-b7b0-212671fb27cf,1905,130769
Harmothoe imbricata,41.4399986267,-70.6900024414,5ad6c4ff-fb89-4edf-b7b0-212671fb27cf,1903,130769
Harmothoe imbricata,40.6100006104,-74.0599975586,41a50544-957c-4193-8bbf-25a25f749e85,1998,130769
Harmothoe imbricata,41.4700012207,-70.7900009155,5ad6c4ff-fb89-4edf-b7b0-212671fb27cf,1905,130769
Harmothoe imbricata,41.4900016785,-70.5800018311,5ad6c4ff-fb89-4edf-b7b0-212671fb27cf,1905,130769
Harmothoe imbricata,41.4399986267,-70.6900024414,5ad6c4ff-fb89-4edf-b7b0-212671fb27cf,1903,130769
Harmothoe imbricata,41.4700012207,-70.7900009155,5ad6c4ff-fb89-4edf-b7b0-212671fb27cf,1905,130769
Harmothoe imbricata,41.3400001526,-70.8399963379,5ad6c4ff-fb89-4edf-b7b0-212671fb27cf,1904,130769
Harmothoe imbricata,41.5699996948,-70.6500015259,5ad6c4ff-fb89-4edf-b7b0-212671fb27cf,1905,130769
Harmothoe imbricata,41.3800010681,-70.7799987793,5ad6c4ff-fb89-4edf-b7b0-212671fb27cf,1905,130769
Harmothoe imbricata,40.6300010681,-74.0599975586,41a50544-957c-4193-8bbf-25a25f749e85,1998,130769
Harmothoe imbricata,41.4300003052,-70.6999969482,5ad6c4ff-fb89-4edf-b7b0-212671fb27cf,1903,130769
Harmothoe imbricata,40.4300003052,-74.0199966431,41a50544-957c-4193-8bbf-25a25f749e85,1998,130769
Harmothoe imbricata,40.4700012207,-74.0500030518,41a50544-957c-4193-8bbf-25a25f749e85,1998,130769
Harmothoe imbricata,41.5099983215,-70.6600036621,5ad6c4ff-fb89-4edf-b7b0-212671fb27cf,1904,130769
Harmothoe imbricata,41.4000015259,-70.7300033569,5ad6c4ff-fb89-4edf-b7b0-212671fb27cf,1903,130769
Harmothoe imbricata,41.4599990845,-70.75,5ad6c4ff-fb89-4edf-b7b0-212671fb27cf,1904,130769
Harmothoe imbricata,41.4900016785,-70.6299972534,5ad6c4ff-fb89-4edf-b7b0-212671fb27cf,1904,130769
Harmothoe imbricata,41.4700012207,-70.6299972534,5ad6c4ff-fb89-4edf-b7b0-212671fb27cf,1905,130769
Harmothoe imbricata,41.4599990845,-71.0199966431,5ad6c4ff-fb89-4edf-b7b0-212671fb27cf,1904,130769
Harmothoe imbricata,41.4399986267,-70.6900024414,5ad6c4ff-fb89-4edf-b7b0-212671fb27cf,1905,130769
Harmothoe imbricata,41.0499992371,-72.3000030518,41a50544-957c-4193-8bbf-25a25f749e85,2002,130769
Harmothoe imbricata,41.4300003052,-70.7699966431,5ad6c4ff-fb89-4edf-b7b0-212671fb27cf,1903,130769
Harmothoe imbricata,41.4799995422,-70.7699966431,5ad6c4ff-fb89-4edf-b7b0-212671fb27cf,1905,130769
Harmothoe imbricata,41.483001709,-70.8499984741,e7c86904-aac7-4a17-a895-99a54c430d80,1985,130769
Harmothoe imbricata,41.4000015259,-70.8199996948,5ad6c4ff-fb89-4edf-b7b0-212671fb27cf,1905,130769
Harmothoe imbricata,40.4169998169,-73.733001709,e7c86904-aac7-4a17-a895-99a54c430d80,1974,130769
Harmothoe imbricata,40.4000015259,-73.8669967651,e7c86904-aac7-4a17-a895-99a54c430d80,1973,130769
Harmothoe imbricata,41.4799995422,-70.5800018311,5ad6c4ff-fb89-4edf-b7b0-212671fb27cf,1905,130769
Harmothoe imbricata,41.7000007629,-71.2200012207,41a50544-957c-4193-8bbf-25a25f749e85,2000,130769
Harmothoe imbricata,41.4199981689,-70.9400024414,5ad6c4ff-fb89-4edf-b7b0-212671fb27cf,1905,130769
Harmothoe imbricata,41.5200004578,-70.6299972534,5ad6c4ff-fb89-4edf-b7b0-212671fb27cf,1905,130769
Harmothoe imbricata,40.3670005798,-73.7829971313,e7c86904-aac7-4a17-a895-99a54c430d80,1970,130769
Harmothoe imbricata,41.3800010681,-70.7699966431,5ad6c4ff-fb89-4edf-b7b0-212671fb27cf,1905,130769
Harmothoe imbricata,40.4169998169,-73.7829971313,e7c86904-aac7-4a17-a895-99a54c430d80,1971,130769
Harmothoe imbricata,40.4169998169,-73.1669998169,e7c86904-aac7-4a17-a895-99a54c430d80,1980,130769
Harmothoe imbricata,41.4199981689,-70.75,5ad6c4ff-fb89-4edf-b7b0-212671fb27cf,1904,130769
Harmothoe imbricata,41.283000946,-72.1169967651,e7c86904-aac7-4a17-a895-99a54c430d80,1974,130769
Harmothoe imbricata,40.6399993896,-73.8499984741,41a50544-957c-4193-8bbf-25a25f749e85,1998,130769
Harmothoe imbricata,41.4500007629,-70.8300018311,5ad6c4ff-fb89-4edf-b7b0-212671fb27cf,1905,130769
Harmothoe imbricata,41.5200004578,-70.7300033569,5ad6c4ff-fb89-4edf-b7b0-212671fb27cf,1905,130769
Harmothoe imbricata,41.266998291,-72.0830001831,e7c86904-aac7-4a17-a895-99a54c430d80,1974,130769
Harmothoe imbricata,41.4399986267,-70.8600006104,5ad6c4ff-fb89-4edf-b7b0-212671fb27cf,1905,130769
Harmothoe imbricata,41.7446212769,-70.6176986694,4da23d30-af8d-48f3-977a-4e24394e2e8c,2000,130769
Harmothoe imbricata,40.49,-74.18305,43b58971-4fda-4210-a6ef-654fe0ce226d,1991,130769
Harmothoe imbricata,40.4169998169,-73.8000030518,e7c86904-aac7-4a17-a895-99a54c430d80,1973,130769
Harmothoe imbricata,41.5200004578,-70.7300033569,5ad6c4ff-fb89-4edf-b7b0-212671fb27cf,1905,130769
Harmothoe imbricata,41.4000015259,-70.9300003052,5ad6c4ff-fb89-4edf-b7b0-212671fb27cf,1905,130769
Harmothoe imbricata,41.5,-70.6600036621,5ad6c4ff-fb89-4edf-b7b0-212671fb27cf,1905,130769
Harmothoe imbricata,41.7385787964,-70.6262283325,4da23d30-af8d-48f3-977a-4e24394e2e8c,2003,130769
Harmothoe imbricata,41.5200004578,-70.6800003052,5ad6c4ff-fb89-4edf-b7b0-212671fb27cf,1905,130769
Harmothoe imbricata,41.4199981689,-70.8499984741,5ad6c4ff-fb89-4edf-b7b0-212671fb27cf,1904,130769
Harmothoe imbricata,40.3499984741,-73.7829971313,e7c86904-aac7-4a17-a895-99a54c430d80,1973,130769
Harmothoe imbricata,41.4900016785,-70.6299972534,5ad6c4ff-fb89-4edf-b7b0-212671fb27cf,1905,130769
Harmothoe imbricata,41.4199981689,-70.75,5ad6c4ff-fb89-4edf-b7b0-212671fb27cf,1904,130769
Harmothoe imbricata,41.19415,-71.139005,43b58971-4fda-4210-a6ef-654fe0ce226d,2006,130769
Harmothoe imbricata,41.4500007629,-70.7699966431,5ad6c4ff-fb89-4edf-b7b0-212671fb27cf,1904,130769
Harmothoe imbricata,41.5299987793,-70.6699981689,5ad6c4ff-fb89-4edf-b7b0-212671fb27cf,1905,130769
Harmothoe imbricata,41.4000015259,-70.9599990845,5ad6c4ff-fb89-4edf-b7b0-212671fb27cf,1905,130769
Harmothoe imbricata,41.4599990845,-71.4100036621,41a50544-957c-4193-8bbf-25a25f749e85,2000,130769
Harmothoe imbricata,41.4700012207,-70.5699996948,5ad6c4ff-fb89-4edf-b7b0-212671fb27cf,1905,130769
Harmothoe imbricata,41.4099998474,-70.8099975586,5ad6c4ff-fb89-4edf-b7b0-212671fb27cf,1905,130769
Harmothoe imbricata,41.4300003052,-70.9300003052,5ad6c4ff-fb89-4edf-b7b0-212671fb27cf,1905,130769
Harmothoe imbricata,41.216999054,-71.8499984741,e7c86904-aac7-4a17-a895-99a54c430d80,1980,130769
Harmothoe imbricata,41.4099998474,-70.9000015259,5ad6c4ff-fb89-4edf-b7b0-212671fb27cf,1905,130769
Harmothoe imbricata,41.4269981384,-70.516998291,41a50544-957c-4193-8bbf-25a25f749e85,1990,130769
Harmothoe imbricata,41.4000015259,-70.8000030518,5ad6c4ff-fb89-4edf-b7b0-212671fb27cf,1905,130769
Harmothoe imbricata,41.5299987793,-70.6699981689,5ad6c4ff-fb89-4edf-b7b0-212671fb27cf,1905,130769
Harmothoe imbricata,41.4199981689,-70.75,5ad6c4ff-fb89-4edf-b7b0-212671fb27cf,1904,130769
Harmothoe imbricata,41.25,-72.0670013428,e7c86904-aac7-4a17-a895-99a54c430d80,1974,130769
Harmothoe imbricata,41.4300003052,-70.9199981689,5ad6c4ff-fb89-4edf-b7b0-212671fb27cf,1905,130769
Harmothoe imbricata,41.216999054,-71.8499984741,e7c86904-aac7-4a17-a895-99a54c430d80,1980,130769
Harmothoe imbricata,41.4000015259,-70.75,5ad6c4ff-fb89-4edf-b7b0-212671fb27cf,1905,130769
Harmothoe imbricata,41.4399986267,-70.8000030518,5ad6c4ff-fb89-4edf-b7b0-212671fb27cf,1904,130769
Harmothoe imbricata,41.3499984741,-70.8399963379,5ad6c4ff-fb89-4edf-b7b0-212671fb27cf,1904,130769
Harmothoe imbricata,40.5800018311,-73.8399963379,41a50544-957c-4193-8bbf-25a25f749e85,1993,130769
Harmothoe imbricata,41.3800010681,-70.8600006104,5ad6c4ff-fb89-4edf-b7b0-212671fb27cf,1905,130769
Harmothoe imbricata,41.4900016785,-70.6999969482,5ad6c4ff-fb89-4edf-b7b0-212671fb27cf,1904,130769
Harmothoe imbricata,41.4700012207,-70.7099990845,5ad6c4ff-fb89-4edf-b7b0-212671fb27cf,1903,130769
Harmothoe imbricata,41.4700012207,-70.6699981689,5ad6c4ff-fb89-4edf-b7b0-212671fb27cf,1903,130769
Harmothoe imbricata,41.4799995422,-70.7300033569,5ad6c4ff-fb89-4edf-b7b0-212671fb27cf,1904,130769
Harmothoe imbricata,41.4599990845,-70.5800018311,5ad6c4ff-fb89-4edf-b7b0-212671fb27cf,1905,130769
Harmothoe imbricata,41.216999054,-71.8499984741,e7c86904-aac7-4a17-a895-99a54c430d80,1981,130769
Harmothoe imbricata,41.283000946,-72.1169967651,e7c86904-aac7-4a17-a895-99a54c430d80,1975,130769
Harmothoe imbricata,41.4099998474,-70.9000015259,5ad6c4ff-fb89-4edf-b7b0-212671fb27cf,1904,130769
Harmothoe imbricata,41.4000015259,-70.9300003052,5ad6c4ff-fb89-4edf-b7b0-212671fb27cf,1905,130769
Harmothoe imbricata,40.6100006104,-73.8099975586,41a50544-957c-4193-8bbf-25a25f749e85,1998,130769
Harmothoe imbricata,40.6899986267,-74.0299987793,41a50544-957c-4193-8bbf-25a25f749e85,1998,130769
Harmothoe imbricata,41.5200004578,-70.6100006104,5ad6c4ff-fb89-4edf-b7b0-212671fb27cf,1905,130769
Harmothoe imbricata,41.2999992371,-71.9169998169,e7c86904-aac7-4a17-a895-99a54c430d80,1972,130769
Harmothoe imbricata,41.5,-70.5899963379,5ad6c4ff-fb89-4edf-b7b0-212671fb27cf,1905,130769
Harmothoe imbricata,41.4799995422,-70.6200027466,5ad6c4ff-fb89-4edf-b7b0-212671fb27cf,1903,130769
Harmothoe imbricata,40.7000007629,-74.0199966431,41a50544-957c-4193-8bbf-25a25f749e85,1998,130769
Harmothoe imbricata,41.3899993896,-70.8399963379,5ad6c4ff-fb89-4edf-b7b0-212671fb27cf,1905,130769
Harmothoe imbricata,41.3800010681,-70.7699966431,5ad6c4ff-fb89-4edf-b7b0-212671fb27cf,1905,130769
Harmothoe imbricata,40.5699996948,-73.8700027466,41a50544-957c-4193-8bbf-25a25f749e85,1998,130769
Harmothoe imbricata,41.5600013733,-70.7399978638,5ad6c4ff-fb89-4edf-b7b0-212671fb27cf,1904,130769
Harmothoe imbricata,41.5,-70.6900024414,5ad6c4ff-fb89-4edf-b7b0-212671fb27cf,1904,130769
Harmothoe imbricata,41.6399993896,-70.75,5ad6c4ff-fb89-4edf-b7b0-212671fb27cf,1904,130769
Harmothoe imbricata,41.283000946,-72.0999984741,e7c86904-aac7-4a17-a895-99a54c430d80,1974,130769
Harmothoe imbricata,41.4599990845,-70.6900024414,5ad6c4ff-fb89-4edf-b7b0-212671fb27cf,1903,130769
Harmothoe imbricata,41.4900016785,-70.6699981689,5ad6c4ff-fb89-4edf-b7b0-212671fb27cf,1903,130769
Harmothoe imbricata,41.283000946,-72.1169967651,e7c86904-aac7-4a17-a895-99a54c430d80,1975,130769
Harmothoe imbricata,41.4900016785,-70.8099975586,5ad6c4ff-fb89-4edf-b7b0-212671fb27cf,1904,130769
Harmothoe imbricata,41.4900817871,-71.3232269287,4da23d30-af8d-48f3-977a-4e24394e2e8c,2003,130769
Harmothoe imbricata,41.5,-70.5899963379,5ad6c4ff-fb89-4edf-b7b0-212671fb27cf,1905,130769
Harmothoe imbricata,41.4799995422,-70.6500015259,5ad6c4ff-fb89-4edf-b7b0-212671fb27cf,1904,130769
Harmothoe imbricata,41.7385787964,-70.6262283325,4da23d30-af8d-48f3-977a-4e24394e2e8c,2007,130769
Harmothoe imbricata,41.4099998474,-70.8199996948,5ad6c4ff-fb89-4edf-b7b0-212671fb27cf,1905,130769
Harmothoe imbricata,40.9300003052,-72.5100021362,41a50544-957c-4193-8bbf-25a25f749e85,2000,130769
Harmothoe imbricata,41.4799995422,-70.6600036621,5ad6c4ff-fb89-4edf-b7b0-212671fb27cf,1905,130769
Harmothoe imbricata,41.3600006104,-70.8399963379,5ad6c4ff-fb89-4edf-b7b0-212671fb27cf,1904,130769
Harmothoe imbricata,41.3699989319,-70.8499984741,5ad6c4ff-fb89-4edf-b7b0-212671fb27cf,1903,130769
Harmothoe imbricata,41.25,-72.0670013428,e7c86904-aac7-4a17-a895-99a54c430d80,1974,130769
Harmothoe imbricata,41.4099998474,-70.7399978638,5ad6c4ff-fb89-4edf-b7b0-212671fb27cf,1903,130769
Harmothoe imbricata,41.4700012207,-70.7799987793,5ad6c4ff-fb89-4edf-b7b0-212671fb27cf,1905,130769
Harmothoe imbricata,41.4799995422,-70.6500015259,5ad6c4ff-fb89-4edf-b7b0-212671fb27cf,1904,130769
Harmothoe imbricata,41.4399986267,-70.8000030518,5ad6c4ff-fb89-4edf-b7b0-212671fb27cf,1904,130769
Harmothoe imbricata,41.4900016785,-70.6800003052,5ad6c4ff-fb89-4edf-b7b0-212671fb27cf,1905,130769
Harmothoe imbricata,41.4099998474,-70.9000015259,5ad6c4ff-fb89-4edf-b7b0-212671fb27cf,1904,130769
Harmothoe imbricata,40.4700012207,-74.0400009155,41a50544-957c-4193-8bbf-25a25f749e85,1998,130769
Harmothoe imbricata,41.6500015259,-70.6800003052,5ad6c4ff-fb89-4edf-b7b0-212671fb27cf,1904,130769
Harmothoe imbricata,41.4500007629,-70.9000015259,5ad6c4ff-fb89-4edf-b7b0-212671fb27cf,1905,130769
Harmothoe imbricata,41.4300003052,-70.8300018311,5ad6c4ff-fb89-4edf-b7b0-212671fb27cf,1904,130769
Harmothoe imbricata,41.5099983215,-70.6699981689,5ad6c4ff-fb89-4edf-b7b0-212671fb27cf,1904,130769
Harmothoe imbricata,41.6300010681,-70.6399993896,5ad6c4ff-fb89-4edf-b7b0-212671fb27cf,1905,130769
Harmothoe imbricata,40.70306,-74.02361,43b58971-4fda-4210-a6ef-654fe0ce226d,1991,130769
Harmothoe imbricata,41.3499984741,-70.8399963379,5ad6c4ff-fb89-4edf-b7b0-212671fb27cf,1904,130769
Harmothoe imbricata,41.3600006104,-70.8399963379,5ad6c4ff-fb89-4edf-b7b0-212671fb27cf,1904,130769
Harmothoe imbricata,41.6699981689,-70.6999969482,5ad6c4ff-fb89-4edf-b7b0-212671fb27cf,1904,130769
Harmothoe imbricata,41.5099983215,-70.6100006104,5ad6c4ff-fb89-4edf-b7b0-212671fb27cf,1905,130769
Harmothoe imbricata,41.4599990845,-70.5899963379,5ad6c4ff-fb89-4edf-b7b0-212671fb27cf,1904,130769
Harmothoe imbricata,40.49445,-74.11611,43b58971-4fda-4210-a6ef-654fe0ce226d,1991,130769
Harmothoe imbricata,41.3899993896,-70.8199996948,5ad6c4ff-fb89-4edf-b7b0-212671fb27cf,1905,130769
Harmothoe imbricata,40.216999054,-73.0329971313,e7c86904-aac7-4a17-a895-99a54c430d80,1984,130769
Harmothoe imbricata,41.3699989319,-70.8799972534,5ad6c4ff-fb89-4edf-b7b0-212671fb27cf,1905,130769
Harmothoe imbricata,41.3800010681,-70.8600006104,5ad6c4ff-fb89-4edf-b7b0-212671fb27cf,1905,130769
Harmothoe imbricata,41.6399993896,-71.2699966431,41a50544-957c-4193-8bbf-25a25f749e85,2001,130769
Harmothoe imbricata,41.4599990845,-70.5899963379,5ad6c4ff-fb89-4edf-b7b0-212671fb27cf,1904,130769
Harmothoe imbricata,41.5,-70.6800003052,5ad6c4ff-fb89-4edf-b7b0-212671fb27cf,1904,130769
Harmothoe imbricata,40.3670005798,-73.7829971313,e7c86904-aac7-4a17-a895-99a54c430d80,1968,130769
Harmothoe imbricata,41.4000015259,-70.7600021362,5ad6c4ff-fb89-4edf-b7b0-212671fb27cf,1903,130769
Harmothoe imbricata,40.9799995422,-72.9100036621,41a50544-957c-4193-8bbf-25a25f749e85,2001,130769
Harmothoe imbricata,41.4500007629,-70.8099975586,5ad6c4ff-fb89-4edf-b7b0-212671fb27cf,1905,130769
Harmothoe imbricata,41.408000946,-70.4820022583,41a50544-957c-4193-8bbf-25a25f749e85,1990,130769
Harmothoe imbricata,40.6899986267,-74.0,41a50544-957c-4193-8bbf-25a25f749e85,1998,130769
Harmothoe imbricata,41.3699989319,-70.7699966431,5ad6c4ff-fb89-4edf-b7b0-212671fb27cf,1905,130769
Harmothoe imbricata,41.4399986267,-70.7900009155,5ad6c4ff-fb89-4edf-b7b0-212671fb27cf,1904,130769
Harmothoe imbricata,41.4399986267,-70.7900009155,5ad6c4ff-fb89-4edf-b7b0-212671fb27cf,1904,130769
Harmothoe imbricata,40.4169998169,-73.9000015259,e7c86904-aac7-4a17-a895-99a54c430d80,1971,130769
Harmothoe imbricata,40.6699981689,-74.0400009155,41a50544-957c-4193-8bbf-25a25f749e85,1993,130769
Harmothoe imbricata,41.4700012207,-70.6100006104,5ad6c4ff-fb89-4edf-b7b0-212671fb27cf,1904,130769
Harmothoe imbricata,41.4099998474,-70.9300003052,5ad6c4ff-fb89-4edf-b7b0-212671fb27cf,1904,130769
Harmothoe imbricata,41.6100006104,-71.2900009155,41a50544-957c-4193-8bbf-25a25f749e85,2001,130769
Harmothoe imbricata,41.283000946,-72.1169967651,e7c86904-aac7-4a17-a895-99a54c430d80,1975,130769
Harmothoe imbricata,41.6500015259,-70.6500015259,5ad6c4ff-fb89-4edf-b7b0-212671fb27cf,1905,130769
Harmothoe imbricata,41.5400009155,-70.6600036621,5ad6c4ff-fb89-4edf-b7b0-212671fb27cf,1905,130769
Harmothoe imbricata,41.6199989319,-70.6399993896,5ad6c4ff-fb89-4edf-b7b0-212671fb27cf,1905,130769
Harmothoe imbricata,41.3699989319,-70.8399963379,5ad6c4ff-fb89-4edf-b7b0-212671fb27cf,1903,130769
Nereis pelagica,41.5,-70.6800003052,5ad6c4ff-fb89-4edf-b7b0-212671fb27cf,1903,130404
Nereis pelagica,41.0328483582,-73.5344772339,4da23d30-af8d-48f3-977a-4e24394e2e8c,2003,130404
Nereis pelagica,41.4900016785,-70.5800018311,5ad6c4ff-fb89-4edf-b7b0-212671fb27cf,1905,130404
Nereis pelagica,41.4599990845,-70.5800018311,5ad6c4ff-fb89-4edf-b7b0-212671fb27cf,1905,130404
Nereis pelagica,41.5099983215,-70.6100006104,5ad6c4ff-fb89-4edf-b7b0-212671fb27cf,1905,130404
Nereis pelagica,40.6455001831,-74.1016464233,4da23d30-af8d-48f3-977a-4e24394e2e8c,2003,130404
Nereis pelagica,41.3899993896,-70.7300033569,5ad6c4ff-fb89-4edf-b7b0-212671fb27cf,1904,130404
Nereis pelagica,41.5430603027,-70.9122161865,89e23fc8-3f61-4480-9de3-358fe6eefe0b,1871,130404
Nereis pelagica,41.4700012207,-70.7300033569,5ad6c4ff-fb89-4edf-b7b0-212671fb27cf,1905,130404
Nereis pelagica,41.4900016785,-70.6900024414,5ad6c4ff-fb89-4edf-b7b0-212671fb27cf,1904,130404
Nereis pelagica,41.4099998474,-70.7399978638,5ad6c4ff-fb89-4edf-b7b0-212671fb27cf,1903,130404
Nereis pelagica,41.283000946,-72.1169967651,e7c86904-aac7-4a17-a895-99a54c430d80,1974,130404
Nereis pelagica,40.6575012207,-69.4569396973,89e23fc8-3f61-4480-9de3-358fe6eefe0b,1977,130404
Nereis pelagica,41.4700012207,-70.6399993896,5ad6c4ff-fb89-4edf-b7b0-212671fb27cf,1903,130404
Nereis pelagica,41.5430603027,-70.9122161865,89e23fc8-3f61-4480-9de3-358fe6eefe0b,1880,130404
Nereis pelagica,41.4300003052,-70.8300018311,5ad6c4ff-fb89-4edf-b7b0-212671fb27cf,1903,130404
Nereis pelagica,41.3499984741,-70.8399963379,5ad6c4ff-fb89-4edf-b7b0-212671fb27cf,1904,130404
Nereis pelagica,41.5099983215,-70.6600036621,5ad6c4ff-fb89-4edf-b7b0-212671fb27cf,1903,130404
Nereis pelagica,41.5299987793,-70.6100006104,5ad6c4ff-fb89-4edf-b7b0-212671fb27cf,1905,130404
Nereis pelagica,41.4599990845,-70.6500015259,5ad6c4ff-fb89-4edf-b7b0-212671fb27cf,1904,130404
Nereis pelagica,40.5363883972,-74.1330032349,4da23d30-af8d-48f3-977a-4e24394e2e8c,2003,130404
Nereis pelagica,40.606713,-69.044848,43b58971-4fda-4210-a6ef-654fe0ce226d,2006,130404
Nereis pelagica,41.4000015259,-70.9599990845,5ad6c4ff-fb89-4edf-b7b0-212671fb27cf,1904,130404
Nereis pelagica,41.3600006104,-70.8399963379,5ad6c4ff-fb89-4edf-b7b0-212671fb27cf,1904,130404
Nereis pelagica,41.3499984741,-70.8399963379,5ad6c4ff-fb89-4edf-b7b0-212671fb27cf,1904,130404
Nereis pelagica,41.3800010681,-70.8099975586,5ad6c4ff-fb89-4edf-b7b0-212671fb27cf,1905,130404
Nereis pelagica,41.3899993896,-70.8199996948,5ad6c4ff-fb89-4edf-b7b0-212671fb27cf,1905,130404
Nereis pelagica,41.5224685669,-70.6672668457,4da23d30-af8d-48f3-977a-4e24394e2e8c,2003,130404
Nereis pelagica,41.4599990845,-70.6600036621,5ad6c4ff-fb89-4edf-b7b0-212671fb27cf,1903,130404
Nereis pelagica,41.3699989319,-70.75,5ad6c4ff-fb89-4edf-b7b0-212671fb27cf,1904,130404
Nereis pelagica,41.4000015259,-70.8000030518,5ad6c4ff-fb89-4edf-b7b0-212671fb27cf,1905,130404
Nereis pelagica,41.4500007629,-70.9100036621,5ad6c4ff-fb89-4edf-b7b0-212671fb27cf,1905,130404
Nereis pelagica,41.3899993896,-70.7300033569,5ad6c4ff-fb89-4edf-b7b0-212671fb27cf,1904,130404
Nereis pelagica,41.4300003052,-70.6900024414,5ad6c4ff-fb89-4edf-b7b0-212671fb27cf,1904,130404
Nereis pelagica,41.4399986267,-70.7300033569,5ad6c4ff-fb89-4edf-b7b0-212671fb27cf,1904,130404
Nereis pelagica,40.5830001831,-68.3000030518,e7c86904-aac7-4a17-a895-99a54c430d80,1955,130404
Nereis pelagica,41.4599990845,-70.8000030518,5ad6c4ff-fb89-4edf-b7b0-212671fb27cf,1905,130404
Nereis pelagica,41.5,-70.6600036621,5ad6c4ff-fb89-4edf-b7b0-212671fb27cf,1905,130404
Nereis pelagica,41.5200004578,-70.6999969482,5ad6c4ff-fb89-4edf-b7b0-212671fb27cf,1905,130404
Nereis pelagica,41.5430603027,-70.9122161865,89e23fc8-3f61-4480-9de3-358fe6eefe0b,1875,130404
Nereis pelagica,41.4700012207,-70.7300033569,5ad6c4ff-fb89-4edf-b7b0-212671fb27cf,1904,130404
Nereis pelagica,41.4399986267,-70.6699981689,5ad6c4ff-fb89-4edf-b7b0-212671fb27cf,1903,130404
Nereis pelagica,41.4399986267,-70.6900024414,5ad6c4ff-fb89-4edf-b7b0-212671fb27cf,1904,130404
Nereis pelagica,41.0999984741,-69.2829971313,e7c86904-aac7-4a17-a895-99a54c430d80,1955,130404
Nereis pelagica,41.5430603027,-70.9122161865,89e23fc8-3f61-4480-9de3-358fe6eefe0b,1875,130404
Nereis pelagica,41.4700012207,-70.7099990845,5ad6c4ff-fb89-4edf-b7b0-212671fb27cf,1904,130404
Nereis pelagica,41.4599990845,-70.6800003052,5ad6c4ff-fb89-4edf-b7b0-212671fb27cf,1903,130404
Nereis pelagica,41.4500007629,-70.6600036621,5ad6c4ff-fb89-4edf-b7b0-212671fb27cf,1904,130404
Nereis pelagica,41.4799995422,-70.5800018311,5ad6c4ff-fb89-4edf-b7b0-212671fb27cf,1905,130404
Nereis pelagica,41.4199981689,-70.9400024414,5ad6c4ff-fb89-4edf-b7b0-212671fb27cf,1905,130404
Nereis pelagica,41.3600006104,-70.8300018311,5ad6c4ff-fb89-4edf-b7b0-212671fb27cf,1903,130404
Nereis pelagica,41.4099998474,-70.9000015259,5ad6c4ff-fb89-4edf-b7b0-212671fb27cf,1905,130404
Nereis pelagica,41.4399986267,-70.6900024414,5ad6c4ff-fb89-4edf-b7b0-212671fb27cf,1903,130404
Nereis pelagica,41.4500007629,-70.8000030518,5ad6c4ff-fb89-4edf-b7b0-212671fb27cf,1904,130404
Nereis pelagica,41.5099983215,-70.6699981689,5ad6c4ff-fb89-4edf-b7b0-212671fb27cf,1904,130404
Nereis pelagica,41.4799995422,-70.7099990845,5ad6c4ff-fb89-4edf-b7b0-212671fb27cf,1903,130404
Nereis pelagica,41.3699989319,-70.8499984741,5ad6c4ff-fb89-4edf-b7b0-212671fb27cf,1905,130404
Nereis pelagica,41.4399986267,-70.7799987793,5ad6c4ff-fb89-4edf-b7b0-212671fb27cf,1904,130404
Nereis pelagica,41.4900817871,-71.3232269287,4da23d30-af8d-48f3-977a-4e24394e2e8c,2003,130404
Nereis pelagica,41.4599990845,-70.7099990845,5ad6c4ff-fb89-4edf-b7b0-212671fb27cf,1903,130404
Nereis pelagica,41.4500007629,-70.8300018311,5ad6c4ff-fb89-4edf-b7b0-212671fb27cf,1905,130404
Nereis pelagica,40.8499984741,-68.9169998169,e7c86904-aac7-4a17-a895-99a54c430d80,1955,130404
Nereis pelagica,41.4000015259,-70.7600021362,5ad6c4ff-fb89-4edf-b7b0-212671fb27cf,1903,130404
Nereis pelagica,41.4300003052,-70.7699966431,5ad6c4ff-fb89-4edf-b7b0-212671fb27cf,1903,130404
Nereis pelagica,41.4799995422,-70.7300033569,5ad6c4ff-fb89-4edf-b7b0-212671fb27cf,1904,130404
Nereis pelagica,41.5136184692,-71.0769271851,4da23d30-af8d-48f3-977a-4e24394e2e8c,2003,130404
Nereis pelagica,41.4900817871,-71.3232269287,4da23d30-af8d-48f3-977a-4e24394e2e8c,2003,130404
Nereis pelagica,41.4099998474,-70.7099990845,5ad6c4ff-fb89-4edf-b7b0-212671fb27cf,1904,130404
Nereis pelagica,41.5,-70.6600036621,5ad6c4ff-fb89-4edf-b7b0-212671fb27cf,1905,130404
Nereis pelagica,41.5,-70.5999984741,5ad6c4ff-fb89-4edf-b7b0-212671fb27cf,1905,130404
Nereis pelagica,41.5200004578,-70.6900024414,5ad6c4ff-fb89-4edf-b7b0-212671fb27cf,1905,130404
Nereis pelagica,41.4900016785,-70.7099990845,5ad6c4ff-fb89-4edf-b7b0-212671fb27cf,1904,130404
Nereis pelagica,41.4399986267,-70.8399963379,5ad6c4ff-fb89-4edf-b7b0-212671fb27cf,1904,130404
Nereis pelagica,41.5,-70.6800003052,5ad6c4ff-fb89-4edf-b7b0-212671fb27cf,1904,130404
Nereis pelagica,41.4099998474,-70.7399978638,5ad6c4ff-fb89-4edf-b7b0-212671fb27cf,1903,130404
Nereis pelagica,41.4799995422,-70.6100006104,5ad6c4ff-fb89-4edf-b7b0-212671fb27cf,1905,130404
Nereis pelagica,41.3800010681,-70.8399963379,5ad6c4ff-fb89-4edf-b7b0-212671fb27cf,1905,130404
Nereis pelagica,41.3600006104,-70.8099975586,5ad6c4ff-fb89-4edf-b7b0-212671fb27cf,1903,130404
Nereis pelagica,41.4599990845,-70.7099990845,5ad6c4ff-fb89-4edf-b7b0-212671fb27cf,1904,130404
Nereis pelagica,41.4300003052,-70.7099990845,5ad6c4ff-fb89-4edf-b7b0-212671fb27cf,1903,130404
Nereis pelagica,41.4199981689,-70.9400024414,5ad6c4ff-fb89-4edf-b7b0-212671fb27cf,1905,130404
Nereis pelagica,41.4300003052,-70.7699966431,5ad6c4ff-fb89-4edf-b7b0-212671fb27cf,1904,130404
Nereis pelagica,41.3600006104,-70.8399963379,5ad6c4ff-fb89-4edf-b7b0-212671fb27cf,1904,130404
Nereis pelagica,41.4799995422,-70.7200012207,5ad6c4ff-fb89-4edf-b7b0-212671fb27cf,1904,130404
Nereis pelagica,41.4700012207,-70.6800003052,5ad6c4ff-fb89-4edf-b7b0-212671fb27cf,1905,130404
Nereis pelagica,41.5099983215,-70.6600036621,5ad6c4ff-fb89-4edf-b7b0-212671fb27cf,1904,130404
Nereis pelagica,41.4500007629,-70.8000030518,5ad6c4ff-fb89-4edf-b7b0-212671fb27cf,1904,130404
Nereis pelagica,41.3400001526,-70.8399963379,5ad6c4ff-fb89-4edf-b7b0-212671fb27cf,1904,130404
Nereis pelagica,41.5,-70.6399993896,5ad6c4ff-fb89-4edf-b7b0-212671fb27cf,1904,130404
Nereis pelagica,41.4399986267,-70.8499984741,5ad6c4ff-fb89-4edf-b7b0-212671fb27cf,1904,130404
Nereis pelagica,41.3800010681,-70.7399978638,5ad6c4ff-fb89-4edf-b7b0-212671fb27cf,1904,130404
Nereis pelagica,41.4799995422,-70.6100006104,5ad6c4ff-fb89-4edf-b7b0-212671fb27cf,1904,130404
Nereis pelagica,40.8330001831,-67.9329986572,e7c86904-aac7-4a17-a895-99a54c430d80,1955,130404
Nereis pelagica,41.4500007629,-70.9100036621,5ad6c4ff-fb89-4edf-b7b0-212671fb27cf,1905,130404
Nereis pelagica,41.4000015259,-70.7300033569,5ad6c4ff-fb89-4edf-b7b0-212671fb27cf,1903,130404
Nereis pelagica,41.3899993896,-70.8099975586,5ad6c4ff-fb89-4edf-b7b0-212671fb27cf,1903,130404
Nereis pelagica,41.5099983215,-70.6999969482,5ad6c4ff-fb89-4edf-b7b0-212671fb27cf,1905,130404
Nereis pelagica,41.4700012207,-70.7399978638,5ad6c4ff-fb89-4edf-b7b0-212671fb27cf,1904,130404
Nereis pelagica,41.3499984741,-70.8399963379,5ad6c4ff-fb89-4edf-b7b0-212671fb27cf,1904,130404
Nereis pelagica,41.4300003052,-70.6999969482,5ad6c4ff-fb89-4edf-b7b0-212671fb27cf,1903,130404
Nereis pelagica,41.4000015259,-70.8000030518,5ad6c4ff-fb89-4edf-b7b0-212671fb27cf,1905,130404
Nereis pelagica,41.3800010681,-70.7399978638,5ad6c4ff-fb89-4edf-b7b0-212671fb27cf,1903,130404
Nereis pelagica,40.483001709,-74.233001709,e7c86904-aac7-4a17-a895-99a54c430d80,1973,130404
Nereis pelagica,41.5430603027,-70.9122161865,89e23fc8-3f61-4480-9de3-358fe6eefe0b,1954,130404
Nereis pelagica,41.4199981689,-70.8499984741,5ad6c4ff-fb89-4edf-b7b0-212671fb27cf,1903,130404
Nereis pelagica,41.4300003052,-70.7699966431,5ad6c4ff-fb89-4edf-b7b0-212671fb27cf,1904,130404
Nereis pelagica,41.4399986267,-70.7799987793,5ad6c4ff-fb89-4edf-b7b0-212671fb27cf,1904,130404
Nereis pelagica,41.3699989319,-70.8399963379,5ad6c4ff-fb89-4edf-b7b0-212671fb27cf,1903,130404
Nereis pelagica,41.0999984741,-69.2829971313,e7c86904-aac7-4a17-a895-99a54c430d80,1955,130404
Nereis pelagica,41.4300003052,-70.8300018311,5ad6c4ff-fb89-4edf-b7b0-212671fb27cf,1904,130404
Nereis pelagica,41.4900016785,-70.6699981689,5ad6c4ff-fb89-4edf-b7b0-212671fb27cf,1903,130404
Nereis pelagica,41.4399986267,-70.6900024414,5ad6c4ff-fb89-4edf-b7b0-212671fb27cf,1904,130404
Nereis pelagica,41.4099998474,-70.9000015259,5ad6c4ff-fb89-4edf-b7b0-212671fb27cf,1904,130404
Nereis pelagica,41.4500007629,-70.7799987793,5ad6c4ff-fb89-4edf-b7b0-212671fb27cf,1904,130404
Nereis pelagica,41.4900016785,-70.6299972534,5ad6c4ff-fb89-4edf-b7b0-212671fb27cf,1905,130404
Nereis pelagica,41.5099983215,-70.5800018311,5ad6c4ff-fb89-4edf-b7b0-212671fb27cf,1905,130404
Nereis pelagica,41.4799995422,-70.7300033569,5ad6c4ff-fb89-4edf-b7b0-212671fb27cf,1904,130404
Nereis pelagica,41.5,-70.6399993896,5ad6c4ff-fb89-4edf-b7b0-212671fb27cf,1904,130404
Nereis pelagica,41.4599990845,-70.7300033569,5ad6c4ff-fb89-4edf-b7b0-212671fb27cf,1905,130404
Nereis pelagica,41.4399986267,-70.7300033569,5ad6c4ff-fb89-4edf-b7b0-212671fb27cf,1904,130404
Nereis pelagica,41.4900016785,-70.6299972534,5ad6c4ff-fb89-4edf-b7b0-212671fb27cf,1903,130404
Nereis pelagica,41.5299987793,-70.6100006104,5ad6c4ff-fb89-4edf-b7b0-212671fb27cf,1905,130404
Nereis pelagica,41.4599990845,-70.6800003052,5ad6c4ff-fb89-4edf-b7b0-212671fb27cf,1903,130404
Nereis pelagica,41.4300003052,-70.7399978638,5ad6c4ff-fb89-4edf-b7b0-212671fb27cf,1903,130404
Nereis pelagica,41.4700012207,-70.6699981689,5ad6c4ff-fb89-4edf-b7b0-212671fb27cf,1903,130404
Nereis pelagica,41.4700012207,-70.6800003052,5ad6c4ff-fb89-4edf-b7b0-212671fb27cf,1905,130404
Nereis pelagica,41.4300003052,-70.8399963379,5ad6c4ff-fb89-4edf-b7b0-212671fb27cf,1904,130404
Nereis pelagica,41.4399986267,-70.7799987793,5ad6c4ff-fb89-4edf-b7b0-212671fb27cf,1904,130404
Nereis pelagica,41.1122817993,-72.3581085205,4da23d30-af8d-48f3-977a-4e24394e2e8c,2003,130404
Nereis pelagica,41.5430603027,-70.9122161865,89e23fc8-3f61-4480-9de3-358fe6eefe0b,1954,130404
Nereis pelagica,41.5,-70.6100006104,5ad6c4ff-fb89-4edf-b7b0-212671fb27cf,1905,130404
Nereis pelagica,41.4199981689,-70.8499984741,5ad6c4ff-fb89-4edf-b7b0-212671fb27cf,1903,130404
Nereis pelagica,41.4399986267,-70.7099990845,5ad6c4ff-fb89-4edf-b7b0-212671fb27cf,1905,130404
Nereis pelagica,41.4900016785,-70.6900024414,5ad6c4ff-fb89-4edf-b7b0-212671fb27cf,1903,130404
Nereis pelagica,41.0999984741,-69.2829971313,e7c86904-aac7-4a17-a895-99a54c430d80,1955,130404
Nereis pelagica,41.4599990845,-70.75,5ad6c4ff-fb89-4edf-b7b0-212671fb27cf,1904,130404
Nereis pelagica,41.4799995422,-70.6100006104,5ad6c4ff-fb89-4edf-b7b0-212671fb27cf,1905,130404
Nereis pelagica,41.3499984741,-70.8399963379,5ad6c4ff-fb89-4edf-b7b0-212671fb27cf,1904,130404
Nereis pelagica,41.4300003052,-70.6999969482,5ad6c4ff-fb89-4edf-b7b0-212671fb27cf,1903,130404
Nereis pelagica,41.3600006104,-70.8600006104,5ad6c4ff-fb89-4edf-b7b0-212671fb27cf,1905,130404
Nereis pelagica,41.4599990845,-70.7300033569,5ad6c4ff-fb89-4edf-b7b0-212671fb27cf,1905,130404
Nereis pelagica,41.4500007629,-70.8399963379,5ad6c4ff-fb89-4edf-b7b0-212671fb27cf,1905,130404
Nereis pelagica,41.4799995422,-70.5699996948,5ad6c4ff-fb89-4edf-b7b0-212671fb27cf,1905,130404
Nereis pelagica,41.4000015259,-70.8000030518,5ad6c4ff-fb89-4edf-b7b0-212671fb27cf,1905,130404
Nereis pelagica,41.4700012207,-70.7300033569,5ad6c4ff-fb89-4edf-b7b0-212671fb27cf,1905,130404
Nereis pelagica,41.5430603027,-70.9122161865,89e23fc8-3f61-4480-9de3-358fe6eefe0b,1875,130404
Nereis pelagica,41.5,-70.5800018311,5ad6c4ff-fb89-4edf-b7b0-212671fb27cf,1905,130404
Nereis pelagica,41.4500007629,-70.9199981689,5ad6c4ff-fb89-4edf-b7b0-212671fb27cf,1905,130404
Nereis pelagica,41.4099998474,-70.8199996948,5ad6c4ff-fb89-4edf-b7b0-212671fb27cf,1905,130404
Nereis pelagica,41.3899993896,-70.8199996948,5ad6c4ff-fb89-4edf-b7b0-212671fb27cf,1905,130404
Nereis pelagica,41.3499984741,-70.8399963379,5ad6c4ff-fb89-4edf-b7b0-212671fb27cf,1904,130404
Nereis pelagica,41.5099983215,-70.6399993896,5ad6c4ff-fb89-4edf-b7b0-212671fb27cf,1905,130404
Nereis pelagica,41.4799995422,-70.6200027466,5ad6c4ff-fb89-4edf-b7b0-212671fb27cf,1903,130404
Nereis pelagica,41.4099998474,-70.8199996948,5ad6c4ff-fb89-4edf-b7b0-212671fb27cf,1905,130404
Nereis pelagica,41.4399986267,-70.8099975586,5ad6c4ff-fb89-4edf-b7b0-212671fb27cf,1903,130404
Nereis pelagica,41.4799995422,-70.5800018311,5ad6c4ff-fb89-4edf-b7b0-212671fb27cf,1905,130404
Nereis pelagica,41.3699989319,-70.75,5ad6c4ff-fb89-4edf-b7b0-212671fb27cf,1904,130404
Nereis pelagica,41.4099998474,-70.9499969482,5ad6c4ff-fb89-4edf-b7b0-212671fb27cf,1905,130404
Nereis pelagica,41.4500007629,-70.7399978638,5ad6c4ff-fb89-4edf-b7b0-212671fb27cf,1904,130404
Nereis pelagica,41.4199981689,-70.7200012207,5ad6c4ff-fb89-4edf-b7b0-212671fb27cf,1903,130404
Nereis pelagica,41.4799995422,-70.5699996948,5ad6c4ff-fb89-4edf-b7b0-212671fb27cf,1905,130404
Nereis pelagica,41.5099983215,-70.6600036621,5ad6c4ff-fb89-4edf-b7b0-212671fb27cf,1904,130404
Nereis pelagica,41.4599990845,-70.6900024414,5ad6c4ff-fb89-4edf-b7b0-212671fb27cf,1903,130404
Nereis pelagica,41.5167007446,-70.6667022705,89e23fc8-3f61-4480-9de3-358fe6eefe0b,1883,130404
Nereis pelagica,41.3800010681,-70.8600006104,5ad6c4ff-fb89-4edf-b7b0-212671fb27cf,1905,130404
Nereis pelagica,41.4099998474,-70.9000015259,5ad6c4ff-fb89-4edf-b7b0-212671fb27cf,1904,130404
Nereis pelagica,41.3899993896,-70.8099975586,5ad6c4ff-fb89-4edf-b7b0-212671fb27cf,1903,130404
Nereis pelagica,41.4599990845,-70.7099990845,5ad6c4ff-fb89-4edf-b7b0-212671fb27cf,1904,130404
Nereis pelagica,41.7385787964,-70.6262283325,4da23d30-af8d-48f3-977a-4e24394e2e8c,2003,130404
Nereis pelagica,41.4700012207,-70.7900009155,5ad6c4ff-fb89-4edf-b7b0-212671fb27cf,1905,130404
Nereis pelagica,41.4399986267,-70.7300033569,5ad6c4ff-fb89-4edf-b7b0-212671fb27cf,1904,130404
Nereis pelagica,41.3899993896,-70.8399963379,5ad6c4ff-fb89-4edf-b7b0-212671fb27cf,1905,130404
Nereis pelagica,41.5,-70.6800003052,5ad6c4ff-fb89-4edf-b7b0-212671fb27cf,1904,130404
Nereis pelagica,41.4900016785,-70.6299972534,5ad6c4ff-fb89-4edf-b7b0-212671fb27cf,1905,130404
Nereis pelagica,41.4700012207,-70.6800003052,5ad6c4ff-fb89-4edf-b7b0-212671fb27cf,1905,130404
Nereis pelagica,41.4700012207,-70.6100006104,5ad6c4ff-fb89-4edf-b7b0-212671fb27cf,1903,130404
Nereis pelagica,41.4599990845,-70.5800018311,5ad6c4ff-fb89-4edf-b7b0-212671fb27cf,1905,130404
Nereis pelagica,41.4500007629,-70.8499984741,5ad6c4ff-fb89-4edf-b7b0-212671fb27cf,1905,130404
Nereis pelagica,41.4000015259,-70.8000030518,5ad6c4ff-fb89-4edf-b7b0-212671fb27cf,1903,130404
Nereis pelagica,40.8499984741,-68.9169998169,e7c86904-aac7-4a17-a895-99a54c430d80,1955,130404
Nereis pelagica,41.4500007629,-70.7099990845,5ad6c4ff-fb89-4edf-b7b0-212671fb27cf,1905,130404
Nereis pelagica,41.5099983215,-70.7200012207,5ad6c4ff-fb89-4edf-b7b0-212671fb27cf,1905,130404
Nereis pelagica,41.4700012207,-70.6200027466,5ad6c4ff-fb89-4edf-b7b0-212671fb27cf,1904,130404
Nereis pelagica,41.3600006104,-70.8300018311,5ad6c4ff-fb89-4edf-b7b0-212671fb27cf,1904,130404
Nereis pelagica,41.5099983215,-70.6699981689,5ad6c4ff-fb89-4edf-b7b0-212671fb27cf,1904,130404
Nereis pelagica,41.5430603027,-70.9122161865,89e23fc8-3f61-4480-9de3-358fe6eefe0b,1871,130404
Nereis pelagica,41.3899993896,-70.75,5ad6c4ff-fb89-4edf-b7b0-212671fb27cf,1903,130404
Nereis pelagica,41.4900016785,-70.6999969482,5ad6c4ff-fb89-4edf-b7b0-212671fb27cf,1904,130404
Nereis pelagica,41.5200004578,-70.7300033569,5ad6c4ff-fb89-4edf-b7b0-212671fb27cf,1905,130404
Nereis pelagica,41.4199981689,-70.7600021362,5ad6c4ff-fb89-4edf-b7b0-212671fb27cf,1903,130404
Nereis pelagica,41.4399986267,-70.8000030518,5ad6c4ff-fb89-4edf-b7b0-212671fb27cf,1904,130404
Nereis pelagica,41.4900016785,-70.6299972534,5ad6c4ff-fb89-4edf-b7b0-212671fb27cf,1903,130404
Nereis pelagica,41.3899993896,-70.8499984741,5ad6c4ff-fb89-4edf-b7b0-212671fb27cf,1905,130404
Nereis pelagica,41.3499984741,-70.8300018311,5ad6c4ff-fb89-4edf-b7b0-212671fb27cf,1904,130404
Nereis pelagica,41.7385787964,-70.6262283325,4da23d30-af8d-48f3-977a-4e24394e2e8c,2007,130404
Nereis pelagica,41.4199981689,-70.6999969482,5ad6c4ff-fb89-4edf-b7b0-212671fb27cf,1904,130404
Nereis pelagica,41.4599990845,-70.75,5ad6c4ff-fb89-4edf-b7b0-212671fb27cf,1904,130404
Nereis pelagica,41.3699989319,-70.7699966431,5ad6c4ff-fb89-4edf-b7b0-212671fb27cf,1905,130404
Nereis pelagica,41.4700012207,-70.6299972534,5ad6c4ff-fb89-4edf-b7b0-212671fb27cf,1905,130404
Nereis pelagica,41.4599990845,-70.6600036621,5ad6c4ff-fb89-4edf-b7b0-212671fb27cf,1904,130404
Nereis pelagica,41.4000015259,-70.9700012207,5ad6c4ff-fb89-4edf-b7b0-212671fb27cf,1904,130404
Nereis pelagica,41.4700012207,-70.7300033569,5ad6c4ff-fb89-4edf-b7b0-212671fb27cf,1904,130404
Nereis pelagica,41.5099983215,-70.6399993896,5ad6c4ff-fb89-4edf-b7b0-212671fb27cf,1905,130404
Nereis pelagica,41.6213111877,-71.4113235474,4da23d30-af8d-48f3-977a-4e24394e2e8c,2003,130404
Nereis pelagica,41.3600006104,-70.8399963379,5ad6c4ff-fb89-4edf-b7b0-212671fb27cf,1904,130404
Nereis pelagica,40.7052497864,-74.0024032593,4da23d30-af8d-48f3-977a-4e24394e2e8c,2003,130404
Nereis pelagica,41.4500007629,-70.8300018311,5ad6c4ff-fb89-4edf-b7b0-212671fb27cf,1905,130404
Nereis pelagica,41.4000015259,-70.7799987793,5ad6c4ff-fb89-4edf-b7b0-212671fb27cf,1905,130404
Nereis pelagica,41.4900016785,-70.7099990845,5ad6c4ff-fb89-4edf-b7b0-212671fb27cf,1904,130404
Nereis pelagica,41.4399986267,-70.9100036621,5ad6c4ff-fb89-4edf-b7b0-212671fb27cf,1905,130404
Nereis pelagica,41.4399986267,-70.8199996948,5ad6c4ff-fb89-4edf-b7b0-212671fb27cf,1904,130404
Nereis pelagica,41.4700012207,-70.6399993896,5ad6c4ff-fb89-4edf-b7b0-212671fb27cf,1905,130404
Nereis pelagica,41.4000015259,-70.8000030518,5ad6c4ff-fb89-4edf-b7b0-212671fb27cf,1903,130404
Nereis pelagica,41.4399986267,-70.7900009155,5ad6c4ff-fb89-4edf-b7b0-212671fb27cf,1904,130404
Nereis pelagica,41.4799995422,-70.6100006104,5ad6c4ff-fb89-4edf-b7b0-212671fb27cf,1904,130404
Nereis pelagica,41.4399986267,-70.9100036621,5ad6c4ff-fb89-4edf-b7b0-212671fb27cf,1905,130404
Nereis pelagica,41.4099998474,-70.9300003052,5ad6c4ff-fb89-4edf-b7b0-212671fb27cf,1904,130404
Nereis pelagica,41.4500007629,-70.9199981689,5ad6c4ff-fb89-4edf-b7b0-212671fb27cf,1904,130404
Nereis pelagica,40.8499984741,-68.9169998169,e7c86904-aac7-4a17-a895-99a54c430d80,1955,130404
Nereis pelagica,41.5200004578,-70.6100006104,5ad6c4ff-fb89-4edf-b7b0-212671fb27cf,1905,130404
Nereis pelagica,41.4500007629,-70.7399978638,5ad6c4ff-fb89-4edf-b7b0-212671fb27cf,1904,130404
Nereis pelagica,41.5099983215,-70.5999984741,5ad6c4ff-fb89-4edf-b7b0-212671fb27cf,1905,130404
Nereis pelagica,41.4700012207,-70.5899963379,5ad6c4ff-fb89-4edf-b7b0-212671fb27cf,1904,130404
Nereis pelagica,41.4700012207,-70.6800003052,5ad6c4ff-fb89-4edf-b7b0-212671fb27cf,1905,130404
Nereis pelagica,41.5224685669,-70.6672668457,4da23d30-af8d-48f3-977a-4e24394e2e8c,2000,130404
Nereis pelagica,41.3699989319,-70.8799972534,5ad6c4ff-fb89-4edf-b7b0-212671fb27cf,1905,130404
Nereis pelagica,41.4300003052,-70.9300003052,5ad6c4ff-fb89-4edf-b7b0-212671fb27cf,1905,130404
Nereis pelagica,41.3499984741,-70.8399963379,5ad6c4ff-fb89-4edf-b7b0-212671fb27cf,1904,130404
Nereis pelagica,41.4000015259,-70.9700012207,5ad6c4ff-fb89-4edf-b7b0-212671fb27cf,1904,130404
Nereis pelagica,41.4700012207,-70.6399993896,5ad6c4ff-fb89-4edf-b7b0-212671fb27cf,1905,130404
Nereis pelagica,41.5,-70.5999984741,5ad6c4ff-fb89-4edf-b7b0-212671fb27cf,1905,130404
Nereis pelagica,41.4399986267,-70.7600021362,5ad6c4ff-fb89-4edf-b7b0-212671fb27cf,1903,130404
Nereis pelagica,41.4599990845,-70.8000030518,5ad6c4ff-fb89-4edf-b7b0-212671fb27cf,1905,130404
Nereis pelagica,41.4700012207,-70.7099990845,5ad6c4ff-fb89-4edf-b7b0-212671fb27cf,1903,130404
Nereis pelagica,41.4199981689,-70.9300003052,5ad6c4ff-fb89-4edf-b7b0-212671fb27cf,1905,130404
Nereis pelagica,41.4099998474,-70.8399963379,5ad6c4ff-fb89-4edf-b7b0-212671fb27cf,1903,130404
Nereis pelagica,41.4700012207,-70.6100006104,5ad6c4ff-fb89-4edf-b7b0-212671fb27cf,1904,130404
Nereis pelagica,41.4500007629,-70.7399978638,5ad6c4ff-fb89-4edf-b7b0-212671fb27cf,1904,130404
Nereis pelagica,41.5200004578,-70.6800003052,5ad6c4ff-fb89-4edf-b7b0-212671fb27cf,1905,130404
Nereis pelagica,41.5099983215,-70.5999984741,5ad6c4ff-fb89-4edf-b7b0-212671fb27cf,1905,130404
Nereis pelagica,41.4000015259,-70.9599990845,5ad6c4ff-fb89-4edf-b7b0-212671fb27cf,1904,130404
Nereis pelagica,41.4399986267,-70.75,5ad6c4ff-fb89-4edf-b7b0-212671fb27cf,1905,130404
Nereis pelagica,41.4500007629,-70.7399978638,5ad6c4ff-fb89-4edf-b7b0-212671fb27cf,1904,130404
Nereis pelagica,41.4900016785,-70.6299972534,5ad6c4ff-fb89-4edf-b7b0-212671fb27cf,1904,130404
Nereis pelagica,41.3800010681,-70.8199996948,5ad6c4ff-fb89-4edf-b7b0-212671fb27cf,1905,130404
Nereis pelagica,41.5099983215,-70.6999969482,5ad6c4ff-fb89-4edf-b7b0-212671fb27cf,1905,130404
Nereis pelagica,41.4700012207,-70.7200012207,5ad6c4ff-fb89-4edf-b7b0-212671fb27cf,1903,130404
Nereis pelagica,41.4900817871,-71.3232269287,4da23d30-af8d-48f3-977a-4e24394e2e8c,2003,130404
Nereis pelagica,41.4300003052,-70.7699966431,5ad6c4ff-fb89-4edf-b7b0-212671fb27cf,1904,130404
Nereis pelagica,41.4900016785,-70.6999969482,5ad6c4ff-fb89-4edf-b7b0-212671fb27cf,1903,130404
Nereis pelagica,40.9426803589,-72.5702285767,4da23d30-af8d-48f3-977a-4e24394e2e8c,2003,130404
Nereis pelagica,40.5499992371,-71.9169998169,e7c86904-aac7-4a17-a895-99a54c430d80,1975,130404
Nereis pelagica,41.4900016785,-70.6900024414,5ad6c4ff-fb89-4edf-b7b0-212671fb27cf,1903,130404
Nereis pelagica,41.4000015259,-70.7799987793,5ad6c4ff-fb89-4edf-b7b0-212671fb27cf,1905,130404
Nereis pelagica,41.4900016785,-70.6999969482,5ad6c4ff-fb89-4edf-b7b0-212671fb27cf,1904,130404
Nereis pelagica,41.4399986267,-70.8399963379,5ad6c4ff-fb89-4edf-b7b0-212671fb27cf,1904,130404
Nereis pelagica,41.4700012207,-70.7099990845,5ad6c4ff-fb89-4edf-b7b0-212671fb27cf,1904,130404
Nereis pelagica,41.4000015259,-70.75,5ad6c4ff-fb89-4edf-b7b0-212671fb27cf,1905,130404
Nereis pelagica,41.5200004578,-70.6900024414,5ad6c4ff-fb89-4edf-b7b0-212671fb27cf,1905,130404
Nereis pelagica,41.3699989319,-70.7699966431,5ad6c4ff-fb89-4edf-b7b0-212671fb27cf,1905,130404
Nereis pelagica,41.4700012207,-70.7399978638,5ad6c4ff-fb89-4edf-b7b0-212671fb27cf,1904,130404
Nereis pelagica,41.4399986267,-70.6900024414,5ad6c4ff-fb89-4edf-b7b0-212671fb27cf,1905,130404
Nereis pelagica,41.5099983215,-70.5800018311,5ad6c4ff-fb89-4edf-b7b0-212671fb27cf,1905,130404
Nereis pelagica,41.4500007629,-70.6600036621,5ad6c4ff-fb89-4edf-b7b0-212671fb27cf,1904,130404
Nereis pelagica,41.4399986267,-70.6699981689,5ad6c4ff-fb89-4edf-b7b0-212671fb27cf,1903,130404
Nereis pelagica,41.5,-70.6900024414,5ad6c4ff-fb89-4edf-b7b0-212671fb27cf,1904,130404
Nereis pelagica,41.5200004578,-70.6800003052,5ad6c4ff-fb89-4edf-b7b0-212671fb27cf,1905,130404
Nereis pelagica,41.4799995422,-70.6100006104,5ad6c4ff-fb89-4edf-b7b0-212671fb27cf,1905,130404
Nereis pelagica,41.4900016785,-70.6999969482,5ad6c4ff-fb89-4edf-b7b0-212671fb27cf,1904,130404
Nereis pelagica,41.4300003052,-70.7399978638,5ad6c4ff-fb89-4edf-b7b0-212671fb27cf,1903,130404
Nereis pelagica,40.606713,-69.044848,43b58971-4fda-4210-a6ef-654fe0ce226d,2006,130404
Nereis pelagica,41.5200004578,-70.7300033569,5ad6c4ff-fb89-4edf-b7b0-212671fb27cf,1905,130404
Nereis pelagica,41.4399986267,-70.8000030518,5ad6c4ff-fb89-4edf-b7b0-212671fb27cf,1904,130404
Nereis pelagica,41.4000015259,-70.9300003052,5ad6c4ff-fb89-4edf-b7b0-212671fb27cf,1905,130404
Nereis pelagica,41.4000015259,-70.8199996948,5ad6c4ff-fb89-4edf-b7b0-212671fb27cf,1905,130404
Nereis pelagica,41.4399986267,-70.6900024414,5ad6c4ff-fb89-4edf-b7b0-212671fb27cf,1905,130404
Nereis pelagica,41.5200004578,-70.6999969482,5ad6c4ff-fb89-4edf-b7b0-212671fb27cf,1905,130404
Nereis pelagica,41.3466796875,-71.967956543,4da23d30-af8d-48f3-977a-4e24394e2e8c,2003,130404
Nereis pelagica,41.4399986267,-70.8099975586,5ad6c4ff-fb89-4edf-b7b0-212671fb27cf,1904,130404
Nereis pelagica,41.4300003052,-70.7699966431,5ad6c4ff-fb89-4edf-b7b0-212671fb27cf,1903,130404
Nereis pelagica,41.4500007629,-70.9199981689,5ad6c4ff-fb89-4edf-b7b0-212671fb27cf,1904,130404
Nereis pelagica,41.4799995422,-70.6200027466,5ad6c4ff-fb89-4edf-b7b0-212671fb27cf,1903,130404
Nereis pelagica,41.4799995422,-70.6500015259,5ad6c4ff-fb89-4edf-b7b0-212671fb27cf,1904,130404
Nereis pelagica,41.5430603027,-70.9122161865,89e23fc8-3f61-4480-9de3-358fe6eefe0b,1875,130404
Nereis pelagica,41.4700012207,-70.7200012207,5ad6c4ff-fb89-4edf-b7b0-212671fb27cf,1903,130404
Nereis pelagica,41.5224685669,-70.6672668457,4da23d30-af8d-48f3-977a-4e24394e2e8c,2003,130404
Nereis pelagica,41.4799995422,-70.6500015259,5ad6c4ff-fb89-4edf-b7b0-212671fb27cf,1904,130404
Nereis pelagica,41.5430603027,-70.9122161865,89e23fc8-3f61-4480-9de3-358fe6eefe0b,1881,130404
Nereis pelagica,41.4799995422,-70.6500015259,5ad6c4ff-fb89-4edf-b7b0-212671fb27cf,1904,130404
Nereis pelagica,41.4700012207,-70.7099990845,5ad6c4ff-fb89-4edf-b7b0-212671fb27cf,1903,130404
Nereis pelagica,41.3800010681,-70.8600006104,5ad6c4ff-fb89-4edf-b7b0-212671fb27cf,1905,130404
Nereis pelagica,41.3800010681,-70.8199996948,5ad6c4ff-fb89-4edf-b7b0-212671fb27cf,1905,130404
Nereis pelagica,41.3699989319,-70.8499984741,5ad6c4ff-fb89-4edf-b7b0-212671fb27cf,1905,130404
Nereis pelagica,41.4500007629,-70.9000015259,5ad6c4ff-fb89-4edf-b7b0-212671fb27cf,1905,130404
Nereis pelagica,41.2116508484,-73.0508270264,4da23d30-af8d-48f3-977a-4e24394e2e8c,2003,130404
Nereis pelagica,41.4700012207,-70.7099990845,5ad6c4ff-fb89-4edf-b7b0-212671fb27cf,1904,130404
Nereis pelagica,41.5,-70.6900024414,5ad6c4ff-fb89-4edf-b7b0-212671fb27cf,1904,130404
Nereis pelagica,41.4099998474,-70.9199981689,5ad6c4ff-fb89-4edf-b7b0-212671fb27cf,1904,130404
Nereis pelagica,41.5099983215,-70.6600036621,5ad6c4ff-fb89-4edf-b7b0-212671fb27cf,1904,130404
Nereis pelagica,41.4399986267,-70.75,5ad6c4ff-fb89-4edf-b7b0-212671fb27cf,1905,130404
Nereis pelagica,41.4599990845,-70.7099990845,5ad6c4ff-fb89-4edf-b7b0-212671fb27cf,1903,130404
Nereis pelagica,41.4599990845,-70.6600036621,5ad6c4ff-fb89-4edf-b7b0-212671fb27cf,1904,130404
Nereis pelagica,41.3499984741,-70.8399963379,5ad6c4ff-fb89-4edf-b7b0-212671fb27cf,1904,130404
Nereis pelagica,40.9426803589,-72.5702285767,4da23d30-af8d-48f3-977a-4e24394e2e8c,2003,130404
Nereis pelagica,41.5200004578,-70.6100006104,5ad6c4ff-fb89-4edf-b7b0-212671fb27cf,1905,130404
Nereis pelagica,41.5,-70.6699981689,5ad6c4ff-fb89-4edf-b7b0-212671fb27cf,1904,130404
Nereis pelagica,41.3800010681,-70.8099975586,5ad6c4ff-fb89-4edf-b7b0-212671fb27cf,1905,130404
Nereis pelagica,41.3899993896,-70.8499984741,5ad6c4ff-fb89-4edf-b7b0-212671fb27cf,1905,130404
Nereis pelagica,41.4099998474,-70.9199981689,5ad6c4ff-fb89-4edf-b7b0-212671fb27cf,1904,130404
Nereis pelagica,40.9426803589,-72.5702285767,4da23d30-af8d-48f3-977a-4e24394e2e8c,2003,130404
Nereis pelagica,41.4799995422,-70.6800003052,5ad6c4ff-fb89-4edf-b7b0-212671fb27cf,1903,130404
Nereis pelagica,41.3800010681,-70.7399978638,5ad6c4ff-fb89-4edf-b7b0-212671fb27cf,1904,130404
Nereis pelagica,41.4799995422,-70.7200012207,5ad6c4ff-fb89-4edf-b7b0-212671fb27cf,1904,130404
Nereis pelagica,41.4000015259,-70.75,5ad6c4ff-fb89-4edf-b7b0-212671fb27cf,1905,130404
Nereis pelagica,40.8499984741,-68.9169998169,e7c86904-aac7-4a17-a895-99a54c430d80,1955,130404
Nereis pelagica,41.4900016785,-70.6699981689,5ad6c4ff-fb89-4edf-b7b0-212671fb27cf,1903,130404
Nereis pelagica,41.4500007629,-70.7699966431,5ad6c4ff-fb89-4edf-b7b0-212671fb27cf,1904,130404
Nereis pelagica,41.3499984741,-70.8399963379,5ad6c4ff-fb89-4edf-b7b0-212671fb27cf,1904,130404
Nereis pelagica,40.65832901,-67.8399963379,89e23fc8-3f61-4480-9de3-358fe6eefe0b,1983,130404
Nereis pelagica,41.4199981689,-70.7799987793,5ad6c4ff-fb89-4edf-b7b0-212671fb27cf,1905,130404
Nereis pelagica,41.4099998474,-70.8399963379,5ad6c4ff-fb89-4edf-b7b0-212671fb27cf,1903,130404
Nereis pelagica,41.5,-70.6800003052,5ad6c4ff-fb89-4edf-b7b0-212671fb27cf,1903,130404
Nereis pelagica,41.5430603027,-70.9122161865,89e23fc8-3f61-4480-9de3-358fe6eefe0b,1883,130404
Nereis pelagica,41.4700012207,-70.6399993896,5ad6c4ff-fb89-4edf-b7b0-212671fb27cf,1903,130404
Nereis pelagica,41.3800010681,-70.8099975586,5ad6c4ff-fb89-4edf-b7b0-212671fb27cf,1903,130404
Nereis pelagica,41.4946212769,-71.3963165283,4da23d30-af8d-48f3-977a-4e24394e2e8c,2000,130404
Nereis pelagica,41.5400009155,-70.6500015259,5ad6c4ff-fb89-4edf-b7b0-212671fb27cf,1905,130404
Nereis pelagica,41.5055007935,-71.3253479004,4da23d30-af8d-48f3-977a-4e24394e2e8c,2000,130404
Nereis pelagica,40.9426803589,-72.5702285767,4da23d30-af8d-48f3-977a-4e24394e2e8c,2003,130404
Nereis pelagica,41.0999984741,-69.2829971313,e7c86904-aac7-4a17-a895-99a54c430d80,1955,130404
Nereis pelagica,41.4300003052,-70.6900024414,5ad6c4ff-fb89-4edf-b7b0-212671fb27cf,1904,130404
Nereis pelagica,41.3699989319,-70.7600021362,5ad6c4ff-fb89-4edf-b7b0-212671fb27cf,1904,130404
Nereis pelagica,41.4399986267,-70.8199996948,5ad6c4ff-fb89-4edf-b7b0-212671fb27cf,1904,130404
Nereis pelagica,41.4000015259,-70.8199996948,5ad6c4ff-fb89-4edf-b7b0-212671fb27cf,1905,130404
Nereis pelagica,41.4199981689,-70.7799987793,5ad6c4ff-fb89-4edf-b7b0-212671fb27cf,1905,130404
Nereis pelagica,41.3699989319,-70.8399963379,5ad6c4ff-fb89-4edf-b7b0-212671fb27cf,1903,130404
Nereis pelagica,40.7286109924,-67.5583267212,89e23fc8-3f61-4480-9de3-358fe6eefe0b,1977,130404
Nereis pelagica,41.5430603027,-70.9122161865,89e23fc8-3f61-4480-9de3-358fe6eefe0b,1875,130404
Nereis pelagica,41.4799995422,-70.6500015259,5ad6c4ff-fb89-4edf-b7b0-212671fb27cf,1904,130404
Nereis pelagica,41.5,-70.5800018311,5ad6c4ff-fb89-4edf-b7b0-212671fb27cf,1905,130404
Nereis pelagica,41.5099983215,-70.6600036621,5ad6c4ff-fb89-4edf-b7b0-212671fb27cf,1904,130404
Nereis pelagica,41.4300003052,-70.7699966431,5ad6c4ff-fb89-4edf-b7b0-212671fb27cf,1904,130404
Nereis pelagica,41.4099998474,-70.8399963379,5ad6c4ff-fb89-4edf-b7b0-212671fb27cf,1905,130404
Nereis pelagica,41.4099998474,-70.7099990845,5ad6c4ff-fb89-4edf-b7b0-212671fb27cf,1904,130404
Nereis pelagica,41.4599990845,-70.6600036621,5ad6c4ff-fb89-4edf-b7b0-212671fb27cf,1903,130404
Nereis pelagica,41.4199981689,-70.9300003052,5ad6c4ff-fb89-4edf-b7b0-212671fb27cf,1905,130404
Nereis pelagica,41.4399986267,-70.8099975586,5ad6c4ff-fb89-4edf-b7b0-212671fb27cf,1904,130404
Nereis pelagica,41.4199981689,-70.7200012207,5ad6c4ff-fb89-4edf-b7b0-212671fb27cf,1903,130404
Nereis pelagica,41.3600006104,-70.8600006104,5ad6c4ff-fb89-4edf-b7b0-212671fb27cf,1905,130404
Nereis pelagica,41.3800010681,-70.7399978638,5ad6c4ff-fb89-4edf-b7b0-212671fb27cf,1903,130404
Nereis pelagica,41.4500007629,-70.9000015259,5ad6c4ff-fb89-4edf-b7b0-212671fb27cf,1905,130404
Nereis pelagica,41.5430603027,-70.9122161865,89e23fc8-3f61-4480-9de3-358fe6eefe0b,1881,130404
Nereis pelagica,41.4900016785,-70.5800018311,5ad6c4ff-fb89-4edf-b7b0-212671fb27cf,1905,130404
Nereis pelagica,41.4399986267,-70.6900024414,5ad6c4ff-fb89-4edf-b7b0-212671fb27cf,1903,130404
Nereis pelagica,41.4900016785,-70.6299972534,5ad6c4ff-fb89-4edf-b7b0-212671fb27cf,1904,130404
Nereis pelagica,41.5,-70.6200027466,5ad6c4ff-fb89-4edf-b7b0-212671fb27cf,1905,130404
Nereis pelagica,41.4500007629,-70.8399963379,5ad6c4ff-fb89-4edf-b7b0-212671fb27cf,1905,130404
Nereis pelagica,40.5830001831,-68.3000030518,e7c86904-aac7-4a17-a895-99a54c430d80,1955,130404
Nereis pelagica,41.4700012207,-70.7900009155,5ad6c4ff-fb89-4edf-b7b0-212671fb27cf,1905,130404
Nereis pelagica,41.5099983215,-70.6100006104,5ad6c4ff-fb89-4edf-b7b0-212671fb27cf,1905,130404
Nereis pelagica,40.5750007629,-69.8458328247,89e23fc8-3f61-4480-9de3-358fe6eefe0b,1884,130404
Nereis pelagica,41.4599990845,-70.6600036621,5ad6c4ff-fb89-4edf-b7b0-212671fb27cf,1903,130404
Nereis pelagica,40.4169998169,-72.3170013428,e7c86904-aac7-4a17-a895-99a54c430d80,1982,130404
Nereis pelagica,41.4900016785,-70.6100006104,5ad6c4ff-fb89-4edf-b7b0-212671fb27cf,1905,130404
Nereis pelagica,41.4099998474,-70.9000015259,5ad6c4ff-fb89-4edf-b7b0-212671fb27cf,1905,130404
Nereis pelagica,41.4000015259,-70.9300003052,5ad6c4ff-fb89-4edf-b7b0-212671fb27cf,1905,130404
Nereis pelagica,41.5,-70.6200027466,5ad6c4ff-fb89-4edf-b7b0-212671fb27cf,1905,130404
Nereis pelagica,41.5,-70.6200027466,5ad6c4ff-fb89-4edf-b7b0-212671fb27cf,1905,130404
Nereis pelagica,41.4300003052,-70.8399963379,5ad6c4ff-fb89-4edf-b7b0-212671fb27cf,1904,130404
Nereis pelagica,41.4300003052,-70.9300003052,5ad6c4ff-fb89-4edf-b7b0-212671fb27cf,1905,130404
Nereis pelagica,41.4599990845,-70.6600036621,5ad6c4ff-fb89-4edf-b7b0-212671fb27cf,1903,130404
Nereis pelagica,41.3600006104,-70.8300018311,5ad6c4ff-fb89-4edf-b7b0-212671fb27cf,1903,130404
Nereis pelagica,41.3499984741,-70.8399963379,5ad6c4ff-fb89-4edf-b7b0-212671fb27cf,1904,130404
Nereis pelagica,41.3600006104,-70.8099975586,5ad6c4ff-fb89-4edf-b7b0-212671fb27cf,1903,130404
Nereis pelagica,41.3499984741,-70.8399963379,5ad6c4ff-fb89-4edf-b7b0-212671fb27cf,1904,130404
Nereis pelagica,41.4300003052,-70.8300018311,5ad6c4ff-fb89-4edf-b7b0-212671fb27cf,1904,130404
Nereis pelagica,41.4900016785,-70.6999969482,5ad6c4ff-fb89-4edf-b7b0-212671fb27cf,1904,130404
Nereis pelagica,41.4500007629,-70.7699966431,5ad6c4ff-fb89-4edf-b7b0-212671fb27cf,1904,130404
Nereis pelagica,41.4700012207,-70.6200027466,5ad6c4ff-fb89-4edf-b7b0-212671fb27cf,1904,130404
Nereis pelagica,41.4000015259,-70.7300033569,5ad6c4ff-fb89-4edf-b7b0-212671fb27cf,1903,130404
Nereis pelagica,41.4199981689,-70.7600021362,5ad6c4ff-fb89-4edf-b7b0-212671fb27cf,1903,130404
Nereis pelagica,41.4300003052,-70.8300018311,5ad6c4ff-fb89-4edf-b7b0-212671fb27cf,1903,130404
Nereis pelagica,41.4399986267,-70.7799987793,5ad6c4ff-fb89-4edf-b7b0-212671fb27cf,1903,130404
Nereis pelagica,41.4000015259,-70.7600021362,5ad6c4ff-fb89-4edf-b7b0-212671fb27cf,1903,130404
Nereis pelagica,41.5099983215,-70.6600036621,5ad6c4ff-fb89-4edf-b7b0-212671fb27cf,1903,130404
Nereis pelagica,41.5,-70.5899963379,5ad6c4ff-fb89-4edf-b7b0-212671fb27cf,1905,130404
Nereis pelagica,41.4900016785,-70.6999969482,5ad6c4ff-fb89-4edf-b7b0-212671fb27cf,1903,130404
Nereis pelagica,41.5,-70.6900024414,5ad6c4ff-fb89-4edf-b7b0-212671fb27cf,1904,130404
Nereis pelagica,41.4599990845,-70.75,5ad6c4ff-fb89-4edf-b7b0-212671fb27cf,1904,130404
Nereis pelagica,41.4399986267,-70.8499984741,5ad6c4ff-fb89-4edf-b7b0-212671fb27cf,1904,130404
Nereis pelagica,41.3800010681,-70.8399963379,5ad6c4ff-fb89-4edf-b7b0-212671fb27cf,1905,130404
Nereis pelagica,41.3800010681,-70.8099975586,5ad6c4ff-fb89-4edf-b7b0-212671fb27cf,1903,130404
Nereis pelagica,41.1500015259,-68.9329986572,e7c86904-aac7-4a17-a895-99a54c430d80,1955,130404
Nereis pelagica,41.4700012207,-70.5899963379,5ad6c4ff-fb89-4edf-b7b0-212671fb27cf,1904,130404
Nereis pelagica,41.4900016785,-70.6999969482,5ad6c4ff-fb89-4edf-b7b0-212671fb27cf,1904,130404
Nereis pelagica,41.3400001526,-70.8399963379,5ad6c4ff-fb89-4edf-b7b0-212671fb27cf,1904,130404
Nereis pelagica,41.3499984741,-70.8300018311,5ad6c4ff-fb89-4edf-b7b0-212671fb27cf,1904,130404
Nereis pelagica,41.5,-70.6200027466,5ad6c4ff-fb89-4edf-b7b0-212671fb27cf,1905,130404
Nereis pelagica,41.5400009155,-70.6500015259,5ad6c4ff-fb89-4edf-b7b0-212671fb27cf,1905,130404
Nereis pelagica,41.5,-70.6900024414,5ad6c4ff-fb89-4edf-b7b0-212671fb27cf,1904,130404
Nereis pelagica,41.4900016785,-70.6100006104,5ad6c4ff-fb89-4edf-b7b0-212671fb27cf,1905,130404
Nereis pelagica,41.4700012207,-70.7099990845,5ad6c4ff-fb89-4edf-b7b0-212671fb27cf,1904,130404
Nereis pelagica,41.4900016785,-70.6900024414,5ad6c4ff-fb89-4edf-b7b0-212671fb27cf,1904,130404
Nereis pelagica,41.3899993896,-70.8399963379,5ad6c4ff-fb89-4edf-b7b0-212671fb27cf,1905,130404
Nereis pelagica,41.5299987793,-70.6200027466,5ad6c4ff-fb89-4edf-b7b0-212671fb27cf,1905,130404
Nereis pelagica,41.4399986267,-70.7799987793,5ad6c4ff-fb89-4edf-b7b0-212671fb27cf,1904,130404
Nereis pelagica,41.6213111877,-71.4113235474,4da23d30-af8d-48f3-977a-4e24394e2e8c,2003,130404
Nereis pelagica,41.4000015259,-70.8000030518,5ad6c4ff-fb89-4edf-b7b0-212671fb27cf,1905,130404
Nereis pelagica,41.3466796875,-71.967956543,4da23d30-af8d-48f3-977a-4e24394e2e8c,2003,130404
Nereis pelagica,41.4500007629,-70.7399978638,5ad6c4ff-fb89-4edf-b7b0-212671fb27cf,1903,130404
Nereis pelagica,41.4500007629,-70.7099990845,5ad6c4ff-fb89-4edf-b7b0-212671fb27cf,1905,130404
Nereis pelagica,41.4599990845,-70.6900024414,5ad6c4ff-fb89-4edf-b7b0-212671fb27cf,1903,130404
Nereis pelagica,41.5299987793,-70.6200027466,5ad6c4ff-fb89-4edf-b7b0-212671fb27cf,1905,130404
Nereis pelagica,41.3899993896,-70.75,5ad6c4ff-fb89-4edf-b7b0-212671fb27cf,1903,130404
Nereis pelagica,41.4099998474,-70.9499969482,5ad6c4ff-fb89-4edf-b7b0-212671fb27cf,1905,130404
Nereis pelagica,41.4500007629,-70.7799987793,5ad6c4ff-fb89-4edf-b7b0-212671fb27cf,1904,130404
Nereis pelagica,41.4399986267,-70.8099975586,5ad6c4ff-fb89-4edf-b7b0-212671fb27cf,1903,130404
Nereis pelagica,41.5099983215,-70.7200012207,5ad6c4ff-fb89-4edf-b7b0-212671fb27cf,1905,130404
Nereis pelagica,41.4799995422,-70.7099990845,5ad6c4ff-fb89-4edf-b7b0-212671fb27cf,1903,130404
Nereis pelagica,41.3600006104,-70.8300018311,5ad6c4ff-fb89-4edf-b7b0-212671fb27cf,1904,130404
Nereis pelagica,41.4500007629,-70.7399978638,5ad6c4ff-fb89-4edf-b7b0-212671fb27cf,1903,130404
Nereis pelagica,41.4399986267,-70.7099990845,5ad6c4ff-fb89-4edf-b7b0-212671fb27cf,1905,130404
Nereis pelagica,41.3699989319,-70.7600021362,5ad6c4ff-fb89-4edf-b7b0-212671fb27cf,1904,130404
Nereis pelagica,41.4099998474,-70.9300003052,5ad6c4ff-fb89-4edf-b7b0-212671fb27cf,1904,130404
Nereis pelagica,41.4300003052,-70.7099990845,5ad6c4ff-fb89-4edf-b7b0-212671fb27cf,1903,130404
Nereis pelagica,41.4700012207,-70.6699981689,5ad6c4ff-fb89-4edf-b7b0-212671fb27cf,1903,130404
Nereis pelagica,41.3499984741,-70.8399963379,5ad6c4ff-fb89-4edf-b7b0-212671fb27cf,1904,130404
Nereis pelagica,41.4599990845,-70.6500015259,5ad6c4ff-fb89-4edf-b7b0-212671fb27cf,1904,130404
Nereis pelagica,41.3600006104,-70.8399963379,5ad6c4ff-fb89-4edf-b7b0-212671fb27cf,1904,130404
Nereis pelagica,41.5430603027,-70.9122161865,89e23fc8-3f61-4480-9de3-358fe6eefe0b,1875,130404
Nereis pelagica,41.3699989319,-70.8799972534,5ad6c4ff-fb89-4edf-b7b0-212671fb27cf,1905,130404
Nereis pelagica,41.4500007629,-70.9199981689,5ad6c4ff-fb89-4edf-b7b0-212671fb27cf,1905,130404
Nereis pelagica,41.4700012207,-70.6100006104,5ad6c4ff-fb89-4edf-b7b0-212671fb27cf,1904,130404
Nereis pelagica,41.4700012207,-70.6299972534,5ad6c4ff-fb89-4edf-b7b0-212671fb27cf,1905,130404
Nereis pelagica,41.4399986267,-70.7799987793,5ad6c4ff-fb89-4edf-b7b0-212671fb27cf,1903,130404
Nereis pelagica,40.65832901,-67.8399963379,89e23fc8-3f61-4480-9de3-358fe6eefe0b,1982,130404
Nereis pelagica,41.4500007629,-70.8499984741,5ad6c4ff-fb89-4edf-b7b0-212671fb27cf,1905,130404
Nereis pelagica,41.5430603027,-70.9122161865,89e23fc8-3f61-4480-9de3-358fe6eefe0b,1871,130404
Nereis pelagica,41.4099998474,-70.8399963379,5ad6c4ff-fb89-4edf-b7b0-212671fb27cf,1905,130404
Nereis pelagica,41.4199981689,-70.6999969482,5ad6c4ff-fb89-4edf-b7b0-212671fb27cf,1904,130404
Nereis pelagica,41.4799995422,-70.6100006104,5ad6c4ff-fb89-4edf-b7b0-212671fb27cf,1905,130404
Nereis pelagica,41.4399986267,-70.7300033569,5ad6c4ff-fb89-4edf-b7b0-212671fb27cf,1904,130404
Nereis pelagica,41.5,-70.5899963379,5ad6c4ff-fb89-4edf-b7b0-212671fb27cf,1905,130404
Nereis pelagica,41.4700012207,-70.6100006104,5ad6c4ff-fb89-4edf-b7b0-212671fb27cf,1903,130404
Nereis pelagica,41.4900016785,-70.6999969482,5ad6c4ff-fb89-4edf-b7b0-212671fb27cf,1904,130404
Nereis pelagica,41.4799995422,-70.6800003052,5ad6c4ff-fb89-4edf-b7b0-212671fb27cf,1903,130404
Nereis pelagica,41.4599990845,-70.75,5ad6c4ff-fb89-4edf-b7b0-212671fb27cf,1904,130404
Nereis pelagica,41.3499984741,-70.8399963379,5ad6c4ff-fb89-4edf-b7b0-212671fb27cf,1904,130404
Nereis pelagica,41.266998291,-72.0999984741,e7c86904-aac7-4a17-a895-99a54c430d80,1974,130404
Nereis pelagica,41.4399986267,-70.7600021362,5ad6c4ff-fb89-4edf-b7b0-212671fb27cf,1903,130404
Nereis pelagica,41.5,-70.6699981689,5ad6c4ff-fb89-4edf-b7b0-212671fb27cf,1904,130404
Nereis pelagica,41.4399986267,-70.7900009155,5ad6c4ff-fb89-4edf-b7b0-212671fb27cf,1904,130404
Nereis pelagica,41.5,-70.6100006104,5ad6c4ff-fb89-4edf-b7b0-212671fb27cf,1905,130404
Phyllodoce maculata,41.25,-72.0830001831,e7c86904-aac7-4a17-a895-99a54c430d80,1974,334510
Phyllodoce maculata,41.25,-72.0500030518,e7c86904-aac7-4a17-a895-99a54c430d80,1976,334510
Phyllodoce maculata,41.25,-72.0500030518,e7c86904-aac7-4a17-a895-99a54c430d80,1975,334510
Phyllodoce maculata,41.266998291,-72.0999984741,e7c86904-aac7-4a17-a895-99a54c430d80,1975,334510
Phyllodoce maculata,41.266998291,-72.0500030518,e7c86904-aac7-4a17-a895-99a54c430d80,1974,334510
Phyllodoce maculata,41.5430603027,-70.9122161865,89e23fc8-3f61-4480-9de3-358fe6eefe0b,1954,334510
Phyllodoce maculata,41.266998291,-72.0999984741,e7c86904-aac7-4a17-a895-99a54c430d80,1975,334510
Phyllodoce maculata,41.2299995422,-72.2600021362,41a50544-957c-4193-8bbf-25a25f749e85,2000,334510
Phyllodoce maculata,41.283000946,-72.0830001831,e7c86904-aac7-4a17-a895-99a54c430d80,1975,334510
Phyllodoce maculata,40.7052497864,-74.0024032593,4da23d30-af8d-48f3-977a-4e24394e2e8c,2003,334510
Phyllodoce maculata,40.4169998169,-73.75,e7c86904-aac7-4a17-a895-99a54c430d80,1986,334510
Phyllodoce maculata,40.65832901,-67.7699966431,89e23fc8-3f61-4480-9de3-358fe6eefe0b,1984,334510
Phyllodoce maculata,41.25,-72.0500030518,e7c86904-aac7-4a17-a895-99a54c430d80,1975,334510
Phyllodoce maculata,41.266998291,-72.0999984741,e7c86904-aac7-4a17-a895-99a54c430d80,1975,334510
Phyllodoce maculata,41.266998291,-72.0999984741,e7c86904-aac7-4a17-a895-99a54c430d80,1974,334510
Phyllodoce maculata,40.65832901,-67.7699966431,89e23fc8-3f61-4480-9de3-358fe6eefe0b,1983,334510
Phyllodoce maculata,41.266998291,-72.0830001831,e7c86904-aac7-4a17-a895-99a54c430d80,1974,334510
Phyllodoce maculata,41.7385787964,-70.6262283325,4da23d30-af8d-48f3-977a-4e24394e2e8c,2000,334510
Phyllodoce maculata,40.7000007629,-67.4670028687,e7c86904-aac7-4a17-a895-99a54c430d80,1980,334510
Phyllodoce maculata,41.266998291,-72.0999984741,e7c86904-aac7-4a17-a895-99a54c430d80,1974,334510
Phyllodoce maculata,41.266998291,-72.0999984741,e7c86904-aac7-4a17-a895-99a54c430d80,1976,334510
Phyllodoce maculata,38.733001709,-74.0329971313,e7c86904-aac7-4a17-a895-99a54c430d80,1982,334510
Phyllodoce maculata,41.283000946,-72.0670013428,e7c86904-aac7-4a17-a895-99a54c430d80,1975,334510
Phyllodoce maculata,36.783000946,-75.1999969482,e7c86904-aac7-4a17-a895-99a54c430d80,1981,334510
Phyllodoce maculata,39.3829994202,-73.266998291,e7c86904-aac7-4a17-a895-99a54c430d80,1974,334510
Phyllodoce maculata,41.283000946,-72.0670013428,e7c86904-aac7-4a17-a895-99a54c430d80,1974,334510
Phyllodoce maculata,40.6650009155,-67.7783279419,89e23fc8-3f61-4480-9de3-358fe6eefe0b,1983,334510
Phyllodoce maculata,40.483001709,-73.4499969482,e7c86904-aac7-4a17-a895-99a54c430d80,1973,334510
Phyllodoce maculata,41.283000946,-72.1169967651,e7c86904-aac7-4a17-a895-99a54c430d80,1974,334510
Phyllodoce maculata,40.3670005798,-73.8330001831,e7c86904-aac7-4a17-a895-99a54c430d80,1973,334510
Phyllodoce maculata,39.3330001831,-73.2829971313,e7c86904-aac7-4a17-a895-99a54c430d80,1974,334510
Phyllodoce maculata,41.266998291,-72.0999984741,e7c86904-aac7-4a17-a895-99a54c430d80,1974,334510
Phyllodoce maculata,41.25,-72.0500030518,e7c86904-aac7-4a17-a895-99a54c430d80,1974,334510
Phyllodoce maculata,41.2000007629,-71.6829986572,e7c86904-aac7-4a17-a895-99a54c430d80,1976,334510
Phyllodoce maculata,38.733001709,-74.0329971313,e7c86904-aac7-4a17-a895-99a54c430d80,1984,334510
Phyllodoce maculata,41.7385787964,-70.6262283325,4da23d30-af8d-48f3-977a-4e24394e2e8c,2003,334510
Phyllodoce maculata,41.266998291,-72.0999984741,e7c86904-aac7-4a17-a895-99a54c430d80,1974,334510
Phyllodoce maculata,41.266998291,-72.0999984741,e7c86904-aac7-4a17-a895-99a54c430d80,1975,334510
Phyllodoce maculata,41.25,-72.0500030518,e7c86904-aac7-4a17-a895-99a54c430d80,1975,334510
Phyllodoce maculata,40.65832901,-67.7450027466,89e23fc8-3f61-4480-9de3-358fe6eefe0b,1981,334510
Phyllodoce maculata,41.266998291,-72.0830001831,e7c86904-aac7-4a17-a895-99a54c430d80,1974,334510
Phyllodoce maculata,41.283000946,-72.0830001831,e7c86904-aac7-4a17-a895-99a54c430d80,1974,334510
Phyllodoce maculata,41.266998291,-72.0500030518,e7c86904-aac7-4a17-a895-99a54c430d80,1974,334510
Phyllodoce maculata,41.283000946,-72.0999984741,e7c86904-aac7-4a17-a895-99a54c430d80,1975,334510
Phyllodoce maculata,41.266998291,-72.0830001831,e7c86904-aac7-4a17-a895-99a54c430d80,1975,334510
Phyllodoce maculata,41.283000946,-72.0830001831,e7c86904-aac7-4a17-a895-99a54c430d80,1974,334510
Phyllodoce maculata,41.266998291,-72.0830001831,e7c86904-aac7-4a17-a895-99a54c430d80,1974,334510
Phyllodoce maculata,41.283000946,-72.1169967651,e7c86904-aac7-4a17-a895-99a54c430d80,1975,334510
Phyllodoce maculata,40.4500007629,-74.0329971313,e7c86904-aac7-4a17-a895-99a54c430d80,1973,334510
Phyllodoce maculata,38.3330001831,-74.266998291,e7c86904-aac7-4a17-a895-99a54c430d80,1980,334510
Phyllodoce maculata,41.266998291,-72.0999984741,e7c86904-aac7-4a17-a895-99a54c430d80,1976,334510
Phyllodoce maculata,41.283000946,-72.0670013428,e7c86904-aac7-4a17-a895-99a54c430d80,1974,334510
Phyllodoce maculata,41.266998291,-72.0999984741,e7c86904-aac7-4a17-a895-99a54c430d80,1974,334510
Phyllodoce maculata,40.4000015259,-73.7829971313,e7c86904-aac7-4a17-a895-99a54c430d80,1969,334510
Phyllodoce maculata,41.5430603027,-70.9122161865,89e23fc8-3f61-4480-9de3-358fe6eefe0b,1871,334510
Phyllodoce maculata,40.6566696167,-67.7816696167,89e23fc8-3f61-4480-9de3-358fe6eefe0b,1983,334510
Phyllodoce maculata,40.6766700745,-67.7683334351,89e23fc8-3f61-4480-9de3-358fe6eefe0b,1983,334510
Phyllodoce maculata,41.2999992371,-71.9169998169,e7c86904-aac7-4a17-a895-99a54c430d80,1972,334510
Phyllodoce maculata,41.25,-72.0500030518,e7c86904-aac7-4a17-a895-99a54c430d80,1975,334510
Phyllodoce maculata,41.266998291,-72.0999984741,e7c86904-aac7-4a17-a895-99a54c430d80,1974,334510
Phyllodoce maculata,41.2099990845,-71.7149963379,41a50544-957c-4193-8bbf-25a25f749e85,1992,334510
Phyllodoce maculata,38.733001709,-74.0329971313,e7c86904-aac7-4a17-a895-99a54c430d80,1982,334510
Phyllodoce maculata,41.283000946,-72.1169967651,e7c86904-aac7-4a17-a895-99a54c430d80,1974,334510
Phyllodoce maculata,41.266998291,-72.0500030518,e7c86904-aac7-4a17-a895-99a54c430d80,1974,334510
Phyllodoce maculata,41.5430603027,-70.9122161865,89e23fc8-3f61-4480-9de3-358fe6eefe0b,1875,334510
Phyllodoce maculata,41.283000946,-72.1169967651,e7c86904-aac7-4a17-a895-99a54c430d80,1975,334510
Phyllodoce maculata,41.25,-72.0830001831,e7c86904-aac7-4a17-a895-99a54c430d80,1972,334510
Phyllodoce maculata,40.6599998474,-67.7933273315,89e23fc8-3f61-4480-9de3-358fe6eefe0b,1984,334510
Phyllodoce maculata,41.283000946,-72.0999984741,e7c86904-aac7-4a17-a895-99a54c430d80,1974,334510
Phyllodoce maculata,41.25,-72.0500030518,e7c86904-aac7-4a17-a895-99a54c430d80,1975,334510
Phyllodoce maculata,40.65832901,-67.8399963379,89e23fc8-3f61-4480-9de3-358fe6eefe0b,1982,334510
Phyllodoce maculata,41.25,-72.0670013428,e7c86904-aac7-4a17-a895-99a54c430d80,1974,334510
Phyllodoce maculata,40.6683311462,-67.7683334351,89e23fc8-3f61-4480-9de3-358fe6eefe0b,1983,334510
Phyllodoce maculata,41.283000946,-72.1169967651,e7c86904-aac7-4a17-a895-99a54c430d80,1975,334510
Dipolydora socialis,40.4169998169,-73.766998291,e7c86904-aac7-4a17-a895-99a54c430d80,1988,131124
Dipolydora socialis,40.6650009155,-69.4544372559,89e23fc8-3f61-4480-9de3-358fe6eefe0b,1977,131124
Dipolydora socialis,36.6829986572,-74.75,e7c86904-aac7-4a17-a895-99a54c430d80,1980,131124
Dipolydora socialis,40.4300003052,-73.6800003052,41a50544-957c-4193-8bbf-25a25f749e85,1993,131124
Dipolydora socialis,40.5800018311,-73.8399963379,41a50544-957c-4193-8bbf-25a25f749e85,1993,131124
Dipolydora socialis,41.266998291,-72.0830001831,e7c86904-aac7-4a17-a895-99a54c430d80,1975,131124
Dipolydora socialis,41.25,-72.0670013428,e7c86904-aac7-4a17-a895-99a54c430d80,1975,131124
Dipolydora socialis,39.266998291,-73.1999969482,e7c86904-aac7-4a17-a895-99a54c430d80,1974,131124
Dipolydora socialis,40.4524993896,-67.5038909912,89e23fc8-3f61-4480-9de3-358fe6eefe0b,1977,131124
Dipolydora socialis,41.266998291,-72.0830001831,e7c86904-aac7-4a17-a895-99a54c430d80,1975,131124
Dipolydora socialis,37.3019981384,-76.111000061,41a50544-957c-4193-8bbf-25a25f749e85,1990,131124
Dipolydora socialis,39.416,-76.028,43b58971-4fda-4210-a6ef-654fe0ce226d,1998,131124
Dipolydora socialis,40.4169998169,-73.1669998169,e7c86904-aac7-4a17-a895-99a54c430d80,1980,131124
Dipolydora socialis,41.6500015259,-70.7399978638,41a50544-957c-4193-8bbf-25a25f749e85,2000,131124
Dipolydora socialis,40.65832901,-67.7216720581,89e23fc8-3f61-4480-9de3-358fe6eefe0b,1982,131124
Dipolydora socialis,40.4329986572,-73.766998291,e7c86904-aac7-4a17-a895-99a54c430d80,1989,131124
Dipolydora socialis,40.1669998169,-72.6669998169,e7c86904-aac7-4a17-a895-99a54c430d80,1984,131124
Dipolydora socialis,39.1450004578,-75.1350021362,41a50544-957c-4193-8bbf-25a25f749e85,1990,131124
Dipolydora socialis,40.7177810669,-69.8799972534,89e23fc8-3f61-4480-9de3-358fe6eefe0b,1977,131124
Dipolydora socialis,40.4550018311,-67.5083312988,89e23fc8-3f61-4480-9de3-358fe6eefe0b,1977,131124
Dipolydora socialis,40.6479988098,-74.0749969482,41a50544-957c-4193-8bbf-25a25f749e85,1991,131124
Dipolydora socialis,39.0669,-74.9914,43b58971-4fda-4210-a6ef-654fe0ce226d,1997,131124
Dipolydora socialis,40.5670013428,-67.75,89e23fc8-3f61-4480-9de3-358fe6eefe0b,1977,131124
Dipolydora socialis,40.7083282471,-67.573890686,89e23fc8-3f61-4480-9de3-358fe6eefe0b,1977,131124
Dipolydora socialis,41.283000946,-72.0830001831,e7c86904-aac7-4a17-a895-99a54c430d80,1975,131124
Dipolydora socialis,40.4329986572,-73.766998291,e7c86904-aac7-4a17-a895-99a54c430d80,1988,131124
Dipolydora socialis,38.03361,-75.65825,43b58971-4fda-4210-a6ef-654fe0ce226d,2004,131124
Dipolydora socialis,41.483001709,-70.8499984741,e7c86904-aac7-4a17-a895-99a54c430d80,1985,131124
Dipolydora socialis,41.216999054,-71.8499984741,e7c86904-aac7-4a17-a895-99a54c430d80,1981,131124
Dipolydora socialis,39.4000015259,-73.3170013428,e7c86904-aac7-4a17-a895-99a54c430d80,1974,131124
Dipolydora socialis,39.3170013428,-73.0329971313,e7c86904-aac7-4a17-a895-99a54c430d80,1974,131124
Dipolydora socialis,40.4329986572,-73.766998291,e7c86904-aac7-4a17-a895-99a54c430d80,1986,131124
Dipolydora socialis,39.766998291,-73.5,e7c86904-aac7-4a17-a895-99a54c430d80,1981,131124
Dipolydora socialis,40.016998291,-73.4169998169,e7c86904-aac7-4a17-a895-99a54c430d80,1982,131124
Dipolydora socialis,40.4329986572,-73.766998291,e7c86904-aac7-4a17-a895-99a54c430d80,1988,131124
Dipolydora socialis,41.0499992371,-73.3499984741,41a50544-957c-4193-8bbf-25a25f749e85,1993,131124
Dipolydora socialis,40.4433288574,-67.5072174072,89e23fc8-3f61-4480-9de3-358fe6eefe0b,1977,131124
Dipolydora socialis,41.466999054,-70.8830032349,e7c86904-aac7-4a17-a895-99a54c430d80,1982,131124
Dipolydora socialis,38.516998291,-74.9670028687,e7c86904-aac7-4a17-a895-99a54c430d80,1985,131124
Dipolydora socialis,40.7136116028,-67.5708312988,89e23fc8-3f61-4480-9de3-358fe6eefe0b,1977,131124
Dipolydora socialis,39.1450004578,-75.1500015259,41a50544-957c-4193-8bbf-25a25f749e85,1991,131124
Dipolydora socialis,39.4169998169,-73.25,e7c86904-aac7-4a17-a895-99a54c430d80,1974,131124
Dipolydora socialis,40.8450012207,-68.003326416,89e23fc8-3f61-4480-9de3-358fe6eefe0b,1983,131124
Dipolydora socialis,39.84345,-72.380105,43b58971-4fda-4210-a6ef-654fe0ce226d,2006,131124
Dipolydora socialis,41.266998291,-72.0830001831,e7c86904-aac7-4a17-a895-99a54c430d80,1975,131124
Dipolydora socialis,40.65832901,-67.6983337402,89e23fc8-3f61-4480-9de3-358fe6eefe0b,1981,131124
Dipolydora socialis,40.5733299255,-67.75,89e23fc8-3f61-4480-9de3-358fe6eefe0b,1977,131124
Dipolydora socialis,40.65832901,-67.8399963379,89e23fc8-3f61-4480-9de3-358fe6eefe0b,1982,131124
Dipolydora socialis,36.6829986572,-74.75,e7c86904-aac7-4a17-a895-99a54c430d80,1982,131124
Dipolydora socialis,40.216999054,-73.733001709,e7c86904-aac7-4a17-a895-99a54c430d80,1982,131124
Dipolydora socialis,38.733001709,-74.016998291,e7c86904-aac7-4a17-a895-99a54c430d80,1979,131124
Dipolydora socialis,38.733001709,-75.016998291,e7c86904-aac7-4a17-a895-99a54c430d80,1985,131124
Dipolydora socialis,40.4329986572,-73.1829986572,e7c86904-aac7-4a17-a895-99a54c430d80,1982,131124
Dipolydora socialis,41.266998291,-72.0830001831,e7c86904-aac7-4a17-a895-99a54c430d80,1975,131124
Dipolydora socialis,40.4329986572,-73.766998291,e7c86904-aac7-4a17-a895-99a54c430d80,1988,131124
Dipolydora socialis,40.7000007629,-67.4670028687,e7c86904-aac7-4a17-a895-99a54c430d80,1980,131124
Dipolydora socialis,41.0,-73.4000015259,41a50544-957c-4193-8bbf-25a25f749e85,1994,131124
Dipolydora socialis,40.5849990845,-67.1916732788,89e23fc8-3f61-4480-9de3-358fe6eefe0b,1977,131124
Dipolydora socialis,40.4169998169,-73.766998291,e7c86904-aac7-4a17-a895-99a54c430d80,1989,131124
Dipolydora socialis,40.6549987793,-67.7699966431,89e23fc8-3f61-4480-9de3-358fe6eefe0b,1983,131124
Dipolydora socialis,38.8639984131,-75.1139984131,41a50544-957c-4193-8bbf-25a25f749e85,1991,131124
Dipolydora socialis,38.03361,-75.65825,43b58971-4fda-4210-a6ef-654fe0ce226d,2004,131124
Dipolydora socialis,41.266998291,-72.0830001831,e7c86904-aac7-4a17-a895-99a54c430d80,1974,131124
Dipolydora socialis,40.50167,-74.15,43b58971-4fda-4210-a6ef-654fe0ce226d,1991,131124
Dipolydora socialis,41.25,-72.0500030518,e7c86904-aac7-4a17-a895-99a54c430d80,1974,131124
Dipolydora socialis,40.3670005798,-73.8000030518,e7c86904-aac7-4a17-a895-99a54c430d80,1974,131124
Dipolydora socialis,40.4000015259,-73.7170028687,e7c86904-aac7-4a17-a895-99a54c430d80,1982,131124
Dipolydora socialis,40.4169998169,-73.1829986572,e7c86904-aac7-4a17-a895-99a54c430d80,1979,131124
Dipolydora socialis,39.483001709,-73.0670013428,e7c86904-aac7-4a17-a895-99a54c430d80,1974,131124
Dipolydora socialis,39.4500007629,-73.233001709,e7c86904-aac7-4a17-a895-99a54c430d80,1974,131124
Dipolydora socialis,38.733001709,-74.0500030518,e7c86904-aac7-4a17-a895-99a54c430d80,1979,131124
Dipolydora socialis,39.3330001831,-72.983001709,e7c86904-aac7-4a17-a895-99a54c430d80,1980,131124
Dipolydora socialis,40.6766700745,-67.7683334351,89e23fc8-3f61-4480-9de3-358fe6eefe0b,1982,131124
Dipolydora socialis,41.3269996643,-71.9400024414,41a50544-957c-4193-8bbf-25a25f749e85,1993,131124
Dipolydora socialis,39.4300003052,-75.5400009155,41a50544-957c-4193-8bbf-25a25f749e85,1997,131124
Dipolydora socialis,40.6847190857,-67.5950012207,89e23fc8-3f61-4480-9de3-358fe6eefe0b,1977,131124
Dipolydora socialis,41.6199989319,-71.3499984741,41a50544-957c-4193-8bbf-25a25f749e85,2000,131124
Dipolydora socialis,40.8450012207,-68.003326416,89e23fc8-3f61-4480-9de3-358fe6eefe0b,1984,131124
Dipolydora socialis,40.5670013428,-72.6169967651,e7c86904-aac7-4a17-a895-99a54c430d80,1984,131124
Dipolydora socialis,41.216999054,-71.8499984741,e7c86904-aac7-4a17-a895-99a54c430d80,1976,131124
Dipolydora socialis,40.3300018311,-73.7099990845,41a50544-957c-4193-8bbf-25a25f749e85,1994,131124
Dipolydora socialis,40.6549987793,-67.7699966431,89e23fc8-3f61-4480-9de3-358fe6eefe0b,1981,131124
Dipolydora socialis,41.1669998169,-71.8170013428,e7c86904-aac7-4a17-a895-99a54c430d80,1976,131124
Dipolydora socialis,40.4169998169,-73.766998291,e7c86904-aac7-4a17-a895-99a54c430d80,1988,131124
Dipolydora socialis,40.5133285522,-68.561668396,89e23fc8-3f61-4480-9de3-358fe6eefe0b,1982,131124
Dipolydora socialis,41.266998291,-72.0999984741,e7c86904-aac7-4a17-a895-99a54c430d80,1975,131124
Dipolydora socialis,40.5727806091,-67.756111145,89e23fc8-3f61-4480-9de3-358fe6eefe0b,1977,131124
Dipolydora socialis,41.6409988403,-71.216003418,41a50544-957c-4193-8bbf-25a25f749e85,1991,131124
Dipolydora socialis,40.6683311462,-67.7683334351,89e23fc8-3f61-4480-9de3-358fe6eefe0b,1982,131124
Dipolydora socialis,40.65832901,-67.8166732788,89e23fc8-3f61-4480-9de3-358fe6eefe0b,1982,131124
Dipolydora socialis,39.283000946,-73.0830001831,e7c86904-aac7-4a17-a895-99a54c430d80,1974,131124
Dipolydora socialis,41.408000946,-70.4820022583,41a50544-957c-4193-8bbf-25a25f749e85,1990,131124
Dipolydora socialis,40.5133285522,-68.561668396,89e23fc8-3f61-4480-9de3-358fe6eefe0b,1982,131124
Dipolydora socialis,39.4169998169,-73.25,e7c86904-aac7-4a17-a895-99a54c430d80,1974,131124
Dipolydora socialis,40.4329986572,-73.766998291,e7c86904-aac7-4a17-a895-99a54c430d80,1987,131124
Dipolydora socialis,41.233001709,-71.8499984741,e7c86904-aac7-4a17-a895-99a54c430d80,1982,131124
Dipolydora socialis,41.2459983826,-72.93699646,41a50544-957c-4193-8bbf-25a25f749e85,1993,131124
Dipolydora socialis,41.233001709,-71.8499984741,e7c86904-aac7-4a17-a895-99a54c430d80,1982,131124
Dipolydora socialis,39.4300003052,-74.3799972534,41a50544-957c-4193-8bbf-25a25f749e85,2001,131124
Dipolydora socialis,39.5,-73.1169967651,e7c86904-aac7-4a17-a895-99a54c430d80,1974,131124
Dipolydora socialis,40.0499992371,-73.4329986572,e7c86904-aac7-4a17-a895-99a54c430d80,1979,131124
Dipolydora socialis,40.7216682434,-69.874168396,89e23fc8-3f61-4480-9de3-358fe6eefe0b,1977,131124
Dipolydora socialis,41.2849998474,-71.5550003052,41a50544-957c-4193-8bbf-25a25f749e85,1993,131124
Dipolydora socialis,40.5800018311,-74.0299987793,41a50544-957c-4193-8bbf-25a25f749e85,1998,131124
Dipolydora socialis,40.6829986572,-71.3499984741,e7c86904-aac7-4a17-a895-99a54c430d80,1980,131124
Dipolydora socialis,41.483001709,-70.8830032349,e7c86904-aac7-4a17-a895-99a54c430d80,1982,131124
Dipolydora socialis,41.4560012817,-70.1240005493,41a50544-957c-4193-8bbf-25a25f749e85,1993,131124
Dipolydora socialis,41.5960006714,-70.1299972534,41a50544-957c-4193-8bbf-25a25f749e85,1991,131124
Dipolydora socialis,40.4000015259,-73.9000015259,e7c86904-aac7-4a17-a895-99a54c430d80,1982,131124
Dipolydora socialis,40.5716705322,-67.7549972534,89e23fc8-3f61-4480-9de3-358fe6eefe0b,1982,131124
Dipolydora socialis,38.0,-75.3799972534,41a50544-957c-4193-8bbf-25a25f749e85,1997,131124
Dipolydora socialis,40.5400009155,-74.0899963379,41a50544-957c-4193-8bbf-25a25f749e85,1994,131124
Dipolydora socialis,38.3330001831,-74.266998291,e7c86904-aac7-4a17-a895-99a54c430d80,1983,131124
Dipolydora socialis,41.283000946,-72.0999984741,e7c86904-aac7-4a17-a895-99a54c430d80,1975,131124
Dipolydora socialis,41.5600013733,-71.4199981689,41a50544-957c-4193-8bbf-25a25f749e85,2000,131124
Dipolydora socialis,41.266998291,-72.0500030518,e7c86904-aac7-4a17-a895-99a54c430d80,1975,131124
Dipolydora socialis,41.266998291,-72.0500030518,e7c86904-aac7-4a17-a895-99a54c430d80,1975,131124
Dipolydora socialis,40.65832901,-67.8166732788,89e23fc8-3f61-4480-9de3-358fe6eefe0b,1982,131124
Dipolydora socialis,36.5670013428,-75.8000030518,e7c86904-aac7-4a17-a895-99a54c430d80,1981,131124
Dipolydora socialis,40.4329986572,-73.766998291,e7c86904-aac7-4a17-a895-99a54c430d80,1989,131124
Dipolydora socialis,40.5,-72.2170028687,e7c86904-aac7-4a17-a895-99a54c430d80,1984,131124
Dipolydora socialis,41.283000946,-72.1169967651,e7c86904-aac7-4a17-a895-99a54c430d80,1975,131124
Dipolydora socialis,40.4329986572,-73.766998291,e7c86904-aac7-4a17-a895-99a54c430d80,1988,131124
Dipolydora socialis,40.3800010681,-73.9400024414,41a50544-957c-4193-8bbf-25a25f749e85,1994,131124
Dipolydora socialis,38.766998291,-73.5,e7c86904-aac7-4a17-a895-99a54c430d80,1980,131124
Dipolydora socialis,41.266998291,-72.0500030518,e7c86904-aac7-4a17-a895-99a54c430d80,1975,131124
Dipolydora socialis,40.6566696167,-67.7816696167,89e23fc8-3f61-4480-9de3-358fe6eefe0b,1981,131124
Dipolydora socialis,39.2929992676,-74.6129989624,41a50544-957c-4193-8bbf-25a25f749e85,1992,131124
Dipolydora socialis,40.5133285522,-68.561668396,89e23fc8-3f61-4480-9de3-358fe6eefe0b,1983,131124
Dipolydora socialis,39.3330001831,-72.983001709,e7c86904-aac7-4a17-a895-99a54c430d80,1979,131124
Dipolydora socialis,40.7799987793,-73.8700027466,41a50544-957c-4193-8bbf-25a25f749e85,1993,131124
Dipolydora socialis,40.7305603027,-67.5627822876,89e23fc8-3f61-4480-9de3-358fe6eefe0b,1977,131124
Dipolydora socialis,37.9300003052,-75.4100036621,41a50544-957c-4193-8bbf-25a25f749e85,1997,131124
Dipolydora socialis,40.5583305359,-67.2283325195,89e23fc8-3f61-4480-9de3-358fe6eefe0b,1982,131124
Dipolydora socialis,40.430618,-68.699028,43b58971-4fda-4210-a6ef-654fe0ce226d,2006,131124
Dipolydora socialis,39.3829994202,-73.0,e7c86904-aac7-4a17-a895-99a54c430d80,1974,131124
Dipolydora socialis,40.1329994202,-73.6169967651,e7c86904-aac7-4a17-a895-99a54c430d80,1982,131124
Dipolydora socialis,40.0499992371,-73.4329986572,e7c86904-aac7-4a17-a895-99a54c430d80,1979,131124
Dipolydora socialis,41.266998291,-72.0830001831,e7c86904-aac7-4a17-a895-99a54c430d80,1975,131124
Dipolydora socialis,40.4169998169,-73.1829986572,e7c86904-aac7-4a17-a895-99a54c430d80,1979,131124
Dipolydora socialis,40.65832901,-67.8399963379,89e23fc8-3f61-4480-9de3-358fe6eefe0b,1982,131124
Dipolydora socialis,40.4329986572,-73.766998291,e7c86904-aac7-4a17-a895-99a54c430d80,1989,131124
Dipolydora socialis,40.6599998474,-69.4555587769,89e23fc8-3f61-4480-9de3-358fe6eefe0b,1977,131124
Dipolydora socialis,40.5670013428,-72.6169967651,e7c86904-aac7-4a17-a895-99a54c430d80,1985,131124
Dipolydora socialis,40.6829986572,-71.3669967651,e7c86904-aac7-4a17-a895-99a54c430d80,1982,131124
Dipolydora socialis,41.266998291,-72.0830001831,e7c86904-aac7-4a17-a895-99a54c430d80,1975,131124
Dipolydora socialis,40.016998291,-73.4169998169,e7c86904-aac7-4a17-a895-99a54c430d80,1982,131124
Dipolydora socialis,40.3699989319,-68.503326416,89e23fc8-3f61-4480-9de3-358fe6eefe0b,1983,131124
Dipolydora socialis,41.25,-72.0670013428,e7c86904-aac7-4a17-a895-99a54c430d80,1974,131124
Dipolydora socialis,40.3699989319,-68.503326416,89e23fc8-3f61-4480-9de3-358fe6eefe0b,1983,131124
Dipolydora socialis,40.4199981689,-67.4780578613,89e23fc8-3f61-4480-9de3-358fe6eefe0b,1977,131124
Dipolydora socialis,36.93933,-76.16666,43b58971-4fda-4210-a6ef-654fe0ce226d,2002,131124
Dipolydora socialis,38.9379997253,-75.0699996948,41a50544-957c-4193-8bbf-25a25f749e85,1992,131124
Dipolydora socialis,39.283000946,-73.1330032349,e7c86904-aac7-4a17-a895-99a54c430d80,1974,131124
Dipolydora socialis,40.6766700745,-67.7683334351,89e23fc8-3f61-4480-9de3-358fe6eefe0b,1982,131124
Dipolydora socialis,41.283000946,-72.0670013428,e7c86904-aac7-4a17-a895-99a54c430d80,1975,131124
Dipolydora socialis,40.4329986572,-73.766998291,e7c86904-aac7-4a17-a895-99a54c430d80,1989,131124
Dipolydora socialis,40.6930618286,-69.0427780151,89e23fc8-3f61-4480-9de3-358fe6eefe0b,1977,131124
Dipolydora socialis,39.8100013733,-74.1600036621,41a50544-957c-4193-8bbf-25a25f749e85,2001,131124
Dipolydora socialis,40.65832901,-67.8166732788,89e23fc8-3f61-4480-9de3-358fe6eefe0b,1982,131124
Dipolydora socialis,38.759565,-73.566242,43b58971-4fda-4210-a6ef-654fe0ce226d,2006,131124
Dipolydora socialis,40.3499984741,-73.7829971313,e7c86904-aac7-4a17-a895-99a54c430d80,1973,131124
Dipolydora socialis,40.5736083984,-67.7544403076,89e23fc8-3f61-4480-9de3-358fe6eefe0b,1977,131124
Dipolydora socialis,39.5,-73.016998291,e7c86904-aac7-4a17-a895-99a54c430d80,1974,131124
Dipolydora socialis,40.9329986572,-73.6829986572,e7c86904-aac7-4a17-a895-99a54c430d80,1972,131124
Dipolydora socialis,40.5670013428,-72.6169967651,e7c86904-aac7-4a17-a895-99a54c430d80,1980,131124
Dipolydora socialis,41.25,-72.0830001831,e7c86904-aac7-4a17-a895-99a54c430d80,1974,131124
Dipolydora socialis,36.6829986572,-74.75,e7c86904-aac7-4a17-a895-99a54c430d80,1982,131124
Dipolydora socialis,40.7000007629,-68.5883331299,89e23fc8-3f61-4480-9de3-358fe6eefe0b,1983,131124
Dipolydora socialis,40.6829986572,-71.3669967651,e7c86904-aac7-4a17-a895-99a54c430d80,1982,131124
Dipolydora socialis,40.6575012207,-69.4569396973,89e23fc8-3f61-4480-9de3-358fe6eefe0b,1977,131124
Dipolydora socialis,40.5583305359,-67.2283325195,89e23fc8-3f61-4480-9de3-358fe6eefe0b,1982,131124
Dipolydora socialis,40.65832901,-67.8166732788,89e23fc8-3f61-4480-9de3-358fe6eefe0b,1981,131124
Dipolydora socialis,40.3699989319,-68.503326416,89e23fc8-3f61-4480-9de3-358fe6eefe0b,1982,131124
Dipolydora socialis,41.216999054,-71.8499984741,e7c86904-aac7-4a17-a895-99a54c430d80,1982,131124
Dipolydora socialis,40.4169998169,-73.766998291,e7c86904-aac7-4a17-a895-99a54c430d80,1987,131124
Dipolydora socialis,41.3829994202,-71.4000015259,e7c86904-aac7-4a17-a895-99a54c430d80,1980,131124
Dipolydora socialis,40.5716705322,-67.7549972534,89e23fc8-3f61-4480-9de3-358fe6eefe0b,1984,131124
Dipolydora socialis,38.3330001831,-74.266998291,e7c86904-aac7-4a17-a895-99a54c430d80,1980,131124
Dipolydora socialis,40.5716705322,-67.7549972534,89e23fc8-3f61-4480-9de3-358fe6eefe0b,1981,131124
Dipolydora socialis,41.266998291,-72.0999984741,e7c86904-aac7-4a17-a895-99a54c430d80,1975,131124
Dipolydora socialis,35.8180007935,-75.5800018311,41a50544-957c-4193-8bbf-25a25f749e85,2002,131124
Dipolydora socialis,40.65832901,-67.8166732788,89e23fc8-3f61-4480-9de3-358fe6eefe0b,1982,131124
Dipolydora socialis,41.5900001526,-71.2300033569,41a50544-957c-4193-8bbf-25a25f749e85,2000,131124
Dipolydora socialis,38.8199996948,-75.0699996948,41a50544-957c-4193-8bbf-25a25f749e85,1997,131124
Dipolydora socialis,41.0,-73.516998291,e7c86904-aac7-4a17-a895-99a54c430d80,1972,131124
Dipolydora socialis,40.6624984741,-69.4527816772,89e23fc8-3f61-4480-9de3-358fe6eefe0b,1977,131124
Dipolydora socialis,40.4169998169,-73.1829986572,e7c86904-aac7-4a17-a895-99a54c430d80,1979,131124
Dipolydora socialis,40.8450012207,-68.003326416,89e23fc8-3f61-4480-9de3-358fe6eefe0b,1983,131124
Dipolydora socialis,39.283000946,-73.1829986572,e7c86904-aac7-4a17-a895-99a54c430d80,1974,131124
Dipolydora socialis,41.0270004272,-72.9140014648,41a50544-957c-4193-8bbf-25a25f749e85,1992,131124
Dipolydora socialis,38.516998291,-74.9499969482,e7c86904-aac7-4a17-a895-99a54c430d80,1983,131124
Dipolydora socialis,41.216999054,-71.8499984741,e7c86904-aac7-4a17-a895-99a54c430d80,1982,131124
Dipolydora socialis,39.266998291,-73.1500015259,e7c86904-aac7-4a17-a895-99a54c430d80,1974,131124
Dipolydora socialis,37.2210006714,-76.2549972534,41a50544-957c-4193-8bbf-25a25f749e85,1991,131124
Dipolydora socialis,40.4169998169,-73.766998291,e7c86904-aac7-4a17-a895-99a54c430d80,1989,131124
Dipolydora socialis,40.4199981689,-67.4780578613,89e23fc8-3f61-4480-9de3-358fe6eefe0b,1977,131124
Dipolydora socialis,40.4169998169,-73.1829986572,e7c86904-aac7-4a17-a895-99a54c430d80,1978,131124
Dipolydora socialis,41.0180015564,-73.1330032349,41a50544-957c-4193-8bbf-25a25f749e85,1992,131124
Dipolydora socialis,40.4169998169,-73.1829986572,e7c86904-aac7-4a17-a895-99a54c430d80,1979,131124
Dipolydora socialis,41.266998291,-72.1169967651,e7c86904-aac7-4a17-a895-99a54c430d80,1975,131124
Dipolydora socialis,41.216999054,-71.8499984741,e7c86904-aac7-4a17-a895-99a54c430d80,1976,131124
Dipolydora socialis,40.1329994202,-72.6999969482,e7c86904-aac7-4a17-a895-99a54c430d80,1974,131124
Dipolydora socialis,40.483001709,-68.0,e7c86904-aac7-4a17-a895-99a54c430d80,1982,131124
Dipolydora socialis,40.5133285522,-68.561668396,89e23fc8-3f61-4480-9de3-358fe6eefe0b,1982,131124
Dipolydora socialis,41.4539985657,-70.2350006104,41a50544-957c-4193-8bbf-25a25f749e85,1991,131124
Dipolydora socialis,40.8830604553,-68.0,89e23fc8-3f61-4480-9de3-358fe6eefe0b,1977,131124
Dipolydora socialis,41.233001709,-71.8499984741,e7c86904-aac7-4a17-a895-99a54c430d80,1982,131124
Dipolydora socialis,40.4329986572,-73.766998291,e7c86904-aac7-4a17-a895-99a54c430d80,1986,131124
Dipolydora socialis,41.266998291,-72.0999984741,e7c86904-aac7-4a17-a895-99a54c430d80,1975,131124
Dipolydora socialis,41.0400009155,-73.4100036621,41a50544-957c-4193-8bbf-25a25f749e85,2001,131124
Dipolydora socialis,40.4329986572,-73.766998291,e7c86904-aac7-4a17-a895-99a54c430d80,1988,131124
Dipolydora socialis,41.266998291,-72.0830001831,e7c86904-aac7-4a17-a895-99a54c430d80,1975,131124
Dipolydora socialis,40.1329994202,-73.6169967651,e7c86904-aac7-4a17-a895-99a54c430d80,1982,131124
Dipolydora socialis,38.766998291,-73.516998291,e7c86904-aac7-4a17-a895-99a54c430d80,1979,131124
Dipolydora socialis,39.4354,-75.5422,43b58971-4fda-4210-a6ef-654fe0ce226d,1997,131124
Dipolydora socialis,40.4458312988,-67.6224975586,89e23fc8-3f61-4480-9de3-358fe6eefe0b,1977,131124
Dipolydora socialis,40.4169998169,-73.766998291,e7c86904-aac7-4a17-a895-99a54c430d80,1986,131124
Dipolydora socialis,40.7400016785,-72.9899978638,41a50544-957c-4193-8bbf-25a25f749e85,2001,131124
Dipolydora socialis,41.3829994202,-71.4000015259,e7c86904-aac7-4a17-a895-99a54c430d80,1985,131124
Dipolydora socialis,39.483001709,-74.1669998169,e7c86904-aac7-4a17-a895-99a54c430d80,1985,131124
Dipolydora socialis,41.266998291,-72.0500030518,e7c86904-aac7-4a17-a895-99a54c430d80,1975,131124
Dipolydora socialis,41.266998291,-72.1169967651,e7c86904-aac7-4a17-a895-99a54c430d80,1975,131124
Dipolydora socialis,40.016998291,-73.4329986572,e7c86904-aac7-4a17-a895-99a54c430d80,1980,131124
Dipolydora socialis,39.2999992371,-73.0830001831,e7c86904-aac7-4a17-a895-99a54c430d80,1974,131124
Dipolydora socialis,38.783000946,-75.0329971313,e7c86904-aac7-4a17-a895-99a54c430d80,1984,131124
Dipolydora socialis,41.1829986572,-71.9169998169,e7c86904-aac7-4a17-a895-99a54c430d80,1976,131124
Dipolydora socialis,40.016998291,-73.4169998169,e7c86904-aac7-4a17-a895-99a54c430d80,1982,131124
Dipolydora socialis,40.7999992371,-73.8099975586,41a50544-957c-4193-8bbf-25a25f749e85,1993,131124
Dipolydora socialis,40.6533317566,-67.7766723633,89e23fc8-3f61-4480-9de3-358fe6eefe0b,1983,131124
Dipolydora socialis,41.5600013733,-71.2099990845,41a50544-957c-4193-8bbf-25a25f749e85,2001,131124
Dipolydora socialis,40.5716705322,-67.7549972534,89e23fc8-3f61-4480-9de3-358fe6eefe0b,1982,131124
Dipolydora socialis,40.4329986572,-73.766998291,e7c86904-aac7-4a17-a895-99a54c430d80,1989,131124
Dipolydora socialis,40.6829986572,-71.3499984741,e7c86904-aac7-4a17-a895-99a54c430d80,1984,131124
Dipolydora socialis,41.2750015259,-71.8860015869,41a50544-957c-4193-8bbf-25a25f749e85,1991,131124
Dipolydora socialis,41.266998291,-72.0830001831,e7c86904-aac7-4a17-a895-99a54c430d80,1974,131124
Dipolydora socialis,40.016998291,-73.4169998169,e7c86904-aac7-4a17-a895-99a54c430d80,1982,131124
Dipolydora socialis,39.4169998169,-73.3000030518,e7c86904-aac7-4a17-a895-99a54c430d80,1974,131124
Dipolydora socialis,38.6829986572,-73.5,e7c86904-aac7-4a17-a895-99a54c430d80,1974,131124
Dipolydora socialis,40.266998291,-73.8330001831,e7c86904-aac7-4a17-a895-99a54c430d80,1973,131124
Dipolydora socialis,40.4329986572,-73.766998291,e7c86904-aac7-4a17-a895-99a54c430d80,1988,131124
Dipolydora socialis,40.6633300781,-67.7683334351,89e23fc8-3f61-4480-9de3-358fe6eefe0b,1981,131124
Dipolydora socialis,41.266998291,-72.0999984741,e7c86904-aac7-4a17-a895-99a54c430d80,1975,131124
Dipolydora socialis,40.466999054,-73.733001709,e7c86904-aac7-4a17-a895-99a54c430d80,1982,131124
Dipolydora socialis,36.9480018616,-76.111000061,41a50544-957c-4193-8bbf-25a25f749e85,1993,131124
Dipolydora socialis,40.5716705322,-67.7549972534,89e23fc8-3f61-4480-9de3-358fe6eefe0b,1982,131124
Dipolydora socialis,41.1910018921,-72.2659988403,41a50544-957c-4193-8bbf-25a25f749e85,1990,131124
Dipolydora socialis,38.733001709,-75.0,e7c86904-aac7-4a17-a895-99a54c430d80,1985,131124
Dipolydora socialis,41.0499992371,-73.3799972534,41a50544-957c-4193-8bbf-25a25f749e85,1994,131124
Dipolydora socialis,40.4329986572,-73.766998291,e7c86904-aac7-4a17-a895-99a54c430d80,1988,131124
Dipolydora socialis,41.233001709,-71.8499984741,e7c86904-aac7-4a17-a895-99a54c430d80,1982,131124
Dipolydora socialis,40.7072181702,-67.5727767944,89e23fc8-3f61-4480-9de3-358fe6eefe0b,1977,131124
Dipolydora socialis,40.6500015259,-72.983001709,e7c86904-aac7-4a17-a895-99a54c430d80,1985,131124
Dipolydora socialis,41.3829994202,-71.4000015259,e7c86904-aac7-4a17-a895-99a54c430d80,1985,131124
Dipolydora socialis,40.4329986572,-73.766998291,e7c86904-aac7-4a17-a895-99a54c430d80,1988,131124
Dipolydora socialis,40.6683311462,-67.7683334351,89e23fc8-3f61-4480-9de3-358fe6eefe0b,1981,131124
Dipolydora socialis,40.6633300781,-67.7683334351,89e23fc8-3f61-4480-9de3-358fe6eefe0b,1982,131124
Dipolydora socialis,41.25,-72.0670013428,e7c86904-aac7-4a17-a895-99a54c430d80,1975,131124
Dipolydora socialis,40.7288894653,-67.5611114502,89e23fc8-3f61-4480-9de3-358fe6eefe0b,1977,131124
Dipolydora socialis,38.716999054,-74.766998291,e7c86904-aac7-4a17-a895-99a54c430d80,1979,131124
Dipolydora socialis,40.6608314514,-69.4558334351,89e23fc8-3f61-4480-9de3-358fe6eefe0b,1977,131124
Dipolydora socialis,40.4169998169,-73.733001709,e7c86904-aac7-4a17-a895-99a54c430d80,1982,131124
Dipolydora socialis,41.483001709,-70.8830032349,e7c86904-aac7-4a17-a895-99a54c430d80,1984,131124
Dipolydora socialis,39.22372,-76.03603,43b58971-4fda-4210-a6ef-654fe0ce226d,2004,131124
Dipolydora socialis,39.3829994202,-73.0999984741,e7c86904-aac7-4a17-a895-99a54c430d80,1974,131124
Dipolydora socialis,40.3800010681,-73.8199996948,41a50544-957c-4193-8bbf-25a25f749e85,1994,131124
Dipolydora socialis,40.6650009155,-67.7783279419,89e23fc8-3f61-4480-9de3-358fe6eefe0b,1982,131124
Dipolydora socialis,40.4329986572,-73.766998291,e7c86904-aac7-4a17-a895-99a54c430d80,1986,131124
Dipolydora socialis,36.8670005798,-75.9000015259,e7c86904-aac7-4a17-a895-99a54c430d80,1980,131124
Dipolydora socialis,40.016998291,-73.4169998169,e7c86904-aac7-4a17-a895-99a54c430d80,1982,131124
Dipolydora socialis,40.6599998474,-67.7933273315,89e23fc8-3f61-4480-9de3-358fe6eefe0b,1983,131124
Dipolydora socialis,38.0499992371,-75.2799987793,41a50544-957c-4193-8bbf-25a25f749e85,1993,131124
Dipolydora socialis,41.216999054,-71.8499984741,e7c86904-aac7-4a17-a895-99a54c430d80,1982,131124
Dipolydora socialis,40.4329986572,-73.766998291,e7c86904-aac7-4a17-a895-99a54c430d80,1989,131124
Dipolydora socialis,40.4329986572,-73.766998291,e7c86904-aac7-4a17-a895-99a54c430d80,1987,131124
Dipolydora socialis,39.4329986572,-73.1829986572,e7c86904-aac7-4a17-a895-99a54c430d80,1974,131124
Dipolydora socialis,40.4099998474,-73.7900009155,41a50544-957c-4193-8bbf-25a25f749e85,1993,131124
Dipolydora socialis,40.65832901,-67.7566680908,89e23fc8-3f61-4480-9de3-358fe6eefe0b,1983,131124
Dipolydora socialis,40.0830001831,-73.516998291,e7c86904-aac7-4a17-a895-99a54c430d80,1982,131124
Dipolydora socialis,40.4329986572,-73.766998291,e7c86904-aac7-4a17-a895-99a54c430d80,1988,131124
Dipolydora socialis,41.25,-72.0830001831,e7c86904-aac7-4a17-a895-99a54c430d80,1974,131124
Dipolydora socialis,38.766998291,-73.516998291,e7c86904-aac7-4a17-a895-99a54c430d80,1979,131124
Dipolydora socialis,41.0800018311,-72.0999984741,41a50544-957c-4193-8bbf-25a25f749e85,2001,131124
Dipolydora socialis,40.4000015259,-73.8669967651,e7c86904-aac7-4a17-a895-99a54c430d80,1982,131124
Dipolydora socialis,41.266998291,-72.0830001831,e7c86904-aac7-4a17-a895-99a54c430d80,1975,131124
Dipolydora socialis,38.75,-75.016998291,e7c86904-aac7-4a17-a895-99a54c430d80,1980,131124
Dipolydora socialis,39.3670005798,-73.0670013428,e7c86904-aac7-4a17-a895-99a54c430d80,1975,131124
Dipolydora socialis,40.4329986572,-73.766998291,e7c86904-aac7-4a17-a895-99a54c430d80,1988,131124
Dipolydora socialis,40.016998291,-73.4169998169,e7c86904-aac7-4a17-a895-99a54c430d80,1984,131124
Dipolydora socialis,39.233001709,-73.0500030518,e7c86904-aac7-4a17-a895-99a54c430d80,1974,131124
Dipolydora socialis,40.7255592346,-69.8700027466,89e23fc8-3f61-4480-9de3-358fe6eefe0b,1977,131124
Dipolydora socialis,41.266998291,-72.0500030518,e7c86904-aac7-4a17-a895-99a54c430d80,1974,131124
Dipolydora socialis,40.6599998474,-67.7933273315,89e23fc8-3f61-4480-9de3-358fe6eefe0b,1981,131124
Dipolydora socialis,40.3170013428,-73.766998291,e7c86904-aac7-4a17-a895-99a54c430d80,1986,131124
Dipolydora socialis,40.3699989319,-68.503326416,89e23fc8-3f61-4480-9de3-358fe6eefe0b,1982,131124
Dipolydora socialis,37.3779983521,-76.0699996948,41a50544-957c-4193-8bbf-25a25f749e85,1993,131124
Dipolydora socialis,41.216999054,-71.8499984741,e7c86904-aac7-4a17-a895-99a54c430d80,1979,131124
Dipolydora socialis,40.4169998169,-73.766998291,e7c86904-aac7-4a17-a895-99a54c430d80,1988,131124
Dipolydora socialis,40.483001709,-74.016998291,e7c86904-aac7-4a17-a895-99a54c430d80,1973,131124
Dipolydora socialis,41.483001709,-70.8499984741,e7c86904-aac7-4a17-a895-99a54c430d80,1985,131124
Dipolydora socialis,40.25,-70.8000030518,e7c86904-aac7-4a17-a895-99a54c430d80,1982,131124
Dipolydora socialis,41.2569999695,-72.43699646,41a50544-957c-4193-8bbf-25a25f749e85,1993,131124
Dipolydora socialis,40.233001709,-73.0500030518,e7c86904-aac7-4a17-a895-99a54c430d80,1982,131124
Dipolydora socialis,40.4329986572,-73.766998291,e7c86904-aac7-4a17-a895-99a54c430d80,1988,131124
Dipolydora socialis,40.4169998169,-73.766998291,e7c86904-aac7-4a17-a895-99a54c430d80,1988,131124
Dipolydora socialis,41.266998291,-72.0830001831,e7c86904-aac7-4a17-a895-99a54c430d80,1975,131124
Dipolydora socialis,41.1199989319,-72.2699966431,41a50544-957c-4193-8bbf-25a25f749e85,2002,131124
Dipolydora socialis,40.4329986572,-73.766998291,e7c86904-aac7-4a17-a895-99a54c430d80,1986,131124
Dipolydora socialis,40.65832901,-67.8399963379,89e23fc8-3f61-4480-9de3-358fe6eefe0b,1982,131124
Dipolydora socialis,40.1669998169,-72.6669998169,e7c86904-aac7-4a17-a895-99a54c430d80,1984,131124
Dipolydora socialis,40.6669998169,-69.4499969482,89e23fc8-3f61-4480-9de3-358fe6eefe0b,1977,131124
Dipolydora socialis,40.65832901,-67.8399963379,89e23fc8-3f61-4480-9de3-358fe6eefe0b,1981,131124
Dipolydora socialis,40.4169998169,-73.766998291,e7c86904-aac7-4a17-a895-99a54c430d80,1986,131124
Dipolydora socialis,38.7000007629,-73.5500030518,e7c86904-aac7-4a17-a895-99a54c430d80,1974,131124
Dipolydora socialis,41.4269981384,-70.516998291,41a50544-957c-4193-8bbf-25a25f749e85,1990,131124
Dipolydora socialis,38.7700004578,-75.0400009155,41a50544-957c-4193-8bbf-25a25f749e85,1997,131124
Dipolydora socialis,41.25,-72.0500030518,e7c86904-aac7-4a17-a895-99a54c430d80,1975,131124
Dipolydora socialis,41.483001709,-70.8499984741,e7c86904-aac7-4a17-a895-99a54c430d80,1985,131124
Dipolydora socialis,41.266998291,-72.0999984741,e7c86904-aac7-4a17-a895-99a54c430d80,1974,131124
Dipolydora socialis,41.266998291,-72.0999984741,e7c86904-aac7-4a17-a895-99a54c430d80,1974,131124
Dipolydora socialis,40.6566696167,-67.7816696167,89e23fc8-3f61-4480-9de3-358fe6eefe0b,1983,131124
Dipolydora socialis,41.266998291,-72.0999984741,e7c86904-aac7-4a17-a895-99a54c430d80,1975,131124
Dipolydora socialis,40.4169998169,-73.766998291,e7c86904-aac7-4a17-a895-99a54c430d80,1988,131124
Dipolydora socialis,38.283000946,-74.2829971313,e7c86904-aac7-4a17-a895-99a54c430d80,1982,131124
Dipolydora socialis,40.4329986572,-73.766998291,e7c86904-aac7-4a17-a895-99a54c430d80,1989,131124
Dipolydora socialis,37.2290000916,-76.1520004272,41a50544-957c-4193-8bbf-25a25f749e85,1993,131124
Dipolydora socialis,40.016998291,-73.4169998169,e7c86904-aac7-4a17-a895-99a54c430d80,1982,131124
Dipolydora socialis,40.6469993591,-74.0579986572,41a50544-957c-4193-8bbf-25a25f749e85,1992,131124
Dipolydora socialis,40.3699989319,-68.503326416,89e23fc8-3f61-4480-9de3-358fe6eefe0b,1981,131124
Dipolydora socialis,39.3170013428,-73.016998291,e7c86904-aac7-4a17-a895-99a54c430d80,1974,131124
Dipolydora socialis,38.3330001831,-74.266998291,e7c86904-aac7-4a17-a895-99a54c430d80,1980,131124
Dipolydora socialis,40.7230606079,-67.6027832031,89e23fc8-3f61-4480-9de3-358fe6eefe0b,1977,131124
Dipolydora socialis,40.4329986572,-73.766998291,e7c86904-aac7-4a17-a895-99a54c430d80,1988,131124
Dipolydora socialis,41.266998291,-72.0999984741,e7c86904-aac7-4a17-a895-99a54c430d80,1975,131124
Dipolydora socialis,39.3330001831,-72.983001709,e7c86904-aac7-4a17-a895-99a54c430d80,1979,131124
Dipolydora socialis,40.65832901,-67.7699966431,89e23fc8-3f61-4480-9de3-358fe6eefe0b,1981,131124
Dipolydora socialis,41.4700012207,-71.3199996948,41a50544-957c-4193-8bbf-25a25f749e85,2000,131124
Dipolydora socialis,40.4329986572,-73.766998291,e7c86904-aac7-4a17-a895-99a54c430d80,1989,131124
Dipolydora socialis,40.65832901,-67.8166732788,89e23fc8-3f61-4480-9de3-358fe6eefe0b,1982,131124
Dipolydora socialis,39.25,-73.3000030518,e7c86904-aac7-4a17-a895-99a54c430d80,1974,131124
Dipolydora socialis,40.5,-71.0083312988,89e23fc8-3f61-4480-9de3-358fe6eefe0b,1984,131124
Dipolydora socialis,40.4329986572,-73.766998291,e7c86904-aac7-4a17-a895-99a54c430d80,1989,131124
Dipolydora socialis,40.65832901,-67.7750015259,89e23fc8-3f61-4480-9de3-358fe6eefe0b,1982,131124
Dipolydora socialis,40.4519386292,-67.5233306885,89e23fc8-3f61-4480-9de3-358fe6eefe0b,1977,131124
Dipolydora socialis,40.4329986572,-73.766998291,e7c86904-aac7-4a17-a895-99a54c430d80,1989,131124
Dipolydora socialis,40.6599998474,-67.7933273315,89e23fc8-3f61-4480-9de3-358fe6eefe0b,1983,131124
Dipolydora socialis,40.693611145,-69.0411071777,89e23fc8-3f61-4480-9de3-358fe6eefe0b,1977,131124
Dipolydora socialis,40.016998291,-73.4169998169,e7c86904-aac7-4a17-a895-99a54c430d80,1984,131124
Dipolydora socialis,41.2999992371,-72.0830001831,e7c86904-aac7-4a17-a895-99a54c430d80,1975,131124
Dipolydora socialis,40.6611099243,-69.4527816772,89e23fc8-3f61-4480-9de3-358fe6eefe0b,1977,131124
Dipolydora socialis,41.283000946,-72.0670013428,e7c86904-aac7-4a17-a895-99a54c430d80,1974,131124
Dipolydora socialis,41.2680015564,-72.1060028076,41a50544-957c-4193-8bbf-25a25f749e85,1991,131124
Dipolydora socialis,40.7286109924,-67.5583267212,89e23fc8-3f61-4480-9de3-358fe6eefe0b,1977,131124
Dipolydora socialis,39.3330001831,-73.2829971313,e7c86904-aac7-4a17-a895-99a54c430d80,1974,131124
Dipolydora socialis,41.266998291,-72.0830001831,e7c86904-aac7-4a17-a895-99a54c430d80,1974,131124
Dipolydora socialis,41.1380004883,-71.7659988403,41a50544-957c-4193-8bbf-25a25f749e85,1991,131124
Dipolydora socialis,40.7091712952,-67.5733337402,89e23fc8-3f61-4480-9de3-358fe6eefe0b,1977,131124
Dipolydora socialis,40.6683311462,-67.7683334351,89e23fc8-3f61-4480-9de3-358fe6eefe0b,1982,131124
Dipolydora socialis,40.4329986572,-73.766998291,e7c86904-aac7-4a17-a895-99a54c430d80,1988,131124
Dipolydora socialis,41.25,-72.0500030518,e7c86904-aac7-4a17-a895-99a54c430d80,1975,131124
Dipolydora socialis,41.266998291,-72.0500030518,e7c86904-aac7-4a17-a895-99a54c430d80,1975,131124
Dipolydora socialis,41.0909996033,-72.3669967651,41a50544-957c-4193-8bbf-25a25f749e85,1992,131124
Dipolydora socialis,41.6409988403,-71.3000030518,41a50544-957c-4193-8bbf-25a25f749e85,1990,131124
Dipolydora socialis,39.4329986572,-73.0830001831,e7c86904-aac7-4a17-a895-99a54c430d80,1974,131124
Dipolydora socialis,41.283000946,-72.0999984741,e7c86904-aac7-4a17-a895-99a54c430d80,1975,131124
Dipolydora socialis,39.3330001831,-72.9670028687,e7c86904-aac7-4a17-a895-99a54c430d80,1979,131124
Dipolydora socialis,39.3499984741,-75.5400009155,41a50544-957c-4193-8bbf-25a25f749e85,2002,131124
Dipolydora socialis,38.3330001831,-74.266998291,e7c86904-aac7-4a17-a895-99a54c430d80,1980,131124
Dipolydora socialis,39.283000946,-73.1829986572,e7c86904-aac7-4a17-a895-99a54c430d80,1974,131124
Dipolydora socialis,39.6170005798,-73.9000015259,e7c86904-aac7-4a17-a895-99a54c430d80,1978,131124
Dipolydora socialis,40.6650009155,-67.7783279419,89e23fc8-3f61-4480-9de3-358fe6eefe0b,1982,131124
Dipolydora socialis,39.4000015259,-73.25,e7c86904-aac7-4a17-a895-99a54c430d80,1974,131124
Dipolydora socialis,40.6829986572,-71.3669967651,e7c86904-aac7-4a17-a895-99a54c430d80,1979,131124
Dipolydora socialis,41.483001709,-70.8669967651,e7c86904-aac7-4a17-a895-99a54c430d80,1983,131124
Dipolydora socialis,40.1669998169,-72.6669998169,e7c86904-aac7-4a17-a895-99a54c430d80,1985,131124
Dipolydora socialis,40.5716705322,-67.7549972534,89e23fc8-3f61-4480-9de3-358fe6eefe0b,1981,131124
Dipolydora socialis,41.5099983215,-71.3600006104,41a50544-957c-4193-8bbf-25a25f749e85,2000,131124
Dipolydora socialis,40.4430618286,-67.5922164917,89e23fc8-3f61-4480-9de3-358fe6eefe0b,1977,131124
Dipolydora socialis,41.216999054,-71.8499984741,e7c86904-aac7-4a17-a895-99a54c430d80,1979,131124
Dipolydora socialis,41.266998291,-72.0999984741,e7c86904-aac7-4a17-a895-99a54c430d80,1976,131124
Dipolydora socialis,39.2400016785,-75.4199981689,41a50544-957c-4193-8bbf-25a25f749e85,1997,131124
Dipolydora socialis,41.1129989624,-72.5350036621,41a50544-957c-4193-8bbf-25a25f749e85,1993,131124
Dipolydora socialis,40.6399993896,-73.4700012207,41a50544-957c-4193-8bbf-25a25f749e85,2002,131124
Dipolydora socialis,40.7247200012,-69.8724975586,89e23fc8-3f61-4480-9de3-358fe6eefe0b,1977,131124
Dipolydora socialis,40.5716705322,-67.7549972534,89e23fc8-3f61-4480-9de3-358fe6eefe0b,1981,131124
Dipolydora socialis,40.6633300781,-67.7683334351,89e23fc8-3f61-4480-9de3-358fe6eefe0b,1983,131124
Dipolydora socialis,38.9970016479,-75.2379989624,41a50544-957c-4193-8bbf-25a25f749e85,1991,131124
Dipolydora socialis,39.466999054,-70.016998291,e7c86904-aac7-4a17-a895-99a54c430d80,1974,131124
Dipolydora socialis,39.3829994202,-73.266998291,e7c86904-aac7-4a17-a895-99a54c430d80,1974,131124
Dipolydora socialis,40.7136116028,-67.57472229,89e23fc8-3f61-4480-9de3-358fe6eefe0b,1977,131124
Dipolydora socialis,41.266998291,-72.1169967651,e7c86904-aac7-4a17-a895-99a54c430d80,1975,131124
Dipolydora socialis,41.2490005493,-72.6569976807,41a50544-957c-4193-8bbf-25a25f749e85,1993,131124
Dipolydora socialis,41.216999054,-72.75,e7c86904-aac7-4a17-a895-99a54c430d80,1972,131124
Dipolydora socialis,41.266998291,-72.0830001831,e7c86904-aac7-4a17-a895-99a54c430d80,1975,131124
Dipolydora socialis,40.7063903809,-67.5788879395,89e23fc8-3f61-4480-9de3-358fe6eefe0b,1977,131124
Dipolydora socialis,40.8450012207,-68.003326416,89e23fc8-3f61-4480-9de3-358fe6eefe0b,1982,131124
Dipolydora socialis,40.4000015259,-73.766998291,e7c86904-aac7-4a17-a895-99a54c430d80,1982,131124
Dipolydora socialis,41.25,-72.0500030518,e7c86904-aac7-4a17-a895-99a54c430d80,1975,131124
Dipolydora socialis,41.216999054,-71.8499984741,e7c86904-aac7-4a17-a895-99a54c430d80,1984,131124
Dipolydora socialis,38.8248,-75.0769,43b58971-4fda-4210-a6ef-654fe0ce226d,1997,131124
Dipolydora socialis,40.483001709,-70.1999969482,e7c86904-aac7-4a17-a895-99a54c430d80,1982,131124
Dipolydora socialis,41.2000007629,-71.6829986572,e7c86904-aac7-4a17-a895-99a54c430d80,1976,131124
Dipolydora socialis,40.9099998474,-73.9100036621,41a50544-957c-4193-8bbf-25a25f749e85,2001,131124
Dipolydora socialis,39.5299987793,-74.3300018311,41a50544-957c-4193-8bbf-25a25f749e85,2002,131124
Dipolydora socialis,40.516998291,-73.733001709,e7c86904-aac7-4a17-a895-99a54c430d80,1973,131124
Dipolydora socialis,39.266998291,-73.0329971313,e7c86904-aac7-4a17-a895-99a54c430d80,1974,131124
Dipolydora socialis,39.4500007629,-73.0670013428,e7c86904-aac7-4a17-a895-99a54c430d80,1974,131124
Dipolydora socialis,37.2949981689,-76.2139968872,41a50544-957c-4193-8bbf-25a25f749e85,1992,131124
Dipolydora socialis,40.6605606079,-69.4563903809,89e23fc8-3f61-4480-9de3-358fe6eefe0b,1977,131124
Dipolydora socialis,40.5733299255,-67.75,89e23fc8-3f61-4480-9de3-358fe6eefe0b,1977,131124
Dipolydora socialis,40.466999054,-73.8000030518,e7c86904-aac7-4a17-a895-99a54c430d80,1976,131124
Dipolydora socialis,41.108001709,-72.6449966431,41a50544-957c-4193-8bbf-25a25f749e85,1991,131124
Dipolydora socialis,41.6100006104,-71.2399978638,41a50544-957c-4193-8bbf-25a25f749e85,2000,131124
Dipolydora socialis,41.266998291,-72.0999984741,e7c86904-aac7-4a17-a895-99a54c430d80,1974,131124
Dipolydora socialis,40.4329986572,-73.766998291,e7c86904-aac7-4a17-a895-99a54c430d80,1987,131124
Dipolydora socialis,40.4329986572,-73.766998291,e7c86904-aac7-4a17-a895-99a54c430d80,1988,131124
Dipolydora socialis,41.4000015259,-71.4329986572,e7c86904-aac7-4a17-a895-99a54c430d80,1984,131124
Dipolydora socialis,41.6399993896,-70.2580032349,41a50544-957c-4193-8bbf-25a25f749e85,1992,131124
Dipolydora socialis,40.016998291,-73.4169998169,e7c86904-aac7-4a17-a895-99a54c430d80,1981,131124
Dipolydora socialis,40.65832901,-67.7699966431,89e23fc8-3f61-4480-9de3-358fe6eefe0b,1984,131124
Dipolydora socialis,38.733001709,-74.0329971313,e7c86904-aac7-4a17-a895-99a54c430d80,1982,131124
Dipolydora socialis,39.4000015259,-73.3170013428,e7c86904-aac7-4a17-a895-99a54c430d80,1974,131124
Dipolydora socialis,40.5699996948,-67.2050018311,89e23fc8-3f61-4480-9de3-358fe6eefe0b,1983,131124
Dipolydora socialis,41.202999115,-71.9359970093,41a50544-957c-4193-8bbf-25a25f749e85,1992,131124
Dipolydora socialis,40.6872215271,-69.0402832031,89e23fc8-3f61-4480-9de3-358fe6eefe0b,1977,131124
Dipolydora socialis,41.3170013428,-72.0830001831,e7c86904-aac7-4a17-a895-99a54c430d80,1975,131124
Dipolydora socialis,40.4916687012,-70.2099990845,89e23fc8-3f61-4480-9de3-358fe6eefe0b,1983,131124
Dipolydora socialis,40.4169998169,-73.1669998169,e7c86904-aac7-4a17-a895-99a54c430d80,1980,131124
Dipolydora socialis,40.5670013428,-72.6169967651,e7c86904-aac7-4a17-a895-99a54c430d80,1982,131124
Dipolydora socialis,40.65832901,-67.8399963379,89e23fc8-3f61-4480-9de3-358fe6eefe0b,1982,131124
Dipolydora socialis,40.5670013428,-72.6169967651,e7c86904-aac7-4a17-a895-99a54c430d80,1985,131124
Dipolydora socialis,38.733001709,-74.0329971313,e7c86904-aac7-4a17-a895-99a54c430d80,1984,131124
Dipolydora socialis,40.4169998169,-73.1669998169,e7c86904-aac7-4a17-a895-99a54c430d80,1980,131124
Dipolydora socialis,41.266998291,-72.0999984741,e7c86904-aac7-4a17-a895-99a54c430d80,1975,131124
Dipolydora socialis,37.99801,-75.6207,43b58971-4fda-4210-a6ef-654fe0ce226d,2004,131124
Dipolydora socialis,40.6913909912,-67.6011123657,89e23fc8-3f61-4480-9de3-358fe6eefe0b,1977,131124
Dipolydora socialis,40.6855583191,-67.5933303833,89e23fc8-3f61-4480-9de3-358fe6eefe0b,1977,131124
Dipolydora socialis,40.4555587769,-67.5222167969,89e23fc8-3f61-4480-9de3-358fe6eefe0b,1977,131124
Dipolydora socialis,40.2236099243,-69.7944412231,89e23fc8-3f61-4480-9de3-358fe6eefe0b,1977,131124
Dipolydora socialis,41.0499992371,-72.3000030518,41a50544-957c-4193-8bbf-25a25f749e85,2002,131124
Dipolydora socialis,40.016998291,-73.4169998169,e7c86904-aac7-4a17-a895-99a54c430d80,1984,131124
Dipolydora socialis,40.6829986572,-71.3669967651,e7c86904-aac7-4a17-a895-99a54c430d80,1980,131124
Dipolydora socialis,41.233001709,-71.8499984741,e7c86904-aac7-4a17-a895-99a54c430d80,1982,131124
Dipolydora socialis,40.6469993591,-74.0579986572,41a50544-957c-4193-8bbf-25a25f749e85,1992,131124
Dipolydora socialis,41.266998291,-72.0830001831,e7c86904-aac7-4a17-a895-99a54c430d80,1974,131124
Dipolydora socialis,40.7227783203,-69.8763885498,89e23fc8-3f61-4480-9de3-358fe6eefe0b,1977,131124
Dipolydora socialis,41.8300018311,-71.0999984741,41a50544-957c-4193-8bbf-25a25f749e85,2000,131124
Dipolydora socialis,38.733001709,-74.0329971313,e7c86904-aac7-4a17-a895-99a54c430d80,1982,131124
Dipolydora socialis,40.4329986572,-73.766998291,e7c86904-aac7-4a17-a895-99a54c430d80,1987,131124
Dipolydora socialis,40.466999054,-73.766998291,e7c86904-aac7-4a17-a895-99a54c430d80,1974,131124
Dipolydora socialis,41.216999054,-71.8499984741,e7c86904-aac7-4a17-a895-99a54c430d80,1982,131124
Dipolydora socialis,40.5800018311,-74.0199966431,41a50544-957c-4193-8bbf-25a25f749e85,1998,131124
Dipolydora socialis,40.4329986572,-73.766998291,e7c86904-aac7-4a17-a895-99a54c430d80,1989,131124
Dipolydora socialis,40.6566696167,-67.7816696167,89e23fc8-3f61-4480-9de3-358fe6eefe0b,1982,131124
Dipolydora socialis,38.516998291,-74.9670028687,e7c86904-aac7-4a17-a895-99a54c430d80,1985,131124
Dipolydora socialis,39.25,-73.25,e7c86904-aac7-4a17-a895-99a54c430d80,1974,131124
Dipolydora socialis,40.5,-72.2170028687,e7c86904-aac7-4a17-a895-99a54c430d80,1984,131124
Dipolydora socialis,41.3380012512,-71.9749984741,41a50544-957c-4193-8bbf-25a25f749e85,1990,131124
Dipolydora socialis,40.5994415283,-67.7441711426,89e23fc8-3f61-4480-9de3-358fe6eefe0b,1977,131124
Dipolydora socialis,41.7299995422,-70.7099990845,41a50544-957c-4193-8bbf-25a25f749e85,2000,131124
Dipolydora socialis,41.4980010986,-71.4020004272,41a50544-957c-4193-8bbf-25a25f749e85,1990,131124
Dipolydora socialis,41.6549987793,-70.7450027466,41a50544-957c-4193-8bbf-25a25f749e85,1992,131124
Dipolydora socialis,40.6830596924,-67.5950012207,89e23fc8-3f61-4480-9de3-358fe6eefe0b,1977,131124
Dipolydora socialis,40.3561096191,-68.493057251,89e23fc8-3f61-4480-9de3-358fe6eefe0b,1977,131124
Dipolydora socialis,40.466999054,-70.3499984741,e7c86904-aac7-4a17-a895-99a54c430d80,1980,131124
Dipolydora socialis,40.4000015259,-73.7170028687,e7c86904-aac7-4a17-a895-99a54c430d80,1982,131124
Dipolydora socialis,41.0999984741,-71.8170013428,e7c86904-aac7-4a17-a895-99a54c430d80,1976,131124
Dipolydora socialis,40.4329986572,-73.766998291,e7c86904-aac7-4a17-a895-99a54c430d80,1987,131124
Dipolydora socialis,40.65832901,-67.7216720581,89e23fc8-3f61-4480-9de3-358fe6eefe0b,1982,131124
Dipolydora socialis,41.266998291,-72.0999984741,e7c86904-aac7-4a17-a895-99a54c430d80,1975,131124
Dipolydora socialis,40.1170005798,-72.8669967651,e7c86904-aac7-4a17-a895-99a54c430d80,1984,131124
Dipolydora socialis,40.5755615234,-67.7527770996,89e23fc8-3f61-4480-9de3-358fe6eefe0b,1977,131124
Dipolydora socialis,40.4329986572,-73.766998291,e7c86904-aac7-4a17-a895-99a54c430d80,1988,131124
Dipolydora socialis,41.266998291,-72.0999984741,e7c86904-aac7-4a17-a895-99a54c430d80,1975,131124
Dipolydora socialis,38.75,-75.016998291,e7c86904-aac7-4a17-a895-99a54c430d80,1980,131124
Dipolydora socialis,40.4547195435,-67.5241699219,89e23fc8-3f61-4480-9de3-358fe6eefe0b,1977,131124
Dipolydora socialis,41.5820007324,-70.9079971313,41a50544-957c-4193-8bbf-25a25f749e85,1993,131124
Dipolydora socialis,40.6829986572,-71.3499984741,e7c86904-aac7-4a17-a895-99a54c430d80,1981,131124
Dipolydora socialis,38.0600013733,-75.3300018311,41a50544-957c-4193-8bbf-25a25f749e85,1997,131124
Dipolydora socialis,39.3330001831,-73.0830001831,e7c86904-aac7-4a17-a895-99a54c430d80,1974,131124
Dipolydora socialis,39.3499984741,-73.2170028687,e7c86904-aac7-4a17-a895-99a54c430d80,1974,131124
Dipolydora socialis,41.4700012207,-71.4000015259,41a50544-957c-4193-8bbf-25a25f749e85,2001,131124
Dipolydora socialis,40.4329986572,-73.766998291,e7c86904-aac7-4a17-a895-99a54c430d80,1989,131124
Dipolydora socialis,41.3100013733,-72.0800018311,41a50544-957c-4193-8bbf-25a25f749e85,2002,131124
Dipolydora socialis,40.4329986572,-73.766998291,e7c86904-aac7-4a17-a895-99a54c430d80,1987,131124
Dipolydora socialis,41.2299995422,-72.0500030518,41a50544-957c-4193-8bbf-25a25f749e85,2001,131124
Dipolydora socialis,38.733001709,-74.0329971313,e7c86904-aac7-4a17-a895-99a54c430d80,1980,131124
Dipolydora socialis,40.233001709,-73.25,e7c86904-aac7-4a17-a895-99a54c430d80,1981,131124
Dipolydora socialis,41.4000015259,-71.4169998169,e7c86904-aac7-4a17-a895-99a54c430d80,1979,131124
Dipolydora socialis,38.733001709,-74.0329971313,e7c86904-aac7-4a17-a895-99a54c430d80,1979,131124
Dipolydora socialis,40.5716705322,-67.7549972534,89e23fc8-3f61-4480-9de3-358fe6eefe0b,1983,131124
Dipolydora socialis,40.1699981689,-73.7300033569,41a50544-957c-4193-8bbf-25a25f749e85,1993,131124
Dipolydora socialis,40.7230606079,-67.6027832031,89e23fc8-3f61-4480-9de3-358fe6eefe0b,1977,131124
Dipolydora socialis,40.5716705322,-67.7549972534,89e23fc8-3f61-4480-9de3-358fe6eefe0b,1983,131124
Dipolydora socialis,41.1829986572,-71.9169998169,e7c86904-aac7-4a17-a895-99a54c430d80,1976,131124
Dipolydora socialis,39.4000015259,-73.0500030518,e7c86904-aac7-4a17-a895-99a54c430d80,1974,131124
Dipolydora socialis,40.430618,-68.699028,43b58971-4fda-4210-a6ef-654fe0ce226d,2006,131124
Dipolydora socialis,40.8100013733,-73.8099975586,41a50544-957c-4193-8bbf-25a25f749e85,1994,131124
Dipolydora socialis,40.0499992371,-73.4329986572,e7c86904-aac7-4a17-a895-99a54c430d80,1979,131124
Dipolydora socialis,41.5209999084,-70.4049987793,41a50544-957c-4193-8bbf-25a25f749e85,1992,131124
Dipolydora socialis,39.3330001831,-72.983001709,e7c86904-aac7-4a17-a895-99a54c430d80,1980,131124
Dipolydora socialis,41.25,-72.0830001831,e7c86904-aac7-4a17-a895-99a54c430d80,1974,131124
Dipolydora socialis,41.5219993591,-70.2939987183,41a50544-957c-4193-8bbf-25a25f749e85,1990,131124
Dipolydora socialis,40.3552818298,-68.4899978638,89e23fc8-3f61-4480-9de3-358fe6eefe0b,1977,131124
Dipolydora socialis,39.4500007629,-75.5599975586,41a50544-957c-4193-8bbf-25a25f749e85,2001,131124
Dipolydora socialis,39.283000946,-73.0830001831,e7c86904-aac7-4a17-a895-99a54c430d80,1974,131124
Dipolydora socialis,41.1749992371,-72.7060012817,41a50544-957c-4193-8bbf-25a25f749e85,1990,131124
Dipolydora socialis,40.6599998474,-67.7933273315,89e23fc8-3f61-4480-9de3-358fe6eefe0b,1982,131124
Dipolydora socialis,38.3600006104,-75.1100006104,41a50544-957c-4193-8bbf-25a25f749e85,1993,131124
Dipolydora socialis,40.65832901,-67.8166732788,89e23fc8-3f61-4480-9de3-358fe6eefe0b,1983,131124
Dipolydora socialis,38.766998291,-73.516998291,e7c86904-aac7-4a17-a895-99a54c430d80,1979,131124
Dipolydora socialis,40.4169998169,-73.8830032349,e7c86904-aac7-4a17-a895-99a54c430d80,1980,131124
Dipolydora socialis,40.6500015259,-72.983001709,e7c86904-aac7-4a17-a895-99a54c430d80,1985,131124
Dipolydora socialis,40.5,-74.1500015259,41a50544-957c-4193-8bbf-25a25f749e85,1998,131124
Dipolydora socialis,39.3699989319,-75.4599990845,41a50544-957c-4193-8bbf-25a25f749e85,2000,131124
Dipolydora socialis,41.216999054,-71.8499984741,e7c86904-aac7-4a17-a895-99a54c430d80,1976,131124
Dipolydora socialis,40.1500015259,-73.6829986572,e7c86904-aac7-4a17-a895-99a54c430d80,1982,131124
Dipolydora socialis,40.4329986572,-73.766998291,e7c86904-aac7-4a17-a895-99a54c430d80,1988,131124
Dipolydora socialis,40.4169998169,-73.766998291,e7c86904-aac7-4a17-a895-99a54c430d80,1986,131124
Dipolydora socialis,40.65832901,-67.8399963379,89e23fc8-3f61-4480-9de3-358fe6eefe0b,1981,131124
Dipolydora socialis,39.5429,-75.5638,43b58971-4fda-4210-a6ef-654fe0ce226d,1997,131124
Dipolydora socialis,39.0600013733,-74.9899978638,41a50544-957c-4193-8bbf-25a25f749e85,1997,131124
Dipolydora socialis,38.7724,-75.0458,43b58971-4fda-4210-a6ef-654fe0ce226d,1997,131124
Dipolydora socialis,41.283000946,-72.0830001831,e7c86904-aac7-4a17-a895-99a54c430d80,1975,131124
Dipolydora socialis,40.4169998169,-73.766998291,e7c86904-aac7-4a17-a895-99a54c430d80,1987,131124
Dipolydora socialis,40.516998291,-68.016998291,e7c86904-aac7-4a17-a895-99a54c430d80,1984,131124
Dipolydora socialis,40.4169998169,-73.766998291,e7c86904-aac7-4a17-a895-99a54c430d80,1987,131124
Dipolydora socialis,41.266998291,-71.75,e7c86904-aac7-4a17-a895-99a54c430d80,1976,131124
Dipolydora socialis,41.266998291,-72.0830001831,e7c86904-aac7-4a17-a895-99a54c430d80,1975,131124
Dipolydora socialis,39.4169998169,-73.0999984741,e7c86904-aac7-4a17-a895-99a54c430d80,1974,131124
Dipolydora socialis,40.4169998169,-73.766998291,e7c86904-aac7-4a17-a895-99a54c430d80,1980,131124
Dipolydora socialis,41.1669998169,-71.8170013428,e7c86904-aac7-4a17-a895-99a54c430d80,1976,131124
Dipolydora socialis,39.3670005798,-73.0500030518,e7c86904-aac7-4a17-a895-99a54c430d80,1974,131124
Dipolydora socialis,40.79617,-73.87833,43b58971-4fda-4210-a6ef-654fe0ce226d,1991,131124
Dipolydora socialis,40.2700004578,-73.5599975586,41a50544-957c-4193-8bbf-25a25f749e85,1993,131124
Dipolydora socialis,40.65832901,-67.7750015259,89e23fc8-3f61-4480-9de3-358fe6eefe0b,1982,131124
Dipolydora socialis,40.8450012207,-68.003326416,89e23fc8-3f61-4480-9de3-358fe6eefe0b,1981,131124
Dipolydora socialis,40.6566696167,-67.7816696167,89e23fc8-3f61-4480-9de3-358fe6eefe0b,1982,131124
Dipolydora socialis,39.3499984741,-73.016998291,e7c86904-aac7-4a17-a895-99a54c430d80,1974,131124
Dipolydora socialis,40.65832901,-67.7450027466,89e23fc8-3f61-4480-9de3-358fe6eefe0b,1982,131124
Dipolydora socialis,40.6627807617,-69.4536132812,89e23fc8-3f61-4480-9de3-358fe6eefe0b,1977,131124
Dipolydora socialis,40.65832901,-67.8399963379,89e23fc8-3f61-4480-9de3-358fe6eefe0b,1982,131124
Dipolydora socialis,40.2000007629,-72.7829971313,e7c86904-aac7-4a17-a895-99a54c430d80,1975,131124
Dipolydora socialis,41.216999054,-71.8499984741,e7c86904-aac7-4a17-a895-99a54c430d80,1982,131124
Dipolydora socialis,40.6650009155,-67.7783279419,89e23fc8-3f61-4480-9de3-358fe6eefe0b,1981,131124
Dipolydora socialis,40.2900009155,-73.7300033569,41a50544-957c-4193-8bbf-25a25f749e85,1994,131124
Dipolydora socialis,40.726940155,-69.8702774048,89e23fc8-3f61-4480-9de3-358fe6eefe0b,1977,131124
Dipolydora socialis,41.0,-72.3830032349,41a50544-957c-4193-8bbf-25a25f749e85,1991,131124
Dipolydora socialis,41.283000946,-72.0670013428,e7c86904-aac7-4a17-a895-99a54c430d80,1975,131124
Dipolydora socialis,40.6566696167,-67.7816696167,89e23fc8-3f61-4480-9de3-358fe6eefe0b,1981,131124
Dipolydora socialis,39.2999992371,-74.5899963379,41a50544-957c-4193-8bbf-25a25f749e85,2001,131124
Dipolydora socialis,40.4329986572,-73.766998291,e7c86904-aac7-4a17-a895-99a54c430d80,1987,131124
Dipolydora socialis,40.7999992371,-73.8099975586,41a50544-957c-4193-8bbf-25a25f749e85,1998,131124
Dipolydora socialis,40.6829986572,-71.3499984741,e7c86904-aac7-4a17-a895-99a54c430d80,1984,131124
Dipolydora socialis,40.4799995422,-73.7600021362,41a50544-957c-4193-8bbf-25a25f749e85,1993,131124
Dipolydora socialis,40.4000015259,-73.8669967651,e7c86904-aac7-4a17-a895-99a54c430d80,1982,131124
Dipolydora socialis,40.5836105347,-67.19972229,89e23fc8-3f61-4480-9de3-358fe6eefe0b,1977,131124
Dipolydora socialis,41.2820014954,-71.6650009155,41a50544-957c-4193-8bbf-25a25f749e85,1991,131124
Dipolydora socialis,40.4169998169,-73.766998291,e7c86904-aac7-4a17-a895-99a54c430d80,1987,131124
Dipolydora socialis,40.3699989319,-68.503326416,89e23fc8-3f61-4480-9de3-358fe6eefe0b,1982,131124
Dipolydora socialis,41.1829986572,-71.9169998169,e7c86904-aac7-4a17-a895-99a54c430d80,1976,131124
Dipolydora socialis,41.2099990845,-71.7149963379,41a50544-957c-4193-8bbf-25a25f749e85,1992,131124
Dipolydora socialis,41.266998291,-72.0500030518,e7c86904-aac7-4a17-a895-99a54c430d80,1975,131124
Dipolydora socialis,40.65832901,-67.6983337402,89e23fc8-3f61-4480-9de3-358fe6eefe0b,1982,131124
Dipolydora socialis,40.65832901,-67.7699966431,89e23fc8-3f61-4480-9de3-358fe6eefe0b,1984,131124
Dipolydora socialis,41.283000946,-72.0999984741,e7c86904-aac7-4a17-a895-99a54c430d80,1975,131124
Dipolydora socialis,40.4169998169,-73.766998291,e7c86904-aac7-4a17-a895-99a54c430d80,1988,131124
Dipolydora socialis,41.7000007629,-70.6299972534,41a50544-957c-4193-8bbf-25a25f749e85,2001,131124
Dipolydora socialis,40.676940918,-69.4672164917,89e23fc8-3f61-4480-9de3-358fe6eefe0b,1977,131124
Dipolydora socialis,40.65832901,-67.8399963379,89e23fc8-3f61-4480-9de3-358fe6eefe0b,1981,131124
Dipolydora socialis,39.5,-73.0999984741,e7c86904-aac7-4a17-a895-99a54c430d80,1974,131124
Dipolydora socialis,40.9700012207,-72.5199966431,41a50544-957c-4193-8bbf-25a25f749e85,2002,131124
Dipolydora socialis,40.016998291,-73.4169998169,e7c86904-aac7-4a17-a895-99a54c430d80,1981,131124
Dipolydora socialis,41.216999054,-71.8499984741,e7c86904-aac7-4a17-a895-99a54c430d80,1979,131124
Dipolydora socialis,40.65832901,-67.6983337402,89e23fc8-3f61-4480-9de3-358fe6eefe0b,1982,131124
Dipolydora socialis,41.4000015259,-71.4329986572,e7c86904-aac7-4a17-a895-99a54c430d80,1984,131124
Dipolydora socialis,36.783000946,-75.1999969482,e7c86904-aac7-4a17-a895-99a54c430d80,1980,131124
Dipolydora socialis,41.2050018311,-71.8249969482,41a50544-957c-4193-8bbf-25a25f749e85,1990,131124
Dipolydora socialis,40.3170013428,-73.766998291,e7c86904-aac7-4a17-a895-99a54c430d80,1985,131124
Dipolydora socialis,40.3330001831,-73.8000030518,e7c86904-aac7-4a17-a895-99a54c430d80,1985,131124
Dipolydora socialis,39.5999984741,-73.9000015259,e7c86904-aac7-4a17-a895-99a54c430d80,1982,131124
Dipolydora socialis,40.5833282471,-67.1949996948,89e23fc8-3f61-4480-9de3-358fe6eefe0b,1983,131124
Dipolydora socialis,40.5583305359,-67.2283325195,89e23fc8-3f61-4480-9de3-358fe6eefe0b,1982,131124
Dipolydora socialis,41.216999054,-71.8499984741,e7c86904-aac7-4a17-a895-99a54c430d80,1981,131124
Dipolydora socialis,40.4169998169,-73.766998291,e7c86904-aac7-4a17-a895-99a54c430d80,1987,131124
Dipolydora socialis,40.016998291,-73.4169998169,e7c86904-aac7-4a17-a895-99a54c430d80,1984,131124
Dipolydora socialis,40.6549987793,-67.7699966431,89e23fc8-3f61-4480-9de3-358fe6eefe0b,1982,131124
Dipolydora socialis,40.6829986572,-71.3669967651,e7c86904-aac7-4a17-a895-99a54c430d80,1980,131124
Dipolydora socialis,40.4169998169,-72.3170013428,e7c86904-aac7-4a17-a895-99a54c430d80,1982,131124
Dipolydora socialis,40.3699989319,-68.503326416,89e23fc8-3f61-4480-9de3-358fe6eefe0b,1981,131124
Dipolydora socialis,40.6650009155,-67.7783279419,89e23fc8-3f61-4480-9de3-358fe6eefe0b,1983,131124
Dipolydora socialis,40.6599998474,-67.7633285522,89e23fc8-3f61-4480-9de3-358fe6eefe0b,1982,131124
Dipolydora socialis,40.3499984741,-68.483001709,e7c86904-aac7-4a17-a895-99a54c430d80,1979,131124
Dipolydora socialis,40.6500015259,-67.7683334351,89e23fc8-3f61-4480-9de3-358fe6eefe0b,1982,131124
Dipolydora socialis,39.283000946,-73.3000030518,e7c86904-aac7-4a17-a895-99a54c430d80,1974,131124
Dipolydora socialis,41.3160018921,-70.1179962158,41a50544-957c-4193-8bbf-25a25f749e85,1991,131124
Dipolydora socialis,41.5709991455,-71.3509979248,41a50544-957c-4193-8bbf-25a25f749e85,1993,131124
Dipolydora socialis,41.188999176,-72.3759994507,41a50544-957c-4193-8bbf-25a25f749e85,1992,131124
Dipolydora socialis,41.25,-72.0670013428,e7c86904-aac7-4a17-a895-99a54c430d80,1974,131124
Dipolydora socialis,40.1170005798,-73.5999984741,e7c86904-aac7-4a17-a895-99a54c430d80,1985,131124
Dipolydora socialis,40.4329986572,-73.766998291,e7c86904-aac7-4a17-a895-99a54c430d80,1988,131124
Dipolydora socialis,40.5499992371,-73.6169967651,e7c86904-aac7-4a17-a895-99a54c430d80,1984,131124
Dipolydora socialis,40.016998291,-73.4169998169,e7c86904-aac7-4a17-a895-99a54c430d80,1981,131124
Dipolydora socialis,40.7216682434,-69.868057251,89e23fc8-3f61-4480-9de3-358fe6eefe0b,1977,131124
Dipolydora socialis,40.5716705322,-67.7549972534,89e23fc8-3f61-4480-9de3-358fe6eefe0b,1982,131124
Dipolydora socialis,40.4500007629,-73.766998291,e7c86904-aac7-4a17-a895-99a54c430d80,1986,131124
Dipolydora socialis,37.1529998779,-76.1930007935,41a50544-957c-4193-8bbf-25a25f749e85,1990,131124
Dipolydora socialis,40.5833282471,-67.1949996948,89e23fc8-3f61-4480-9de3-358fe6eefe0b,1981,131124
Dipolydora socialis,40.6533317566,-67.7766723633,89e23fc8-3f61-4480-9de3-358fe6eefe0b,1982,131124
Dipolydora socialis,40.9199981689,-73.3799972534,41a50544-957c-4193-8bbf-25a25f749e85,2000,131124
Dipolydora socialis,40.2000007629,-72.6999969482,e7c86904-aac7-4a17-a895-99a54c430d80,1974,131124
Dipolydora socialis,41.0999984741,-72.9300003052,41a50544-957c-4193-8bbf-25a25f749e85,2000,131124
Dipolydora socialis,41.266998291,-72.0830001831,e7c86904-aac7-4a17-a895-99a54c430d80,1975,131124
Dipolydora socialis,40.5716705322,-67.7549972534,89e23fc8-3f61-4480-9de3-358fe6eefe0b,1982,131124
Dipolydora socialis,40.5716705322,-67.7549972534,89e23fc8-3f61-4480-9de3-358fe6eefe0b,1981,131124
Dipolydora socialis,41.1669998169,-71.8170013428,e7c86904-aac7-4a17-a895-99a54c430d80,1976,131124
Dipolydora socialis,40.4169998169,-73.766998291,e7c86904-aac7-4a17-a895-99a54c430d80,1988,131124
Dipolydora socialis,38.03361,-75.65825,43b58971-4fda-4210-a6ef-654fe0ce226d,2004,131124
Dipolydora socialis,39.516998291,-73.3669967651,e7c86904-aac7-4a17-a895-99a54c430d80,1974,131124
Dipolydora socialis,41.25,-72.0830001831,e7c86904-aac7-4a17-a895-99a54c430d80,1974,131124
Dipolydora socialis,41.641998291,-70.9209976196,41a50544-957c-4193-8bbf-25a25f749e85,1990,131124
Dipolydora socialis,40.5800018311,-74.0299987793,41a50544-957c-4193-8bbf-25a25f749e85,1998,131124
Dipolydora socialis,39.5,-75.5,41a50544-957c-4193-8bbf-25a25f749e85,2000,131124
Dipolydora socialis,39.3330001831,-72.983001709,e7c86904-aac7-4a17-a895-99a54c430d80,1978,131124
Dipolydora socialis,39.3829994202,-73.266998291,e7c86904-aac7-4a17-a895-99a54c430d80,1974,131124
Dipolydora socialis,35.34167099,-75.3600006104,89e23fc8-3f61-4480-9de3-358fe6eefe0b,1980,131124
Dipolydora socialis,40.6829986572,-71.3669967651,e7c86904-aac7-4a17-a895-99a54c430d80,1979,131124
Dipolydora socialis,40.25,-73.6500015259,e7c86904-aac7-4a17-a895-99a54c430d80,1978,131124
Dipolydora socialis,40.4329986572,-73.766998291,e7c86904-aac7-4a17-a895-99a54c430d80,1987,131124
Dipolydora socialis,40.4169998169,-73.766998291,e7c86904-aac7-4a17-a895-99a54c430d80,1987,131124
Dipolydora socialis,40.466999054,-73.733001709,e7c86904-aac7-4a17-a895-99a54c430d80,1974,131124
Dipolydora socialis,40.5849990845,-67.1916732788,89e23fc8-3f61-4480-9de3-358fe6eefe0b,1977,131124
Dipolydora socialis,40.5699996948,-67.2050018311,89e23fc8-3f61-4480-9de3-358fe6eefe0b,1982,131124
Dipolydora socialis,36.6829986572,-74.75,e7c86904-aac7-4a17-a895-99a54c430d80,1979,131124
Dipolydora socialis,40.4169998169,-73.766998291,e7c86904-aac7-4a17-a895-99a54c430d80,1980,131124
Dipolydora socialis,39.6170005798,-73.483001709,e7c86904-aac7-4a17-a895-99a54c430d80,1974,131124
Dipolydora socialis,39.483001709,-73.3170013428,e7c86904-aac7-4a17-a895-99a54c430d80,1974,131124
Dipolydora socialis,41.2980003357,-72.1829986572,41a50544-957c-4193-8bbf-25a25f749e85,1991,131124
Dipolydora socialis,36.6829986572,-74.75,e7c86904-aac7-4a17-a895-99a54c430d80,1979,131124
Dipolydora socialis,41.266998291,-72.0999984741,e7c86904-aac7-4a17-a895-99a54c430d80,1975,131124
Dipolydora socialis,38.733001709,-74.0329971313,e7c86904-aac7-4a17-a895-99a54c430d80,1982,131124
Dipolydora socialis,39.84345,-72.380105,43b58971-4fda-4210-a6ef-654fe0ce226d,2006,131124
Dipolydora socialis,40.3699989319,-68.503326416,89e23fc8-3f61-4480-9de3-358fe6eefe0b,1981,131124
Dipolydora socialis,39.2816696167,-72.5066680908,89e23fc8-3f61-4480-9de3-358fe6eefe0b,1977,131124
Dipolydora socialis,38.766998291,-73.516998291,e7c86904-aac7-4a17-a895-99a54c430d80,1979,131124
Dipolydora socialis,41.2789993286,-71.7750015259,41a50544-957c-4193-8bbf-25a25f749e85,1993,131124
Dipolydora socialis,39.0855,-75.4603,43b58971-4fda-4210-a6ef-654fe0ce226d,1997,131124
Dipolydora socialis,40.6766700745,-67.7683334351,89e23fc8-3f61-4480-9de3-358fe6eefe0b,1981,131124
Dipolydora socialis,38.716999054,-73.6169967651,e7c86904-aac7-4a17-a895-99a54c430d80,1974,131124
Dipolydora socialis,39.0110015869,-75.0260009766,41a50544-957c-4193-8bbf-25a25f749e85,1991,131124
Dipolydora socialis,40.6829986572,-71.3669967651,e7c86904-aac7-4a17-a895-99a54c430d80,1982,131124
Dipolydora socialis,38.733001709,-74.0329971313,e7c86904-aac7-4a17-a895-99a54c430d80,1982,131124
Dipolydora socialis,40.6829986572,-71.3499984741,e7c86904-aac7-4a17-a895-99a54c430d80,1984,131124
Dipolydora socialis,40.5880584717,-67.1875,89e23fc8-3f61-4480-9de3-358fe6eefe0b,1977,131124
Dipolydora socialis,40.25,-70.8170013428,e7c86904-aac7-4a17-a895-99a54c430d80,1982,131124
Dipolydora socialis,40.5583305359,-67.2283325195,89e23fc8-3f61-4480-9de3-358fe6eefe0b,1982,131124
Dipolydora socialis,40.65832901,-67.7216720581,89e23fc8-3f61-4480-9de3-358fe6eefe0b,1982,131124
Dipolydora socialis,40.6599998474,-67.7933273315,89e23fc8-3f61-4480-9de3-358fe6eefe0b,1982,131124
Dipolydora socialis,40.5716705322,-67.7549972534,89e23fc8-3f61-4480-9de3-358fe6eefe0b,1983,131124
Dipolydora socialis,40.4329986572,-73.766998291,e7c86904-aac7-4a17-a895-99a54c430d80,1987,131124
Dipolydora socialis,40.2202796936,-69.7872161865,89e23fc8-3f61-4480-9de3-358fe6eefe0b,1977,131124
Dipolydora socialis,41.0909996033,-73.0839996338,41a50544-957c-4193-8bbf-25a25f749e85,1991,131124
Dipolydora socialis,40.5833282471,-67.1949996948,89e23fc8-3f61-4480-9de3-358fe6eefe0b,1981,131124
Dipolydora socialis,41.5,-71.4000015259,41a50544-957c-4193-8bbf-25a25f749e85,2000,131124
Dipolydora socialis,41.0999984741,-73.3170013428,e7c86904-aac7-4a17-a895-99a54c430d80,1972,131124
Dipolydora socialis,40.516998291,-73.6999969482,e7c86904-aac7-4a17-a895-99a54c430d80,1973,131124
Dipolydora socialis,40.3170013428,-73.8000030518,e7c86904-aac7-4a17-a895-99a54c430d80,1973,131124
Dipolydora socialis,40.3899993896,-73.8700027466,41a50544-957c-4193-8bbf-25a25f749e85,1993,131124
Dipolydora socialis,39.3330001831,-72.983001709,e7c86904-aac7-4a17-a895-99a54c430d80,1979,131124
Dipolydora socialis,40.6566696167,-67.7816696167,89e23fc8-3f61-4480-9de3-358fe6eefe0b,1982,131124
Dipolydora socialis,40.1170005798,-73.5999984741,e7c86904-aac7-4a17-a895-99a54c430d80,1983,131124
Dipolydora socialis,39.24,-75.424,43b58971-4fda-4210-a6ef-654fe0ce226d,1997,131124
Dipolydora socialis,41.266998291,-72.0999984741,e7c86904-aac7-4a17-a895-99a54c430d80,1974,131124
Dipolydora socialis,36.5670013428,-75.8000030518,e7c86904-aac7-4a17-a895-99a54c430d80,1981,131124
Dipolydora socialis,40.6533317566,-67.7766723633,89e23fc8-3f61-4480-9de3-358fe6eefe0b,1981,131124
Dipolydora socialis,40.5,-74.1500015259,41a50544-957c-4193-8bbf-25a25f749e85,1993,131124
Dipolydora socialis,41.0390014648,-72.5839996338,41a50544-957c-4193-8bbf-25a25f749e85,1990,131124
Dipolydora socialis,39.4169998169,-73.5,e7c86904-aac7-4a17-a895-99a54c430d80,1982,131124
Dipolydora socialis,41.266998291,-72.0500030518,e7c86904-aac7-4a17-a895-99a54c430d80,1975,131124
Dipolydora socialis,40.3699989319,-68.503326416,89e23fc8-3f61-4480-9de3-358fe6eefe0b,1982,131124
Dipolydora socialis,40.5,-72.2170028687,e7c86904-aac7-4a17-a895-99a54c430d80,1985,131124
Dipolydora socialis,40.4329986572,-73.766998291,e7c86904-aac7-4a17-a895-99a54c430d80,1987,131124
Dipolydora socialis,40.4916687012,-70.2099990845,89e23fc8-3f61-4480-9de3-358fe6eefe0b,1981,131124
Dipolydora socialis,40.0670013428,-73.516998291,e7c86904-aac7-4a17-a895-99a54c430d80,1983,131124
Dipolydora socialis,40.1329994202,-72.6999969482,e7c86904-aac7-4a17-a895-99a54c430d80,1975,131124
Dipolydora socialis,40.4000015259,-73.8669967651,e7c86904-aac7-4a17-a895-99a54c430d80,1982,131124
Dipolydora socialis,41.3100013733,-71.9899978638,41a50544-957c-4193-8bbf-25a25f749e85,2001,131124
Dipolydora socialis,36.93933,-76.16666,43b58971-4fda-4210-a6ef-654fe0ce226d,2002,131124
Dipolydora socialis,40.4399986267,-74.0599975586,41a50544-957c-4193-8bbf-25a25f749e85,1993,131124
Dipolydora socialis,40.65832901,-67.8399963379,89e23fc8-3f61-4480-9de3-358fe6eefe0b,1982,131124
Dipolydora socialis,40.516998291,-73.75,e7c86904-aac7-4a17-a895-99a54c430d80,1982,131124
Dipolydora socialis,38.766998291,-73.516998291,e7c86904-aac7-4a17-a895-99a54c430d80,1979,131124
Dipolydora socialis,40.5716705322,-67.7549972534,89e23fc8-3f61-4480-9de3-358fe6eefe0b,1982,131124
Dipolydora socialis,40.65832901,-67.7699966431,89e23fc8-3f61-4480-9de3-358fe6eefe0b,1981,131124
Dipolydora socialis,40.4169998169,-73.766998291,e7c86904-aac7-4a17-a895-99a54c430d80,1986,131124
Dipolydora socialis,40.5800018311,-74.0299987793,41a50544-957c-4193-8bbf-25a25f749e85,1993,131124
Dipolydora socialis,40.016998291,-73.4169998169,e7c86904-aac7-4a17-a895-99a54c430d80,1981,131124
Dipolydora socialis,39.5400009155,-75.5599975586,41a50544-957c-4193-8bbf-25a25f749e85,1997,131124
Dipolydora socialis,41.0670013428,-73.3170013428,e7c86904-aac7-4a17-a895-99a54c430d80,1972,131124
Dipolydora socialis,41.4500007629,-70.4570007324,41a50544-957c-4193-8bbf-25a25f749e85,1991,131124
Dipolydora socialis,41.6980018616,-71.2060012817,41a50544-957c-4193-8bbf-25a25f749e85,1991,131124
Dipolydora socialis,41.6409988403,-71.3000030518,41a50544-957c-4193-8bbf-25a25f749e85,1990,131124
Dipolydora socialis,40.4169998169,-72.3170013428,e7c86904-aac7-4a17-a895-99a54c430d80,1985,131124
Dipolydora socialis,41.283000946,-72.0670013428,e7c86904-aac7-4a17-a895-99a54c430d80,1974,131124
Dipolydora socialis,41.216999054,-71.8499984741,e7c86904-aac7-4a17-a895-99a54c430d80,1980,131124
Dipolydora socialis,41.283000946,-72.1169967651,e7c86904-aac7-4a17-a895-99a54c430d80,1975,131124
Dipolydora socialis,40.016998291,-73.4169998169,e7c86904-aac7-4a17-a895-99a54c430d80,1981,131124
Dipolydora socialis,40.65832901,-67.7699966431,89e23fc8-3f61-4480-9de3-358fe6eefe0b,1984,131124
Dipolydora socialis,41.266998291,-72.0999984741,e7c86904-aac7-4a17-a895-99a54c430d80,1975,131124
Dipolydora socialis,41.266998291,-72.1169967651,e7c86904-aac7-4a17-a895-99a54c430d80,1975,131124
Dipolydora socialis,41.1310005188,-71.986000061,41a50544-957c-4193-8bbf-25a25f749e85,1991,131124
Dipolydora socialis,40.3561096191,-68.493057251,89e23fc8-3f61-4480-9de3-358fe6eefe0b,1977,131124
Dipolydora socialis,40.4169998169,-73.766998291,e7c86904-aac7-4a17-a895-99a54c430d80,1987,131124
Dipolydora socialis,38.766998291,-73.5,e7c86904-aac7-4a17-a895-99a54c430d80,1980,131124
Dipolydora socialis,40.4430618286,-67.5922164917,89e23fc8-3f61-4480-9de3-358fe6eefe0b,1977,131124
Dipolydora socialis,40.4169998169,-73.8669967651,e7c86904-aac7-4a17-a895-99a54c430d80,1982,131124
Dipolydora socialis,40.5099983215,-73.5800018311,41a50544-957c-4193-8bbf-25a25f749e85,1993,131124
Dipolydora socialis,40.266998291,-72.8830032349,e7c86904-aac7-4a17-a895-99a54c430d80,1975,131124
Dipolydora socialis,40.2230606079,-69.7936096191,89e23fc8-3f61-4480-9de3-358fe6eefe0b,1977,131124
Dipolydora socialis,39.2999992371,-73.2829971313,e7c86904-aac7-4a17-a895-99a54c430d80,1974,131124
Dipolydora socialis,40.2999992371,-73.6200027466,41a50544-957c-4193-8bbf-25a25f749e85,1994,131124
Dipolydora socialis,41.25,-72.0500030518,e7c86904-aac7-4a17-a895-99a54c430d80,1975,131124
Dipolydora socialis,40.0830001831,-73.516998291,e7c86904-aac7-4a17-a895-99a54c430d80,1985,131124
Dipolydora socialis,40.4329986572,-73.766998291,e7c86904-aac7-4a17-a895-99a54c430d80,1989,131124
Dipolydora socialis,40.5133285522,-68.561668396,89e23fc8-3f61-4480-9de3-358fe6eefe0b,1981,131124
Dipolydora socialis,41.483001709,-70.8830032349,e7c86904-aac7-4a17-a895-99a54c430d80,1980,131124
Dipolydora socialis,40.7330589294,-67.3105621338,89e23fc8-3f61-4480-9de3-358fe6eefe0b,1977,131124
Dipolydora socialis,40.4329986572,-73.766998291,e7c86904-aac7-4a17-a895-99a54c430d80,1987,131124
Dipolydora socialis,40.5,-71.0083312988,89e23fc8-3f61-4480-9de3-358fe6eefe0b,1983,131124
Dipolydora socialis,40.65832901,-67.8166732788,89e23fc8-3f61-4480-9de3-358fe6eefe0b,1981,131124
Dipolydora socialis,40.4449996948,-68.1633300781,89e23fc8-3f61-4480-9de3-358fe6eefe0b,1981,131124
Dipolydora socialis,40.4169998169,-73.766998291,e7c86904-aac7-4a17-a895-99a54c430d80,1987,131124
Dipolydora socialis,39.3330001831,-73.0830001831,e7c86904-aac7-4a17-a895-99a54c430d80,1974,131124
Dipolydora socialis,40.016998291,-73.4169998169,e7c86904-aac7-4a17-a895-99a54c430d80,1982,131124
Dipolydora socialis,38.283000946,-74.2829971313,e7c86904-aac7-4a17-a895-99a54c430d80,1982,131124
Dipolydora socialis,40.6566696167,-69.4669418335,89e23fc8-3f61-4480-9de3-358fe6eefe0b,1977,131124
Dipolydora socialis,40.5499992371,-71.9169998169,e7c86904-aac7-4a17-a895-99a54c430d80,1975,131124
Dipolydora socialis,41.483001709,-70.8669967651,e7c86904-aac7-4a17-a895-99a54c430d80,1983,131124
Dipolydora socialis,40.65832901,-67.8166732788,89e23fc8-3f61-4480-9de3-358fe6eefe0b,1982,131124
Dipolydora socialis,40.4199981689,-67.4780578613,89e23fc8-3f61-4480-9de3-358fe6eefe0b,1977,131124
Dipolydora socialis,40.6283302307,-69.0447235107,89e23fc8-3f61-4480-9de3-358fe6eefe0b,1977,131124
Dipolydora socialis,40.5133285522,-68.561668396,89e23fc8-3f61-4480-9de3-358fe6eefe0b,1984,131124
Dipolydora socialis,36.9560012817,-76.0080032349,41a50544-957c-4193-8bbf-25a25f749e85,1991,131124
Dipolydora socialis,40.7000007629,-67.4670028687,e7c86904-aac7-4a17-a895-99a54c430d80,1980,131124
Dipolydora socialis,41.6100006104,-71.2900009155,41a50544-957c-4193-8bbf-25a25f749e85,2001,131124
Dipolydora socialis,40.3170013428,-73.6999969482,e7c86904-aac7-4a17-a895-99a54c430d80,1973,131124
Dipolydora socialis,39.233001709,-73.1500015259,e7c86904-aac7-4a17-a895-99a54c430d80,1974,131124
Dipolydora socialis,39.1500015259,-73.5830001831,e7c86904-aac7-4a17-a895-99a54c430d80,1975,131124
Dipolydora socialis,40.4169998169,-73.733001709,e7c86904-aac7-4a17-a895-99a54c430d80,1982,131124
Dipolydora socialis,39.4664,-75.5641,43b58971-4fda-4210-a6ef-654fe0ce226d,1997,131124
Dipolydora socialis,39.283000946,-73.233001709,e7c86904-aac7-4a17-a895-99a54c430d80,1974,131124
Dipolydora socialis,37.1300010681,-75.9150009155,41a50544-957c-4193-8bbf-25a25f749e85,1990,131124
Dipolydora socialis,40.6829986572,-71.3669967651,e7c86904-aac7-4a17-a895-99a54c430d80,1979,131124
Dipolydora socialis,40.5,-70.2170028687,e7c86904-aac7-4a17-a895-99a54c430d80,1983,131124
Dipolydora socialis,40.4169998169,-73.8000030518,e7c86904-aac7-4a17-a895-99a54c430d80,1974,131124
Dipolydora socialis,40.4169998169,-73.766998291,e7c86904-aac7-4a17-a895-99a54c430d80,1987,131124
Dipolydora socialis,40.6683311462,-67.7683334351,89e23fc8-3f61-4480-9de3-358fe6eefe0b,1982,131124
Dipolydora socialis,40.7900009155,-73.8700027466,41a50544-957c-4193-8bbf-25a25f749e85,1994,131124
Dipolydora socialis,40.4169998169,-73.766998291,e7c86904-aac7-4a17-a895-99a54c430d80,1988,131124
Dipolydora socialis,38.5900001526,-75.2399978638,41a50544-957c-4193-8bbf-25a25f749e85,2001,131124
Dipolydora socialis,41.6599998474,-71.2399978638,41a50544-957c-4193-8bbf-25a25f749e85,2000,131124
Dipolydora socialis,40.5400009155,-74.0800018311,41a50544-957c-4193-8bbf-25a25f749e85,1993,131124
Dipolydora socialis,40.4329986572,-73.766998291,e7c86904-aac7-4a17-a895-99a54c430d80,1988,131124
Dipolydora socialis,40.5133285522,-68.561668396,89e23fc8-3f61-4480-9de3-358fe6eefe0b,1984,131124
Dipolydora socialis,41.266998291,-72.0830001831,e7c86904-aac7-4a17-a895-99a54c430d80,1975,131124
Dipolydora socialis,40.65832901,-67.7750015259,89e23fc8-3f61-4480-9de3-358fe6eefe0b,1982,131124
Dipolydora socialis,40.65832901,-67.7699966431,89e23fc8-3f61-4480-9de3-358fe6eefe0b,1982,131124
Dipolydora socialis,40.5716705322,-67.7549972534,89e23fc8-3f61-4480-9de3-358fe6eefe0b,1983,131124
Dipolydora socialis,40.4329986572,-73.766998291,e7c86904-aac7-4a17-a895-99a54c430d80,1988,131124
Dipolydora socialis,41.4399986267,-70.9000015259,41a50544-957c-4193-8bbf-25a25f749e85,2000,131124
Dipolydora socialis,39.6170005798,-73.9000015259,e7c86904-aac7-4a17-a895-99a54c430d80,1978,131124
Dipolydora socialis,39.733001709,-73.75,e7c86904-aac7-4a17-a895-99a54c430d80,1984,131124
Dipolydora socialis,39.4599990845,-75.5599975586,41a50544-957c-4193-8bbf-25a25f749e85,1997,131124
Dipolydora socialis,40.5133285522,-68.561668396,89e23fc8-3f61-4480-9de3-358fe6eefe0b,1982,131124
Dipolydora socialis,40.4329986572,-73.766998291,e7c86904-aac7-4a17-a895-99a54c430d80,1986,131124
Dipolydora socialis,35.9879989624,-76.6709976196,41a50544-957c-4193-8bbf-25a25f749e85,2000,131124
Dipolydora socialis,40.4329986572,-73.766998291,e7c86904-aac7-4a17-a895-99a54c430d80,1989,131124
Dipolydora socialis,40.5358314514,-67.7366714478,89e23fc8-3f61-4480-9de3-358fe6eefe0b,1982,131124
Dipolydora socialis,40.016998291,-73.4169998169,e7c86904-aac7-4a17-a895-99a54c430d80,1982,131124
Dipolydora socialis,39.4169998169,-73.1999969482,e7c86904-aac7-4a17-a895-99a54c430d80,1974,131124
Dipolydora socialis,40.25,-70.8170013428,e7c86904-aac7-4a17-a895-99a54c430d80,1982,131124
Dipolydora socialis,40.4329986572,-73.766998291,e7c86904-aac7-4a17-a895-99a54c430d80,1988,131124
Dipolydora socialis,40.4799995422,-74.0299987793,41a50544-957c-4193-8bbf-25a25f749e85,2002,131124
Dipolydora socialis,41.266998291,-72.0999984741,e7c86904-aac7-4a17-a895-99a54c430d80,1975,131124
Dipolydora socialis,40.65832901,-67.8399963379,89e23fc8-3f61-4480-9de3-358fe6eefe0b,1982,131124
Dipolydora socialis,40.4329986572,-73.766998291,e7c86904-aac7-4a17-a895-99a54c430d80,1989,131124
Dipolydora socialis,38.716999054,-75.0,e7c86904-aac7-4a17-a895-99a54c430d80,1985,131124
Dipolydora socialis,41.2400016785,-72.4599990845,41a50544-957c-4193-8bbf-25a25f749e85,2000,131124
Dipolydora socialis,41.1349983215,-71.8759994507,41a50544-957c-4193-8bbf-25a25f749e85,1993,131124
Dipolydora socialis,40.5299987793,-74.1100006104,41a50544-957c-4193-8bbf-25a25f749e85,1993,131124
Dipolydora socialis,40.3170013428,-73.766998291,e7c86904-aac7-4a17-a895-99a54c430d80,1986,131124
Tanais dulongii,41.5256690979,-70.6712722778,4da23d30-af8d-48f3-977a-4e24394e2e8c,2000,136546
Tanais dulongii,41.3170013428,-71.983001709,89e23fc8-3f61-4480-9de3-358fe6eefe0b,1874,136546
Tanais dulongii,41.5224685669,-70.6672668457,4da23d30-af8d-48f3-977a-4e24394e2e8c,2007,136546
Tanais dulongii,41.5055007935,-71.3253479004,4da23d30-af8d-48f3-977a-4e24394e2e8c,2000,136546
Tanais dulongii,41.5136184692,-71.0769271851,4da23d30-af8d-48f3-977a-4e24394e2e8c,2003,136546
Apocorophium acutum,41.3470001221,-71.7149963379,41a50544-957c-4193-8bbf-25a25f749e85,1993,148604
Apocorophium acutum,41.7385787964,-70.6262283325,4da23d30-af8d-48f3-977a-4e24394e2e8c,2000,148604
Apocorophium acutum,40.5,-71.0083312988,89e23fc8-3f61-4480-9de3-358fe6eefe0b,1983,148604
Apocorophium acutum,39.3499984741,-75.5400009155,41a50544-957c-4193-8bbf-25a25f749e85,2002,148604
Apocorophium acutum,41.5224685669,-70.6672668457,4da23d30-af8d-48f3-977a-4e24394e2e8c,2000,148604
Apocorophium acutum,40.5499992371,-74.2399978638,41a50544-957c-4193-8bbf-25a25f749e85,1999,148604
Apocorophium acutum,41.283000946,-72.0999984741,e7c86904-aac7-4a17-a895-99a54c430d80,1974,148604
Apocorophium acutum,40.4799995422,-74.2200012207,41a50544-957c-4193-8bbf-25a25f749e85,1998,148604
Apocorophium acutum,41.3250007629,-71.9769973755,41a50544-957c-4193-8bbf-25a25f749e85,1990,148604
Apocorophium acutum,41.5136184692,-71.0769271851,4da23d30-af8d-48f3-977a-4e24394e2e8c,2000,148604
Apocorophium acutum,41.3380012512,-71.9749984741,41a50544-957c-4193-8bbf-25a25f749e85,1990,148604
Apocorophium acutum,41.8322982788,-71.3778915405,4da23d30-af8d-48f3-977a-4e24394e2e8c,2000,148604
Apocorophium acutum,41.6498374939,-71.2565765381,4da23d30-af8d-48f3-977a-4e24394e2e8c,2000,148604
Apocorophium acutum,41.4900817871,-71.3232269287,4da23d30-af8d-48f3-977a-4e24394e2e8c,2003,148604
Apocorophium acutum,40.5699996948,-73.9400024414,41a50544-957c-4193-8bbf-25a25f749e85,1998,148604
Apocorophium acutum,41.5136184692,-71.0769271851,4da23d30-af8d-48f3-977a-4e24394e2e8c,2003,148604
Apocorophium acutum,41.4000015259,-71.5059967041,41a50544-957c-4193-8bbf-25a25f749e85,1992,148604
Apocorophium acutum,41.5055007935,-71.3253479004,4da23d30-af8d-48f3-977a-4e24394e2e8c,2000,148604
Apocorophium acutum,40.6100006104,-73.8799972534,41a50544-957c-4193-8bbf-25a25f749e85,1998,148604
Apocorophium acutum,40.4300003052,-74.0199966431,41a50544-957c-4193-8bbf-25a25f749e85,1998,148604
Apocorophium acutum,41.3466796875,-71.967956543,4da23d30-af8d-48f3-977a-4e24394e2e8c,2003,148604
Apocorophium acutum,41.7385787964,-70.6262283325,4da23d30-af8d-48f3-977a-4e24394e2e8c,2007,148604
Apocorophium acutum,41.3269996643,-71.9400024414,41a50544-957c-4193-8bbf-25a25f749e85,1993,148604
Apocorophium acutum,41.3600006104,-71.6299972534,41a50544-957c-4193-8bbf-25a25f749e85,2001,148604
Apocorophium acutum,40.5716705322,-67.7549972534,89e23fc8-3f61-4480-9de3-358fe6eefe0b,1982,148604
Apocorophium acutum,38.6500015259,-75.1200027466,41a50544-957c-4193-8bbf-25a25f749e85,1993,148604
Apocorophium acutum,41.0130004883,-72.047996521,41a50544-957c-4193-8bbf-25a25f749e85,1993,148604
Apocorophium acutum,41.3650016785,-71.9639968872,41a50544-957c-4193-8bbf-25a25f749e85,1990,148604
Apocorophium acutum,41.5256690979,-70.6712722778,4da23d30-af8d-48f3-977a-4e24394e2e8c,2000,148604
Apocorophium acutum,40.4916687012,-70.2099990845,89e23fc8-3f61-4480-9de3-358fe6eefe0b,1981,148604
Apocorophium acutum,40.5800018311,-73.8600006104,41a50544-957c-4193-8bbf-25a25f749e85,1998,148604
Apocorophium acutum,41.0660018921,-71.9209976196,41a50544-957c-4193-8bbf-25a25f749e85,1992,148604
Apocorophium acutum,40.5299987793,-74.25,41a50544-957c-4193-8bbf-25a25f749e85,1999,148604
Apocorophium acutum,40.4199981689,-74.0100021362,41a50544-957c-4193-8bbf-25a25f749e85,1998,148604
Apocorophium acutum,41.4946212769,-71.3963165283,4da23d30-af8d-48f3-977a-4e24394e2e8c,2000,148604
Apocorophium acutum,41.6341209412,-70.9207229614,4da23d30-af8d-48f3-977a-4e24394e2e8c,2000,148604
Apocorophium acutum,38.6500015259,-75.0999984741,41a50544-957c-4193-8bbf-25a25f749e85,2001,148604
Apocorophium acutum,41.6824798584,-71.3011703491,4da23d30-af8d-48f3-977a-4e24394e2e8c,2000,148604
Apocorophium acutum,39.5419998169,-74.4079971313,41a50544-957c-4193-8bbf-25a25f749e85,1990,148604
Apocorophium acutum,41.6868782043,-71.3929977417,4da23d30-af8d-48f3-977a-4e24394e2e8c,2000,148604
Apocorophium acutum,40.6100006104,-74.1999969482,41a50544-957c-4193-8bbf-25a25f749e85,1998,148604
Apocorophium acutum,41.6213111877,-71.4113235474,4da23d30-af8d-48f3-977a-4e24394e2e8c,2000,148604
Apocorophium acutum,40.5499992371,-74.2099990845,41a50544-957c-4193-8bbf-25a25f749e85,1999,148604
Apocorophium acutum,41.5224685669,-70.6672668457,4da23d30-af8d-48f3-977a-4e24394e2e8c,2003,148604
Apocorophium acutum,41.7061195374,-71.1632537842,4da23d30-af8d-48f3-977a-4e24394e2e8c,2000,148604
Apocorophium acutum,41.3100013733,-71.8600006104,41a50544-957c-4193-8bbf-25a25f749e85,2001,148604
Apocorophium acutum,40.4700012207,-74.0599975586,41a50544-957c-4193-8bbf-25a25f749e85,1998,148604
Apocorophium acutum,41.5686988831,-71.4484481812,4da23d30-af8d-48f3-977a-4e24394e2e8c,2000,148604
Apocorophium acutum,40.5999984741,-73.8399963379,41a50544-957c-4193-8bbf-25a25f749e85,1998,148604
Apocorophium acutum,41.7385787964,-70.6262283325,4da23d30-af8d-48f3-977a-4e24394e2e8c,2003,148604
Apocorophium acutum,40.4700012207,-74.0500030518,41a50544-957c-4193-8bbf-25a25f749e85,1998,148604
Monocorophium acherusicum,40.6699981689,-74.0400009155,41a50544-957c-4193-8bbf-25a25f749e85,1993,225814
Monocorophium acherusicum,36.412333,-75.8985,43b58971-4fda-4210-a6ef-654fe0ce226d,1997,225814
Monocorophium acherusicum,40.6300010681,-74.1900024414,41a50544-957c-4193-8bbf-25a25f749e85,1999,225814
Monocorophium acherusicum,38.6399993896,-75.1200027466,41a50544-957c-4193-8bbf-25a25f749e85,2002,225814
Monocorophium acherusicum,40.9329986572,-73.6829986572,e7c86904-aac7-4a17-a895-99a54c430d80,1972,225814
Monocorophium acherusicum,41.2700004578,-70.1999969482,41a50544-957c-4193-8bbf-25a25f749e85,2000,225814
Monocorophium acherusicum,38.5900001526,-75.1500015259,41a50544-957c-4193-8bbf-25a25f749e85,1993,225814
Monocorophium acherusicum,41.0670013428,-73.3170013428,e7c86904-aac7-4a17-a895-99a54c430d80,1972,225814
Monocorophium acherusicum,41.0999984741,-73.3170013428,e7c86904-aac7-4a17-a895-99a54c430d80,1972,225814
Monocorophium acherusicum,40.5999984741,-73.8399963379,41a50544-957c-4193-8bbf-25a25f749e85,1998,225814
Monocorophium acherusicum,38.5900001526,-75.1299972534,41a50544-957c-4193-8bbf-25a25f749e85,1993,225814
Monocorophium acherusicum,41.216999054,-71.8499984741,e7c86904-aac7-4a17-a895-99a54c430d80,1979,225814
Monocorophium acherusicum,40.7900009155,-73.8899993896,41a50544-957c-4193-8bbf-25a25f749e85,1993,225814
Monocorophium acherusicum,38.6100006104,-75.0999984741,41a50544-957c-4193-8bbf-25a25f749e85,1993,225814
Monocorophium acherusicum,39.1800003052,-74.6699981689,41a50544-957c-4193-8bbf-25a25f749e85,2001,225814
Monocorophium acherusicum,37.2900009155,-76.0100021362,41a50544-957c-4193-8bbf-25a25f749e85,1997,225814
Monocorophium acherusicum,38.9500007629,-75.3199996948,41a50544-957c-4193-8bbf-25a25f749e85,2001,225814
Monocorophium acherusicum,37.606905,-75.686705,c5687a17-e454-40f9-9a4b-d04b2c812d74,2018,225814
Monocorophium acherusicum,38.5900001526,-75.2399978638,41a50544-957c-4193-8bbf-25a25f749e85,1993,225814
Monocorophium acherusicum,38.5999984741,-75.1399993896,41a50544-957c-4193-8bbf-25a25f749e85,1993,225814
Monocorophium acherusicum,38.7900009155,-75.2399978638,41a50544-957c-4193-8bbf-25a25f749e85,2000,225814
Monocorophium acherusicum,38.3899993896,-75.1200027466,41a50544-957c-4193-8bbf-25a25f749e85,1993,225814
Monocorophium acherusicum,40.4799995422,-74.2399978638,41a50544-957c-4193-8bbf-25a25f749e85,2001,225814
Monocorophium acherusicum,38.6199989319,-75.0800018311,41a50544-957c-4193-8bbf-25a25f749e85,1993,225814
Monocorophium acherusicum,36.4099998474,-75.9000015259,41a50544-957c-4193-8bbf-25a25f749e85,1997,225814
Monocorophium acherusicum,39.8800010681,-74.1100006104,41a50544-957c-4193-8bbf-25a25f749e85,2001,225814
Monocorophium acherusicum,41.4946212769,-71.3963165283,4da23d30-af8d-48f3-977a-4e24394e2e8c,2000,225814
Monocorophium acherusicum,40.6599998474,-74.0199966431,41a50544-957c-4193-8bbf-25a25f749e85,1993,225814
Monocorophium acherusicum,41.3470001221,-71.7149963379,41a50544-957c-4193-8bbf-25a25f749e85,1993,225814
Monocorophium acherusicum,40.4500007629,-73.9329986572,e7c86904-aac7-4a17-a895-99a54c430d80,1980,225814
Monocorophium acherusicum,38.6699981689,-75.1200027466,41a50544-957c-4193-8bbf-25a25f749e85,2000,225814
Monocorophium acherusicum,38.5900001526,-75.1100006104,41a50544-957c-4193-8bbf-25a25f749e85,1993,225814
Monocorophium acherusicum,38.5800018311,-75.1600036621,41a50544-957c-4193-8bbf-25a25f749e85,1993,225814
Monocorophium acherusicum,37.89268,-76.78043,43b58971-4fda-4210-a6ef-654fe0ce226d,2001,225814
Monocorophium acherusicum,41.6409988403,-71.216003418,41a50544-957c-4193-8bbf-25a25f749e85,1991,225814
Monocorophium acherusicum,41.3466796875,-71.967956543,4da23d30-af8d-48f3-977a-4e24394e2e8c,2003,225814
Monocorophium acherusicum,38.0200004578,-75.3199996948,41a50544-957c-4193-8bbf-25a25f749e85,1993,225814
Monocorophium acherusicum,38.5900001526,-75.1699981689,41a50544-957c-4193-8bbf-25a25f749e85,1993,225814
Monocorophium acherusicum,38.5800018311,-75.1800003052,41a50544-957c-4193-8bbf-25a25f749e85,1993,225814
Monocorophium acherusicum,40.6100006104,-74.1999969482,41a50544-957c-4193-8bbf-25a25f749e85,1998,225814
Monocorophium acherusicum,41.7446212769,-70.6176986694,4da23d30-af8d-48f3-977a-4e24394e2e8c,2000,225814
Monocorophium acherusicum,41.0130004883,-72.047996521,41a50544-957c-4193-8bbf-25a25f749e85,1993,225814
Monocorophium acherusicum,38.5900001526,-75.1699981689,41a50544-957c-4193-8bbf-25a25f749e85,1993,225814
Monocorophium acherusicum,38.0600013733,-75.2600021362,41a50544-957c-4193-8bbf-25a25f749e85,1993,225814
Monocorophium acherusicum,38.5999984741,-75.0899963379,41a50544-957c-4193-8bbf-25a25f749e85,1993,225814
Monocorophium acherusicum,38.5900001526,-75.1500015259,41a50544-957c-4193-8bbf-25a25f749e85,1993,225814
Monocorophium acherusicum,36.94,-76.175,43b58971-4fda-4210-a6ef-654fe0ce226d,2002,225814
Monocorophium acherusicum,40.7799987793,-73.8700027466,41a50544-957c-4193-8bbf-25a25f749e85,1993,225814
Monocorophium acherusicum,40.5800018311,-74.1999969482,41a50544-957c-4193-8bbf-25a25f749e85,1999,225814
Monocorophium acherusicum,38.5900001526,-75.0699996948,41a50544-957c-4193-8bbf-25a25f749e85,2000,225814
Monocorophium acherusicum,40.5499992371,-74.2099990845,41a50544-957c-4193-8bbf-25a25f749e85,1999,225814
Monocorophium acherusicum,41.5224685669,-70.6672668457,4da23d30-af8d-48f3-977a-4e24394e2e8c,2007,225814
Monocorophium acherusicum,41.0660018921,-71.9209976196,41a50544-957c-4193-8bbf-25a25f749e85,1992,225814
Monocorophium acherusicum,38.5699996948,-75.1699981689,41a50544-957c-4193-8bbf-25a25f749e85,1993,225814
Monocorophium acherusicum,41.2116508484,-73.0508270264,4da23d30-af8d-48f3-977a-4e24394e2e8c,2003,225814
Monocorophium acherusicum,38.6800003052,-75.0999984741,41a50544-957c-4193-8bbf-25a25f749e85,2000,225814
Monocorophium acherusicum,41.8322982788,-71.3778915405,4da23d30-af8d-48f3-977a-4e24394e2e8c,2000,225814
Monocorophium acherusicum,38.5800018311,-75.1600036621,41a50544-957c-4193-8bbf-25a25f749e85,1993,225814
Monocorophium acherusicum,38.2299995422,-75.1500015259,41a50544-957c-4193-8bbf-25a25f749e85,1993,225814
Monocorophium acherusicum,41.3250007629,-71.9769973755,41a50544-957c-4193-8bbf-25a25f749e85,1990,225814
Monocorophium acherusicum,38.6599998474,-75.0699996948,41a50544-957c-4193-8bbf-25a25f749e85,1993,225814
Monocorophium acherusicum,40.4300003052,-74.0299987793,41a50544-957c-4193-8bbf-25a25f749e85,2000,225814
Monocorophium acherusicum,40.8400001526,-73.9499969482,41a50544-957c-4193-8bbf-25a25f749e85,2001,225814
Monocorophium acherusicum,37.60529,-75.68662,c5687a17-e454-40f9-9a4b-d04b2c812d74,2018,225814
Monocorophium acherusicum,40.6500015259,-74.0400009155,41a50544-957c-4193-8bbf-25a25f749e85,1993,225814
Monocorophium acherusicum,38.0999984741,-75.2300033569,41a50544-957c-4193-8bbf-25a25f749e85,1993,225814
Monocorophium acherusicum,38.5929985046,-75.1119995117,41a50544-957c-4193-8bbf-25a25f749e85,1993,225814
Monocorophium acherusicum,40.3170013428,-73.766998291,e7c86904-aac7-4a17-a895-99a54c430d80,1989,225814
Monocorophium acherusicum,38.5800018311,-75.1800003052,41a50544-957c-4193-8bbf-25a25f749e85,1993,225814
Monocorophium acherusicum,36.8670005798,-75.9000015259,e7c86904-aac7-4a17-a895-99a54c430d80,1980,225814
Monocorophium acherusicum,38.7099990845,-75.1699981689,41a50544-957c-4193-8bbf-25a25f749e85,2000,225814
Monocorophium acherusicum,39.6399993896,-74.1999969482,41a50544-957c-4193-8bbf-25a25f749e85,2000,225814
Monocorophium acherusicum,38.5800018311,-75.1800003052,41a50544-957c-4193-8bbf-25a25f749e85,1993,225814
Monocorophium acherusicum,40.7999992371,-73.8099975586,41a50544-957c-4193-8bbf-25a25f749e85,1993,225814
Monocorophium acherusicum,36.9169998169,-75.9000015259,e7c86904-aac7-4a17-a895-99a54c430d80,1980,225814
Monocorophium insidiosum,41.7385787964,-70.6262283325,4da23d30-af8d-48f3-977a-4e24394e2e8c,2000,148592
Monocorophium insidiosum,40.7900009155,-73.8899993896,41a50544-957c-4193-8bbf-25a25f749e85,1993,148592
Monocorophium insidiosum,41.3466796875,-71.967956543,4da23d30-af8d-48f3-977a-4e24394e2e8c,2003,148592
Monocorophium insidiosum,41.3330001831,-72.0830001831,e7c86904-aac7-4a17-a895-99a54c430d80,1975,148592
Monocorophium insidiosum,40.5999984741,-73.8399963379,41a50544-957c-4193-8bbf-25a25f749e85,1998,148592
Monocorophium insidiosum,41.8171081543,-71.3882369995,4da23d30-af8d-48f3-977a-4e24394e2e8c,2000,148592
Monocorophium insidiosum,41.6213111877,-71.4113235474,4da23d30-af8d-48f3-977a-4e24394e2e8c,2000,148592
Monocorophium insidiosum,41.0660018921,-71.9209976196,41a50544-957c-4193-8bbf-25a25f749e85,1992,148592
Monocorophium insidiosum,41.266998291,-72.0999984741,e7c86904-aac7-4a17-a895-99a54c430d80,1974,148592
Monocorophium insidiosum,41.5686988831,-71.4484481812,4da23d30-af8d-48f3-977a-4e24394e2e8c,2000,148592
Monocorophium insidiosum,41.4500007629,-72.0800018311,41a50544-957c-4193-8bbf-25a25f749e85,2002,148592
Monocorophium insidiosum,41.0999984741,-73.3170013428,e7c86904-aac7-4a17-a895-99a54c430d80,1972,148592
Monocorophium insidiosum,40.7900009155,-73.8700027466,41a50544-957c-4193-8bbf-25a25f749e85,1994,148592
Monocorophium insidiosum,41.233001709,-72.9329986572,e7c86904-aac7-4a17-a895-99a54c430d80,1972,148592
Monocorophium insidiosum,40.9329986572,-73.4670028687,e7c86904-aac7-4a17-a895-99a54c430d80,1972,148592
Monocorophium insidiosum,41.3380012512,-71.9749984741,41a50544-957c-4193-8bbf-25a25f749e85,1990,148592
Monocorophium insidiosum,41.266998291,-72.0999984741,e7c86904-aac7-4a17-a895-99a54c430d80,1974,148592
Monocorophium insidiosum,40.9169998169,-73.5830001831,e7c86904-aac7-4a17-a895-99a54c430d80,1972,148592
Monocorophium insidiosum,40.9426803589,-72.5702285767,4da23d30-af8d-48f3-977a-4e24394e2e8c,2003,148592
Monocorophium insidiosum,41.0,-73.516998291,e7c86904-aac7-4a17-a895-99a54c430d80,1972,148592
Monocorophium insidiosum,40.483001709,-74.016998291,e7c86904-aac7-4a17-a895-99a54c430d80,1973,148592
Monocorophium insidiosum,40.483001709,-74.016998291,e7c86904-aac7-4a17-a895-99a54c430d80,1973,148592
Monocorophium insidiosum,41.5055007935,-71.3253479004,4da23d30-af8d-48f3-977a-4e24394e2e8c,2000,148592
Monocorophium insidiosum,40.7799987793,-73.8700027466,41a50544-957c-4193-8bbf-25a25f749e85,1993,148592
Monocorophium insidiosum,37.1300010681,-75.9150009155,41a50544-957c-4193-8bbf-25a25f749e85,1990,148592
Monocorophium insidiosum,41.283000946,-72.0,e7c86904-aac7-4a17-a895-99a54c430d80,1972,148592
Monocorophium insidiosum,39.7599983215,-75.4700012207,41a50544-957c-4193-8bbf-25a25f749e85,2002,148592
Monocorophium insidiosum,41.7061195374,-71.1632537842,4da23d30-af8d-48f3-977a-4e24394e2e8c,2000,148592
Monocorophium insidiosum,41.0670013428,-73.3170013428,e7c86904-aac7-4a17-a895-99a54c430d80,1972,148592
Monocorophium insidiosum,41.3470001221,-71.7149963379,41a50544-957c-4193-8bbf-25a25f749e85,1993,148592
Monocorophium insidiosum,41.2299995422,-72.2600021362,41a50544-957c-4193-8bbf-25a25f749e85,2000,148592
Monocorophium insidiosum,41.2116508484,-73.0508270264,4da23d30-af8d-48f3-977a-4e24394e2e8c,2003,148592
Monocorophium insidiosum,41.4000015259,-71.5059967041,41a50544-957c-4193-8bbf-25a25f749e85,1992,148592
Monocorophium insidiosum,41.0328483582,-73.5344772339,4da23d30-af8d-48f3-977a-4e24394e2e8c,2003,148592
Monocorophium insidiosum,41.3466796875,-71.967956543,4da23d30-af8d-48f3-977a-4e24394e2e8c,2003,148592
Monocorophium insidiosum,41.5224685669,-70.6672668457,4da23d30-af8d-48f3-977a-4e24394e2e8c,2007,148592
Monocorophium insidiosum,40.666668,-74.0,ce1d93f3-8b0f-4ee7-9a4d-0393a6ec7fea,2003,148592
Monocorophium insidiosum,41.5699996948,-71.4400024414,41a50544-957c-4193-8bbf-25a25f749e85,2001,148592
Monocorophium insidiosum,40.4169998169,-73.766998291,e7c86904-aac7-4a17-a895-99a54c430d80,1989,148592
Monocorophium insidiosum,41.283000946,-72.0999984741,e7c86904-aac7-4a17-a895-99a54c430d80,1974,148592
Monocorophium insidiosum,40.5900001526,-73.6699981689,41a50544-957c-4193-8bbf-25a25f749e85,2000,148592
Monocorophium insidiosum,41.216999054,-72.8669967651,e7c86904-aac7-4a17-a895-99a54c430d80,1972,148592
Monocorophium insidiosum,41.3100013733,-71.8600006104,41a50544-957c-4193-8bbf-25a25f749e85,2001,148592
Monocorophium insidiosum,41.3250007629,-71.9769973755,41a50544-957c-4193-8bbf-25a25f749e85,1990,148592
Monocorophium insidiosum,41.1829986572,-73.0,e7c86904-aac7-4a17-a895-99a54c430d80,1972,148592
Monocorophium insidiosum,41.4099998474,-72.0899963379,41a50544-957c-4193-8bbf-25a25f749e85,2002,148592
Monocorophium insidiosum,38.6899986267,-73.5400009155,89e23fc8-3f61-4480-9de3-358fe6eefe0b,1976,148592
Monocorophium insidiosum,41.6868782043,-71.3929977417,4da23d30-af8d-48f3-977a-4e24394e2e8c,2000,148592
Monocorophium insidiosum,38.75,-75.016998291,e7c86904-aac7-4a17-a895-99a54c430d80,1980,148592
Monocorophium insidiosum,41.6399993896,-71.4000015259,41a50544-957c-4193-8bbf-25a25f749e85,2001,148592
Monocorophium insidiosum,40.6699981689,-74.0400009155,41a50544-957c-4193-8bbf-25a25f749e85,1993,148592
Monocorophium insidiosum,41.7385787964,-70.6262283325,4da23d30-af8d-48f3-977a-4e24394e2e8c,2003,148592
Monocorophium insidiosum,41.266998291,-72.0830001831,e7c86904-aac7-4a17-a895-99a54c430d80,1974,148592
Monocorophium insidiosum,40.5670013428,-73.766998291,e7c86904-aac7-4a17-a895-99a54c430d80,1973,148592
Monocorophium insidiosum,41.6100006104,-71.2900009155,41a50544-957c-4193-8bbf-25a25f749e85,2001,148592
Monocorophium insidiosum,41.5789985657,-70.5220031738,41a50544-957c-4193-8bbf-25a25f749e85,1992,148592
Monocorophium insidiosum,41.1669998169,-72.9169998169,e7c86904-aac7-4a17-a895-99a54c430d80,1972,148592
Monocorophium insidiosum,41.1500015259,-73.2200012207,41a50544-957c-4193-8bbf-25a25f749e85,2000,148592
Monocorophium insidiosum,40.8670005798,-73.766998291,e7c86904-aac7-4a17-a895-99a54c430d80,1972,148592
Monocorophium insidiosum,41.2999992371,-71.9169998169,e7c86904-aac7-4a17-a895-99a54c430d80,1972,148592
Monocorophium insidiosum,40.483001709,-73.4499969482,e7c86904-aac7-4a17-a895-99a54c430d80,1973,148592
Monocorophium insidiosum,40.666668,-74.0,ce1d93f3-8b0f-4ee7-9a4d-0393a6ec7fea,2003,148592
Monocorophium insidiosum,38.75,-75.016998291,e7c86904-aac7-4a17-a895-99a54c430d80,1980,148592
Monocorophium insidiosum,40.6599998474,-74.0199966431,41a50544-957c-4193-8bbf-25a25f749e85,1993,148592
Monocorophium insidiosum,41.0130004883,-72.047996521,41a50544-957c-4193-8bbf-25a25f749e85,1993,148592
Monocorophium insidiosum,40.966999054,-73.3830032349,e7c86904-aac7-4a17-a895-99a54c430d80,1972,148592
Monocorophium insidiosum,41.3199996948,-71.8600006104,41a50544-957c-4193-8bbf-25a25f749e85,2000,148592
Monocorophium insidiosum,41.7764587402,-71.3893127441,4da23d30-af8d-48f3-977a-4e24394e2e8c,2000,148592
Monocorophium insidiosum,39.9430007935,-74.1019973755,41a50544-957c-4193-8bbf-25a25f749e85,1990,148592
Monocorophium insidiosum,40.4169998169,-73.8669967651,e7c86904-aac7-4a17-a895-99a54c430d80,1970,148592
Monocorophium insidiosum,41.5224685669,-70.6672668457,4da23d30-af8d-48f3-977a-4e24394e2e8c,2003,148592
Monocorophium insidiosum,41.7519989014,-71.3539962769,4da23d30-af8d-48f3-977a-4e24394e2e8c,2000,148592
Monocorophium insidiosum,41.6341209412,-70.9207229614,4da23d30-af8d-48f3-977a-4e24394e2e8c,2000,148592
Monocorophium insidiosum,40.666668,-74.0,ce1d93f3-8b0f-4ee7-9a4d-0393a6ec7fea,2003,148592
Monocorophium insidiosum,41.3100013733,-71.8799972534,41a50544-957c-4193-8bbf-25a25f749e85,2000,148592
Monocorophium insidiosum,40.4169998169,-73.766998291,e7c86904-aac7-4a17-a895-99a54c430d80,1989,148592
Monocorophium insidiosum,40.4169998169,-73.766998291,e7c86904-aac7-4a17-a895-99a54c430d80,1989,148592
Monocorophium insidiosum,40.483001709,-74.0830001831,e7c86904-aac7-4a17-a895-99a54c430d80,1973,148592
Monocorophium insidiosum,40.6633300781,-67.7683334351,89e23fc8-3f61-4480-9de3-358fe6eefe0b,1983,148592
Caprella equilibra,41.266998291,-72.0999984741,e7c86904-aac7-4a17-a895-99a54c430d80,1974,101830
Caprella equilibra,41.283000946,-72.1169967651,e7c86904-aac7-4a17-a895-99a54c430d80,1974,101830
Caprella equilibra,40.8499984741,-68.0,89e23fc8-3f61-4480-9de3-358fe6eefe0b,1977,101830
Caprella equilibra,41.266998291,-72.0830001831,e7c86904-aac7-4a17-a895-99a54c430d80,1974,101830
Caprella equilibra,40.4000015259,-73.8669967651,e7c86904-aac7-4a17-a895-99a54c430d80,1969,101830
Caprella equilibra,37.579013,-75.617166,c5687a17-e454-40f9-9a4b-d04b2c812d74,2018,101830
Caprella equilibra,40.4169998169,-73.8669967651,e7c86904-aac7-4a17-a895-99a54c430d80,1985,101830
Amathia gracilis,41.3699989319,-70.8099975586,5ad6c4ff-fb89-4edf-b7b0-212671fb27cf,1906,851589
Amathia gracilis,41.266998291,-72.0830001831,e7c86904-aac7-4a17-a895-99a54c430d80,1974,851589
Amathia gracilis,41.4000015259,-70.7799987793,5ad6c4ff-fb89-4edf-b7b0-212671fb27cf,1905,851589
Amathia gracilis,41.4000015259,-70.8199996948,5ad6c4ff-fb89-4edf-b7b0-212671fb27cf,1905,851589
Amathia gracilis,41.6213111877,-71.4113235474,4da23d30-af8d-48f3-977a-4e24394e2e8c,2003,851589
Amathia gracilis,41.6100006104,-70.6600036621,5ad6c4ff-fb89-4edf-b7b0-212671fb27cf,1904,851589
Amathia gracilis,41.4900016785,-70.6900024414,5ad6c4ff-fb89-4edf-b7b0-212671fb27cf,1904,851589
Amathia gracilis,41.4900016785,-70.6900024414,5ad6c4ff-fb89-4edf-b7b0-212671fb27cf,1904,851589
Amathia gracilis,41.3899993896,-70.8499984741,5ad6c4ff-fb89-4edf-b7b0-212671fb27cf,1906,851589
Amathia gracilis,41.6100006104,-70.6600036621,5ad6c4ff-fb89-4edf-b7b0-212671fb27cf,1904,851589
Amathia gracilis,41.5055007935,-71.3253479004,4da23d30-af8d-48f3-977a-4e24394e2e8c,2000,851589
Amathia gracilis,41.640499115,-71.341003418,4da23d30-af8d-48f3-977a-4e24394e2e8c,2000,851589
Amathia gracilis,41.6868782043,-71.3929977417,4da23d30-af8d-48f3-977a-4e24394e2e8c,2000,851589
Amathia gracilis,41.5299987793,-70.6999969482,5ad6c4ff-fb89-4edf-b7b0-212671fb27cf,1904,851589
Amathia gracilis,41.3699989319,-70.8099975586,5ad6c4ff-fb89-4edf-b7b0-212671fb27cf,1906,851589
Amathia gracilis,41.5499992371,-70.8499984741,5ad6c4ff-fb89-4edf-b7b0-212671fb27cf,1904,851589
Amathia gracilis,41.2116508484,-73.0508270264,4da23d30-af8d-48f3-977a-4e24394e2e8c,2003,851589
Amathia gracilis,41.3899993896,-70.8499984741,5ad6c4ff-fb89-4edf-b7b0-212671fb27cf,1906,851589
Amathia gracilis,41.4300003052,-70.7900009155,5ad6c4ff-fb89-4edf-b7b0-212671fb27cf,1906,851589
Amathia gracilis,41.5299987793,-70.6999969482,5ad6c4ff-fb89-4edf-b7b0-212671fb27cf,1904,851589
Amathia gracilis,41.3800010681,-70.7399978638,5ad6c4ff-fb89-4edf-b7b0-212671fb27cf,1904,851589
Amathia gracilis,41.6341209412,-70.9207229614,4da23d30-af8d-48f3-977a-4e24394e2e8c,2000,851589
Amathia gracilis,41.4000015259,-70.7799987793,5ad6c4ff-fb89-4edf-b7b0-212671fb27cf,1905,851589
Amathia gracilis,41.7061195374,-71.1632537842,4da23d30-af8d-48f3-977a-4e24394e2e8c,2000,851589
Amathia gracilis,41.5224685669,-70.6672668457,4da23d30-af8d-48f3-977a-4e24394e2e8c,2003,851589
Amathia gracilis,41.8322982788,-71.3778915405,4da23d30-af8d-48f3-977a-4e24394e2e8c,2000,851589
Amathia gracilis,37.56726,-75.6283,c5687a17-e454-40f9-9a4b-d04b2c812d74,2018,851589
Amathia gracilis,41.5136184692,-71.0769271851,4da23d30-af8d-48f3-977a-4e24394e2e8c,2000,851589
Amathia gracilis,41.7061195374,-71.1632537842,4da23d30-af8d-48f3-977a-4e24394e2e8c,2000,851589
Amathia gracilis,41.5699996948,-70.7699966431,5ad6c4ff-fb89-4edf-b7b0-212671fb27cf,1904,851589
Amathia gracilis,41.6213111877,-71.4113235474,4da23d30-af8d-48f3-977a-4e24394e2e8c,2003,851589
Amathia gracilis,41.7764587402,-71.3893127441,4da23d30-af8d-48f3-977a-4e24394e2e8c,2000,851589
Amathia gracilis,41.6213111877,-71.4113235474,4da23d30-af8d-48f3-977a-4e24394e2e8c,2000,851589
Amathia gracilis,41.4799995422,-70.5699996948,5ad6c4ff-fb89-4edf-b7b0-212671fb27cf,1905,851589
Amathia gracilis,41.5699996948,-70.7699966431,5ad6c4ff-fb89-4edf-b7b0-212671fb27cf,1904,851589
Amathia gracilis,41.5499992371,-70.8499984741,5ad6c4ff-fb89-4edf-b7b0-212671fb27cf,1904,851589
Amathia gracilis,41.4300003052,-70.7900009155,5ad6c4ff-fb89-4edf-b7b0-212671fb27cf,1906,851589
Amathia gracilis,41.5136184692,-71.0769271851,4da23d30-af8d-48f3-977a-4e24394e2e8c,2000,851589
Amathia gracilis,41.5136184692,-71.0769271851,4da23d30-af8d-48f3-977a-4e24394e2e8c,2000,851589
Amathia gracilis,41.6100006104,-70.7600021362,5ad6c4ff-fb89-4edf-b7b0-212671fb27cf,1904,851589
Amathia gracilis,41.7446212769,-70.6176986694,4da23d30-af8d-48f3-977a-4e24394e2e8c,2000,851589
Amathia gracilis,41.8171081543,-71.3882369995,4da23d30-af8d-48f3-977a-4e24394e2e8c,2000,851589
Amathia gracilis,41.7061195374,-71.1632537842,4da23d30-af8d-48f3-977a-4e24394e2e8c,2000,851589
Amathia gracilis,41.6213111877,-71.4113235474,4da23d30-af8d-48f3-977a-4e24394e2e8c,2003,851589
Amathia gracilis,41.4000015259,-70.8199996948,5ad6c4ff-fb89-4edf-b7b0-212671fb27cf,1905,851589
Amathia gracilis,41.6100006104,-70.7600021362,5ad6c4ff-fb89-4edf-b7b0-212671fb27cf,1904,851589
Amathia gracilis,41.4799995422,-70.5699996948,5ad6c4ff-fb89-4edf-b7b0-212671fb27cf,1905,851589
Amathia gracilis,41.5686988831,-71.4484481812,4da23d30-af8d-48f3-977a-4e24394e2e8c,2000,851589
Amathia gracilis,41.4799995422,-70.7200012207,5ad6c4ff-fb89-4edf-b7b0-212671fb27cf,1904,851589
Amathia gracilis,41.7061195374,-71.1632537842,4da23d30-af8d-48f3-977a-4e24394e2e8c,2000,851589
Amathia gracilis,41.5224685669,-70.6672668457,4da23d30-af8d-48f3-977a-4e24394e2e8c,2000,851589
Amathia gracilis,41.4799995422,-70.7200012207,5ad6c4ff-fb89-4edf-b7b0-212671fb27cf,1904,851589
Amathia gracilis,41.8322982788,-71.3778915405,4da23d30-af8d-48f3-977a-4e24394e2e8c,2000,851589
Amathia gracilis,41.3699989319,-70.8099975586,5ad6c4ff-fb89-4edf-b7b0-212671fb27cf,1906,851589
Amathia gracilis,41.5224685669,-70.6672668457,4da23d30-af8d-48f3-977a-4e24394e2e8c,2000,851589
Amathia gracilis,41.5686988831,-71.4484481812,4da23d30-af8d-48f3-977a-4e24394e2e8c,2000,851589
Amathia gracilis,40.5363883972,-74.1330032349,4da23d30-af8d-48f3-977a-4e24394e2e8c,2003,851589
Amathia gracilis,41.3800010681,-70.7399978638,5ad6c4ff-fb89-4edf-b7b0-212671fb27cf,1904,851589
Amathia gracilis,41.3699989319,-70.8099975586,5ad6c4ff-fb89-4edf-b7b0-212671fb27cf,1906,851589
Amathia gracilis,41.6341209412,-70.9207229614,4da23d30-af8d-48f3-977a-4e24394e2e8c,2000,851589
Amathia gracilis,41.7385787964,-70.6262283325,4da23d30-af8d-48f3-977a-4e24394e2e8c,2000,851589
Amathia gracilis,41.6341209412,-70.9207229614,4da23d30-af8d-48f3-977a-4e24394e2e8c,2000,851589
Amathia gracilis,41.5699996948,-70.7699966431,5ad6c4ff-fb89-4edf-b7b0-212671fb27cf,1904,851589
Amathia gracilis,41.8171081543,-71.3882369995,4da23d30-af8d-48f3-977a-4e24394e2e8c,2000,851589
Amathia gracilis,41.4300003052,-70.7900009155,5ad6c4ff-fb89-4edf-b7b0-212671fb27cf,1906,851589
Amathia gracilis,41.6868782043,-71.3929977417,4da23d30-af8d-48f3-977a-4e24394e2e8c,2000,851589
Amathia gracilis,41.0328483582,-73.5344772339,4da23d30-af8d-48f3-977a-4e24394e2e8c,2003,851589
Amathia gracilis,41.266998291,-72.0830001831,e7c86904-aac7-4a17-a895-99a54c430d80,1974,851589
Amathia gracilis,41.5699996948,-70.7699966431,5ad6c4ff-fb89-4edf-b7b0-212671fb27cf,1904,851589
Amathia gracilis,41.5256690979,-70.6712722778,4da23d30-af8d-48f3-977a-4e24394e2e8c,2000,851589
Amathia gracilis,41.7446212769,-70.6176986694,4da23d30-af8d-48f3-977a-4e24394e2e8c,2000,851589
Amathia gracilis,41.7385787964,-70.6262283325,4da23d30-af8d-48f3-977a-4e24394e2e8c,2000,851589
Amathia gracilis,41.4300003052,-70.7900009155,5ad6c4ff-fb89-4edf-b7b0-212671fb27cf,1906,851589
Amathia gracilis,41.6213111877,-71.4113235474,4da23d30-af8d-48f3-977a-4e24394e2e8c,2000,851589
Cryptosula pallasiana,41.6213111877,-71.4113235474,4da23d30-af8d-48f3-977a-4e24394e2e8c,2003,111343
Cryptosula pallasiana,41.266998291,-72.0999984741,e7c86904-aac7-4a17-a895-99a54c430d80,1974,111343
Cryptosula pallasiana,40.5,-74.0670013428,e7c86904-aac7-4a17-a895-99a54c430d80,1973,111343
Cryptosula pallasiana,40.483001709,-74.0500030518,e7c86904-aac7-4a17-a895-99a54c430d80,1973,111343
Cryptosula pallasiana,41.1669998169,-71.0,89e23fc8-3f61-4480-9de3-358fe6eefe0b,1965,111343
Cryptosula pallasiana,41.5224685669,-70.6672668457,4da23d30-af8d-48f3-977a-4e24394e2e8c,2000,111343
Cryptosula pallasiana,41.5699996948,-70.9000015259,5ad6c4ff-fb89-4edf-b7b0-212671fb27cf,1909,111343
Cryptosula pallasiana,41.5224685669,-70.6672668457,4da23d30-af8d-48f3-977a-4e24394e2e8c,2000,111343
Cryptosula pallasiana,41.6213111877,-71.4113235474,4da23d30-af8d-48f3-977a-4e24394e2e8c,2000,111343
Cryptosula pallasiana,41.6213111877,-71.4113235474,4da23d30-af8d-48f3-977a-4e24394e2e8c,2003,111343
Cryptosula pallasiana,41.1669998169,-71.0,e7c86904-aac7-4a17-a895-99a54c430d80,1965,111343
Cryptosula pallasiana,41.283000946,-72.1169967651,e7c86904-aac7-4a17-a895-99a54c430d80,1974,111343
Cryptosula pallasiana,40.5499992371,-74.0830001831,e7c86904-aac7-4a17-a895-99a54c430d80,1973,111343
Cryptosula pallasiana,41.4900817871,-71.3232269287,4da23d30-af8d-48f3-977a-4e24394e2e8c,2003,111343
Cryptosula pallasiana,41.4500007629,-70.8300018311,5ad6c4ff-fb89-4edf-b7b0-212671fb27cf,1909,111343
Cryptosula pallasiana,41.4300003052,-70.9400024414,5ad6c4ff-fb89-4edf-b7b0-212671fb27cf,1909,111343
Cryptosula pallasiana,40.4500007629,-74.0329971313,e7c86904-aac7-4a17-a895-99a54c430d80,1973,111343
Cryptosula pallasiana,41.4500007629,-70.8300018311,5ad6c4ff-fb89-4edf-b7b0-212671fb27cf,1909,111343
Cryptosula pallasiana,40.483001709,-74.016998291,e7c86904-aac7-4a17-a895-99a54c430d80,1973,111343
Cryptosula pallasiana,41.0328483582,-73.5344772339,4da23d30-af8d-48f3-977a-4e24394e2e8c,2003,111343
Cryptosula pallasiana,41.4900817871,-71.3232269287,4da23d30-af8d-48f3-977a-4e24394e2e8c,2003,111343
Cryptosula pallasiana,41.7446212769,-70.6176986694,4da23d30-af8d-48f3-977a-4e24394e2e8c,2000,111343
Cryptosula pallasiana,40.516998291,-74.0999984741,e7c86904-aac7-4a17-a895-99a54c430d80,1973,111343
Cryptosula pallasiana,41.7446212769,-70.6176986694,4da23d30-af8d-48f3-977a-4e24394e2e8c,2000,111343
Cryptosula pallasiana,41.283000946,-72.1169967651,e7c86904-aac7-4a17-a895-99a54c430d80,1974,111343
Cryptosula pallasiana,40.5670013428,-74.0329971313,e7c86904-aac7-4a17-a895-99a54c430d80,1973,111343
Cryptosula pallasiana,41.5136184692,-71.0769271851,4da23d30-af8d-48f3-977a-4e24394e2e8c,2003,111343
Cryptosula pallasiana,40.516998291,-74.016998291,e7c86904-aac7-4a17-a895-99a54c430d80,1973,111343
Cryptosula pallasiana,40.5,-74.0329971313,e7c86904-aac7-4a17-a895-99a54c430d80,1973,111343
Cryptosula pallasiana,41.5699996948,-70.9000015259,5ad6c4ff-fb89-4edf-b7b0-212671fb27cf,1909,111343
Cryptosula pallasiana,41.5,-70.016998291,e7c86904-aac7-4a17-a895-99a54c430d80,1963,111343
Cryptosula pallasiana,41.5430603027,-70.9122161865,89e23fc8-3f61-4480-9de3-358fe6eefe0b,1871,111343
Cryptosula pallasiana,41.5224685669,-70.6672668457,4da23d30-af8d-48f3-977a-4e24394e2e8c,2003,111343
Cryptosula pallasiana,40.483001709,-74.016998291,e7c86904-aac7-4a17-a895-99a54c430d80,1973,111343
Cryptosula pallasiana,41.2999992371,-72.0670013428,e7c86904-aac7-4a17-a895-99a54c430d80,1974,111343
Cryptosula pallasiana,40.533000946,-74.0670013428,e7c86904-aac7-4a17-a895-99a54c430d80,1973,111343
Cryptosula pallasiana,40.533000946,-74.0670013428,e7c86904-aac7-4a17-a895-99a54c430d80,1973,111343
Cryptosula pallasiana,41.5900001526,-70.8799972534,5ad6c4ff-fb89-4edf-b7b0-212671fb27cf,1909,111343
Cryptosula pallasiana,41.266998291,-72.0830001831,e7c86904-aac7-4a17-a895-99a54c430d80,1974,111343
Cryptosula pallasiana,41.7446212769,-70.6176986694,4da23d30-af8d-48f3-977a-4e24394e2e8c,2000,111343
Cryptosula pallasiana,41.4300003052,-70.9400024414,5ad6c4ff-fb89-4edf-b7b0-212671fb27cf,1909,111343
Cryptosula pallasiana,41.6341209412,-70.9207229614,4da23d30-af8d-48f3-977a-4e24394e2e8c,2000,111343
Cryptosula pallasiana,41.5055007935,-71.3253479004,4da23d30-af8d-48f3-977a-4e24394e2e8c,2000,111343
Cryptosula pallasiana,41.7061195374,-71.1632537842,4da23d30-af8d-48f3-977a-4e24394e2e8c,2000,111343
Cryptosula pallasiana,41.3466796875,-71.967956543,4da23d30-af8d-48f3-977a-4e24394e2e8c,2003,111343
Cryptosula pallasiana,41.6341209412,-70.9207229614,4da23d30-af8d-48f3-977a-4e24394e2e8c,2000,111343
Cryptosula pallasiana,41.5686988831,-71.4484481812,4da23d30-af8d-48f3-977a-4e24394e2e8c,2000,111343
Cryptosula pallasiana,41.1122817993,-72.3581085205,4da23d30-af8d-48f3-977a-4e24394e2e8c,2003,111343
Cryptosula pallasiana,41.5224685669,-70.6672668457,4da23d30-af8d-48f3-977a-4e24394e2e8c,2003,111343
Cryptosula pallasiana,41.5136184692,-71.0769271851,4da23d30-af8d-48f3-977a-4e24394e2e8c,2000,111343
Cryptosula pallasiana,40.9426803589,-72.5702285767,4da23d30-af8d-48f3-977a-4e24394e2e8c,2003,111343
Cryptosula pallasiana,41.283000946,-72.1169967651,e7c86904-aac7-4a17-a895-99a54c430d80,1974,111343
Cryptosula pallasiana,41.5136184692,-71.0769271851,4da23d30-af8d-48f3-977a-4e24394e2e8c,2003,111343
Cryptosula pallasiana,40.466999054,-74.016998291,e7c86904-aac7-4a17-a895-99a54c430d80,1973,111343
Cryptosula pallasiana,41.3466796875,-71.967956543,4da23d30-af8d-48f3-977a-4e24394e2e8c,2003,111343
Cryptosula pallasiana,41.5900001526,-70.8799972534,5ad6c4ff-fb89-4edf-b7b0-212671fb27cf,1909,111343
Cryptosula pallasiana,41.5224685669,-70.6672668457,4da23d30-af8d-48f3-977a-4e24394e2e8c,2000,111343
Cryptosula pallasiana,41.5,-70.016998291,89e23fc8-3f61-4480-9de3-358fe6eefe0b,1963,111343
